doc_id,QUAN,QUPR,AMP,PASS,XX0,JJ,BEMA,CAUS,CONC,COND,CONJ,CONT,DPAR,DWNT,EX,FPP1,GER,RB,PIN,INPR,TO,NEMD,OSUB,PASTP,VBD,PHC,PIRE,PLACE,POMD,PRMD,WZPRES,VPRT,PRIV,PIT,PUBV,SPP2,SMP,SERE,STPR,SUAV,SYNE,TPP3,TIME,NOMZ,BYPA,PRED,TOBJ,TSUB,THVC,NN,DEMP,DEMO,WHQU,EMPH,HDG,WZPAST,THAC,PEAS,ANDC,PRESP,PROD,SPAU,SPIN,THATD,WHOBJ,WHSUB,WHCL,ART,AUXB,CAP,SCONJ,CCONJ,DET,EMOJ,EMOT,EXCL,HASH,INF,UH,NUM,LAUGH,PRP,PREP,NNP,QUES,QUOT,AT,SBJP,URL,WH,INDA,ACCU,PGAS,CMADJ,SPADJ,X,AWL,TTR
19C_AgnesG_nonquotes,10.12962962962963,1.3888888888888888,3.074074074074074,8.25925925925926,7.444444444444445,65.64814814814815,13.555555555555555,0.6481481481481481,1.1666666666666667,2.7777777777777777,23.5,2.074074074074074,0.4444444444444444,2.962962962962963,1.3703703703703705,52.31481481481482,3.5185185185185186,68.61111111111111,139.4814814814815,2.2037037037037037,20.185185185185187,3.074074074074074,1.4259259259259258,0.6851851851851852,66.22222222222223,7.037037037037037,1.0925925925925926,2.7777777777777777,6.055555555555555,5.5,1.1296296296296295,6.685185185185185,17.962962962962962,9.574074074074074,9.314814814814815,1.0,1.2777777777777777,1.3518518518518519,3.5925925925925926,3.611111111111111,2.685185185185185,49.333333333333336,4.092592592592593,17.185185185185187,0.8888888888888888,4.2592592592592595,0.5740740740740741,1.0,2.7777777777777777,124.62962962962963,3.1666666666666665,5.444444444444445,2.6481481481481484,5.703703703703703,0.14814814814814814,0.7777777777777778,0.25925925925925924,8.87037037037037,23.296296296296298,1.3703703703703705,3.111111111111111,8.574074074074074,0.0,5.87037037037037,0.8888888888888888,1.4259259259259258,0.6111111111111112,55.44444444444444,28.796296296296298,59.75925925925926,19.055555555555557,50.648148148148145,76.07407407407408,0.0,0.0,0.9074074074074074,0.0,40.27777777777778,0.7222222222222222,4.925925925925926,0.0,112.64814814814815,139.4814814814815,18.055555555555557,0.8148148148148148,1.8703703703703705,0.0,112.57407407407408,0.0,13.314814814814815,18.88888888888889,22.27777777777778,17.75925925925926,4.796296296296297,2.462962962962963,0.09259259259259259,3.9130988367923596,0.520324074074074
19C_AgnesG_quotes,12.37037037037037,1.7407407407407407,3.4814814814814814,3.925925925925926,17.11111111111111,53.96296296296296,17.14814814814815,0.5555555555555556,0.8518518518518519,6.888888888888889,18.40740740740741,20.59259259259259,0.8148148148148148,3.2962962962962963,1.8518518518518519,53.925925925925924,0.5925925925925926,85.74074074074075,108.62962962962963,3.3703703703703702,19.296296296296298,5.703703703703703,1.0,0.25925925925925924,26.555555555555557,4.703703703703703,0.4074074074074074,1.6666666666666667,9.333333333333334,14.148148148148149,0.5185185185185185,52.03703703703704,25.85185185185185,14.555555555555555,6.777777777777778,33.22222222222222,0.7037037037037037,0.7407407407407407,3.6666666666666665,3.0,3.3333333333333335,40.96296296296296,4.777777777777778,8.37037037037037,0.18518518518518517,5.592592592592593,0.5555555555555556,0.6296296296296297,2.4814814814814814,86.81481481481481,4.444444444444445,5.666666666666667,3.4074074074074074,8.185185185185185,0.4074074074074074,0.4444444444444444,0.25925925925925924,5.407407407407407,21.74074074074074,0.2962962962962963,7.037037037037037,13.777777777777779,0.0,10.925925925925926,1.4074074074074074,1.2592592592592593,1.8888888888888888,37.18518518518518,30.185185185185187,103.85185185185185,22.59259259259259,45.03703703703704,60.629629629629626,0.0,0.0,5.814814814814815,0.0,65.96296296296296,9.62962962962963,3.740740740740741,0.0,143.7037037037037,108.62962962962963,30.22222222222222,2.4074074074074074,11.037037037037036,0.0,143.37037037037038,0.0,15.814814814814815,17.925925925925927,24.555555555555557,9.11111111111111,4.62962962962963,2.814814814814815,1.1111111111111112,3.4826876957432855,0.4842592592592592
19C_alli_nonquotes,11.51063829787234,1.1861702127659575,4.324468085106383,10.446808510638299,9.77127659574468,52.3563829787234,18.22340425531915,0.4574468085106383,1.675531914893617,2.1702127659574466,29.20744680851064,0.8138297872340425,0.35638297872340424,3.2393617021276597,2.2872340425531914,6.1436170212765955,1.6702127659574468,68.16489361702128,152.3031914893617,2.4148936170212765,13.952127659574469,3.75531914893617,1.547872340425532,0.44680851063829785,77.69148936170212,3.0638297872340425,2.356382978723404,2.515957446808511,6.542553191489362,7.542553191489362,0.8191489361702128,9.063829787234043,18.101063829787233,10.212765957446809,16.98404255319149,2.351063829787234,0.8031914893617021,0.5851063829787234,1.6861702127659575,4.276595744680851,2.904255319148936,86.62234042553192,4.73936170212766,11.138297872340425,1.1542553191489362,5.712765957446808,1.7606382978723405,0.4521276595744681,7.5,121.13829787234043,2.74468085106383,11.409574468085106,2.632978723404255,4.75,0.19680851063829788,0.8882978723404256,1.1170212765957446,18.6968085106383,18.70212765957447,1.4095744680851063,3.021276595744681,10.97872340425532,0.0,2.856382978723404,2.356382978723404,2.4680851063829787,0.8457446808510638,59.57446808510638,37.3031914893617,84.68617021276596,25.45744680851064,37.744680851063826,88.55319148936171,0.0,0.0,0.8191489361702128,0.0,36.62765957446808,0.6382978723404256,5.047872340425532,0.0,105.54787234042553,152.3031914893617,51.87234042553192,1.553191489361702,1.1382978723404256,0.0,105.51063829787235,0.0,15.654255319148936,16.430851063829788,21.73936170212766,14.03191489361702,3.893617021276596,1.324468085106383,0.2765957446808511,3.8962996986348055,0.48569148936170214
19C_alli_quotes,13.39047619047619,3.066666666666667,5.3619047619047615,4.552380952380952,24.114285714285714,41.371428571428574,20.895238095238096,1.1523809523809523,0.8857142857142857,6.847619047619047,17.409523809523808,23.447619047619046,0.6857142857142857,2.676190476190476,2.619047619047619,69.21904761904761,0.45714285714285713,93.43809523809524,118.82857142857142,4.9904761904761905,17.685714285714287,7.742857142857143,0.8761904761904762,0.0761904761904762,19.942857142857143,1.7428571428571429,0.41904761904761906,1.9904761904761905,8.161904761904761,18.761904761904763,0.5523809523809524,73.5047619047619,30.857142857142858,19.438095238095237,7.961904761904762,35.819047619047616,0.6190476190476191,0.12380952380952381,2.1809523809523808,3.1333333333333333,1.9523809523809523,38.15238095238095,6.390476190476191,4.095238095238095,0.34285714285714286,6.304761904761905,0.7238095238095238,0.6190476190476191,5.628571428571429,84.18095238095238,5.352380952380952,9.876190476190477,3.019047619047619,8.019047619047619,0.7523809523809524,0.29523809523809524,0.9333333333333333,10.257142857142858,13.428571428571429,0.23809523809523808,8.152380952380952,20.076190476190476,0.0,10.714285714285714,1.5238095238095237,1.3238095238095238,2.2285714285714286,36.53333333333333,38.10476190476191,138.74285714285713,28.142857142857142,29.952380952380953,62.51428571428571,0.0,0.0,2.6476190476190475,0.0,71.05714285714286,10.685714285714285,4.238095238095238,0.0,163.8095238095238,118.82857142857142,35.714285714285715,3.857142857142857,1.4095238095238096,0.0,163.53333333333333,0.0,16.466666666666665,17.428571428571427,23.885714285714286,8.561904761904762,4.142857142857143,1.619047619047619,0.21904761904761905,3.3835221697888365,0.45849999999999996
19C_Antoni_nonquotes,7.8979591836734695,0.1564625850340136,1.129251700680272,8.333333333333334,2.108843537414966,74.34693877551021,7.2312925170068025,0.006802721088435374,0.7551020408163265,1.1224489795918366,29.12925170068027,0.782312925170068,0.6870748299319728,2.0408163265306123,0.8367346938775511,2.4761904761904763,4.272108843537415,52.48299319727891,159.95238095238096,0.7142857142857143,10.687074829931973,0.5510204081632653,1.435374149659864,2.54421768707483,66.92517006802721,9.653061224489797,1.7210884353741496,3.687074829931973,2.2244897959183674,1.4625850340136055,1.380952380952381,5.6938775510204085,9.843537414965986,9.829931972789115,3.4489795918367347,0.30612244897959184,1.836734693877551,1.530612244897959,1.4965986394557824,3.2653061224489797,2.251700680272109,65.20408163265306,7.244897959183674,27.476190476190474,1.2244897959183674,2.1904761904761907,1.4217687074829932,2.442176870748299,1.5578231292517006,162.9795918367347,1.272108843537415,5.163265306122449,1.7619047619047619,3.5510204081632653,0.06802721088435375,2.619047619047619,0.22448979591836735,10.782312925170068,13.251700680272108,1.4285714285714286,0.3197278911564626,5.01360544217687,0.0,1.0204081632653061,3.204081632653061,4.802721088435374,0.17687074829931973,98.63945578231292,19.292517006802722,45.476190476190474,11.693877551020408,35.965986394557824,119.85714285714286,0.0,0.0,1.1972789115646258,0.0,17.163265306122447,0.10884353741496598,3.129251700680272,0.0,77.8843537414966,159.95238095238096,18.231292517006803,0.22448979591836735,0.8163265306122449,0.0,77.84353741496598,0.0,16.918367346938776,15.959183673469388,13.639455782312925,16.46938775510204,3.578231292517007,2.163265306122449,0.034013605442176874,4.31782513908671,0.533248299319728
19C_Antoni_quotes,5.651162790697675,0.20930232558139536,0.6511627906976745,9.162790697674419,5.883720930232558,43.81395348837209,16.441860465116278,0.3488372093023256,0.7209302325581395,2.7209302325581395,21.0,0.9069767441860465,0.4883720930232558,0.9767441860465116,1.3255813953488371,68.32558139534883,1.5116279069767442,47.651162790697676,141.37209302325581,1.5348837209302326,13.348837209302326,4.0,1.744186046511628,0.9767441860465116,31.372093023255815,5.162790697674419,0.9302325581395349,2.558139534883721,4.674418604651163,12.674418604651162,0.3953488372093023,46.093023255813954,16.767441860465116,8.744186046511627,3.5348837209302326,27.976744186046513,0.4418604651162791,0.46511627906976744,2.372093023255814,3.5348837209302326,2.627906976744186,32.83720930232558,5.627906976744186,14.418604651162791,0.9302325581395349,6.441860465116279,2.627906976744186,1.9767441860465116,4.372093023255814,137.0,2.4651162790697674,8.0,3.0,4.093023255813954,0.0,1.186046511627907,0.5348837209302325,13.372093023255815,12.930232558139535,0.37209302325581395,1.1627906976744187,6.046511627906977,0.0,2.5813953488372094,4.5813953488372094,4.0,0.4883720930232558,68.13953488372093,31.86046511627907,88.5813953488372,21.72093023255814,30.813953488372093,86.79069767441861,0.0,0.0,19.46511627906977,0.0,48.83720930232558,2.395348837209302,2.511627906976744,0.13953488372093023,138.0,141.37209302325581,22.325581395348838,3.441860465116279,1.3255813953488371,0.0,137.69767441860466,0.0,21.930232558139537,12.930232558139535,26.325581395348838,7.488372093023256,3.0232558139534884,1.7209302325581395,0.0,3.8144467473355883,0.49331395348837215
19C_arma_nonquotes,6.457894736842105,1.1473684210526316,1.2421052631578948,5.894736842105263,3.4210526315789473,56.39473684210526,10.963157894736842,0.09473684210526316,0.23157894736842105,2.373684210526316,26.36315789473684,4.421052631578948,0.34210526315789475,1.4157894736842105,1.6210526315789473,19.742105263157896,2.668421052631579,54.22631578947368,146.1578947368421,2.1894736842105265,13.373684210526315,0.9894736842105263,1.2578947368421052,1.1736842105263159,72.45263157894736,4.315789473684211,1.3894736842105264,3.0631578947368423,3.9789473684210526,2.9157894736842107,1.4263157894736842,13.178947368421053,16.00526315789474,8.98421052631579,11.442105263157895,2.863157894736842,0.8526315789473684,1.0052631578947369,3.0105263157894737,3.873684210526316,1.9789473684210526,62.310526315789474,6.163157894736842,15.926315789473684,0.7,3.0736842105263156,1.1105263157894736,1.4578947368421054,1.936842105263158,146.07894736842104,1.2842105263157895,5.78421052631579,2.526315789473684,4.257894736842105,0.12105263157894737,1.4842105263157894,0.3,13.93157894736842,16.1,1.7421052631578948,1.2052631578947368,5.205263157894737,0.0,2.5631578947368423,2.9105263157894736,3.6210526315789475,0.8315789473684211,86.79473684210527,23.321052631578947,82.64736842105263,12.552631578947368,28.721052631578946,106.82631578947368,0.0,0.0,1.8631578947368421,0.0,24.973684210526315,0.7421052631578947,5.526315789473684,0.0,94.44736842105263,146.1578947368421,38.18421052631579,2.0157894736842104,7.121052631578947,0.0,94.38421052631578,0.0,16.07894736842105,17.8,19.821052631578947,17.757894736842104,4.826315789473684,1.6421052631578947,0.23684210526315788,3.950396860017913,0.4927894736842105
19C_arma_quotes,7.84375,2.05625,1.9875,5.44375,9.7,48.9,15.86875,0.2,0.325,5.38125,23.0125,15.70625,0.44375,2.4875,2.14375,63.81875,1.64375,60.45,135.20625,3.66875,18.0375,2.66875,1.33125,0.425,34.14375,2.75625,0.86875,2.2125,6.7625,7.975,0.9,47.8375,21.925,12.1125,9.53125,27.3625,0.73125,0.7125,4.0625,4.44375,2.1625,30.93125,5.79375,12.01875,0.5125,4.0625,0.8625,0.90625,3.35625,119.625,2.725,8.18125,3.3125,4.91875,0.25625,0.76875,0.375,12.73125,14.74375,0.51875,3.76875,9.43125,0.0,5.33125,2.58125,2.70625,1.66875,59.06875,30.46875,108.29375,20.3,26.45,82.63125,0.0,0.0,4.39375,0.0,51.16875,3.00625,5.35,0.0375,135.9375,135.20625,31.34375,3.86875,11.05,0.0,135.56875,0.0,18.425,16.79375,25.1875,12.9375,3.85625,1.96875,0.24375,3.6006493180680677,0.4877656249999999
19C_basker_nonquotes,9.0,1.4827586206896552,2.4482758620689653,6.827586206896552,3.5517241379310347,68.03448275862068,15.379310344827585,0.1724137931034483,0.20689655172413793,2.0689655172413794,23.137931034482758,0.27586206896551724,0.3448275862068966,1.793103448275862,2.896551724137931,43.51724137931034,1.4137931034482758,54.793103448275865,145.6206896551724,2.310344827586207,9.068965517241379,2.2413793103448274,1.5172413793103448,0.6896551724137931,80.75862068965517,5.9655172413793105,2.1379310344827585,5.586206896551724,5.448275862068965,2.793103448275862,1.6551724137931034,12.931034482758621,15.206896551724139,13.068965517241379,10.344827586206897,2.586206896551724,1.4137931034482758,1.0344827586206897,1.4827586206896552,2.6551724137931036,1.6551724137931034,42.241379310344826,4.655172413793103,12.03448275862069,1.1379310344827587,4.689655172413793,1.3793103448275863,0.0,3.7241379310344827,147.89655172413794,2.0344827586206895,8.827586206896552,1.7586206896551724,4.862068965517241,0.06896551724137931,1.6896551724137931,1.1724137931034482,13.551724137931034,13.068965517241379,1.0344827586206897,1.1724137931034482,5.827586206896552,0.0,4.517241379310345,3.1724137931034484,4.206896551724138,0.5862068965517241,84.75862068965517,30.96551724137931,80.27586206896552,23.75862068965517,37.48275862068966,111.75862068965517,0.0,0.0,0.27586206896551724,0.0,22.310344827586206,0.20689655172413793,5.344827586206897,0.0,101.62068965517241,145.6206896551724,28.517241379310345,0.8275862068965517,0.8620689655172413,0.0,101.58620689655173,0.0,17.310344827586206,23.724137931034484,15.0,13.724137931034482,3.793103448275862,1.6551724137931034,0.10344827586206896,3.9462806527191012,0.5318965517241379
19C_basker_quotes,10.31578947368421,2.3421052631578947,4.184210526315789,5.315789473684211,9.868421052631579,50.23684210526316,24.026315789473685,0.631578947368421,0.631578947368421,4.157894736842105,18.894736842105264,4.921052631578948,0.9210526315789473,2.289473684210526,4.0,50.973684210526315,1.263157894736842,66.52631578947368,130.18421052631578,3.8157894736842106,14.026315789473685,4.342105263157895,1.5526315789473684,0.21052631578947367,37.13157894736842,2.210526315789474,1.2105263157894737,2.5789473684210527,9.631578947368421,9.289473684210526,0.7631578947368421,52.921052631578945,25.342105263157894,18.289473684210527,7.2631578947368425,25.236842105263158,1.263157894736842,0.5,1.631578947368421,3.3421052631578947,3.1578947368421053,34.71052631578947,5.447368421052632,9.68421052631579,0.6052631578947368,6.184210526315789,2.0789473684210527,0.39473684210526316,8.131578947368421,120.3157894736842,4.447368421052632,13.026315789473685,3.8157894736842106,5.447368421052632,0.10526315789473684,0.6052631578947368,1.105263157894737,13.157894736842104,12.105263157894736,0.2894736842105263,4.868421052631579,9.394736842105264,0.0,5.131578947368421,3.3421052631578947,3.473684210526316,1.0,62.28947368421053,42.21052631578947,121.52631578947368,31.105263157894736,28.94736842105263,92.42105263157895,0.0,0.0,2.289473684210526,0.0,48.39473684210526,6.342105263157895,6.5,0.0,129.94736842105263,130.18421052631578,39.31578947368421,2.473684210526316,2.1842105263157894,0.0,129.78947368421052,0.0,21.157894736842106,21.526315789473685,17.57894736842105,9.447368421052632,3.6842105263157894,1.894736842105263,0.05263157894736842,3.7140444947586673,0.505855263157895
19C_cran_nonquotes,12.852459016393443,1.4426229508196722,3.7540983606557377,8.278688524590164,6.852459016393443,59.622950819672134,15.852459016393443,0.5573770491803278,1.1475409836065573,4.0,27.557377049180328,1.1475409836065573,0.3442622950819672,3.0655737704918034,1.2622950819672132,31.81967213114754,1.7540983606557377,65.68852459016394,147.47540983606558,2.0163934426229506,15.98360655737705,2.262295081967213,1.4754098360655739,0.9344262295081968,80.44262295081967,6.442622950819672,2.098360655737705,2.098360655737705,5.639344262295082,3.737704918032787,1.0491803278688525,6.688524590163935,18.983606557377048,9.39344262295082,9.704918032786885,0.5409836065573771,1.1147540983606556,1.8524590163934427,4.049180327868853,4.704918032786885,1.2459016393442623,53.65573770491803,4.081967213114754,11.62295081967213,0.8852459016393442,4.655737704918033,1.180327868852459,0.7540983606557377,3.8524590163934427,123.70491803278688,1.9836065573770492,6.19672131147541,3.262295081967213,5.426229508196721,0.39344262295081966,1.2950819672131149,0.6065573770491803,13.327868852459016,20.442622950819672,0.9180327868852459,2.180327868852459,8.573770491803279,0.01639344262295082,4.885245901639344,2.0491803278688523,2.0491803278688523,1.2131147540983607,61.295081967213115,32.19672131147541,91.73770491803279,22.0,41.60655737704918,84.60655737704919,0.0,0.0,0.9672131147540983,0.0,32.34426229508197,0.47540983606557374,5.590163934426229,0.0,95.85245901639344,147.47540983606558,56.98360655737705,0.7377049180327869,2.3114754098360657,0.0,95.68852459016394,0.0,18.24590163934426,20.491803278688526,15.737704918032787,14.62295081967213,3.081967213114754,1.6721311475409837,0.14754098360655737,3.8823029097827417,0.5160245901639343
19C_cran_quotes,10.954545454545455,1.8181818181818181,5.0,5.0,13.545454545454545,50.36363636363637,17.545454545454547,0.36363636363636365,0.8181818181818182,4.818181818181818,18.363636363636363,14.363636363636363,1.0,2.8636363636363638,1.6818181818181819,60.45454545454545,0.4090909090909091,75.5,109.13636363636364,2.409090909090909,15.727272727272727,4.090909090909091,0.9545454545454546,0.2727272727272727,47.18181818181818,4.090909090909091,0.4090909090909091,1.8636363636363635,7.0,9.909090909090908,1.1818181818181819,42.86363636363637,26.818181818181817,14.318181818181818,5.954545454545454,14.545454545454545,0.9090909090909091,0.7272727272727273,4.909090909090909,3.090909090909091,2.1363636363636362,38.77272727272727,4.5,4.818181818181818,0.3181818181818182,4.590909090909091,0.5454545454545454,0.5909090909090909,2.272727272727273,104.45454545454545,2.090909090909091,6.363636363636363,2.9545454545454546,7.090909090909091,0.45454545454545453,0.6363636363636364,0.22727272727272727,10.545454545454545,21.772727272727273,0.7727272727272727,3.772727272727273,11.409090909090908,0.045454545454545456,8.136363636363637,1.7272727272727273,1.5454545454545454,2.1363636363636362,40.59090909090909,33.54545454545455,111.22727272727273,20.5,40.86363636363637,60.77272727272727,0.0,0.0,7.181818181818182,0.0,49.54545454545455,7.5,5.2272727272727275,0.0,128.72727272727272,109.13636363636364,45.72727272727273,2.227272727272727,6.954545454545454,0.0,128.63636363636363,0.0,16.772727272727273,17.727272727272727,18.772727272727273,11.727272727272727,3.4545454545454546,1.0454545454545454,0.18181818181818182,3.4863409864321384,0.4864772727272728
19C_Deronda_nonquotes,9.927350427350428,1.670940170940171,1.7179487179487178,8.0,7.1752136752136755,68.84615384615384,15.696581196581196,0.405982905982906,0.5,2.5256410256410255,27.47008547008547,0.3034188034188034,0.20085470085470086,2.482905982905983,1.8888888888888888,2.9914529914529915,3.111111111111111,58.294871794871796,158.03418803418805,2.4615384615384617,15.824786324786325,2.072649572649573,2.1880341880341883,0.7264957264957265,71.31623931623932,5.282051282051282,1.858974358974359,2.7264957264957266,5.735042735042735,4.4743589743589745,1.893162393162393,8.021367521367521,19.76923076923077,8.893162393162394,13.239316239316238,0.8717948717948718,2.1367521367521367,1.452991452991453,1.8247863247863247,3.8974358974358974,2.2564102564102564,71.58119658119658,4.260683760683761,23.60683760683761,1.2008547008547008,4.722222222222222,2.08974358974359,1.4401709401709402,3.769230769230769,137.14957264957266,1.7094017094017093,9.021367521367521,3.2051282051282053,5.153846153846154,0.8888888888888888,1.2222222222222223,0.7393162393162394,13.88034188034188,14.042735042735043,1.6752136752136753,1.235042735042735,7.760683760683761,0.004273504273504274,2.034188034188034,2.91025641025641,5.017094017094017,0.7478632478632479,68.2948717948718,32.20940170940171,63.05555555555556,18.858974358974358,34.52136752136752,95.57264957264957,0.0,0.0,0.21367521367521367,0.0,32.02991452991453,0.3547008547008547,3.4188034188034186,0.0,84.77777777777777,158.03418803418805,38.452991452991455,1.3205128205128205,0.9914529914529915,0.0,84.6880341880342,0.0,20.542735042735043,26.22222222222222,18.743589743589745,22.666666666666668,5.756410256410256,1.9914529914529915,0.0641025641025641,4.2031623093287,0.5342094017094017
19C_Deronda_quotes,10.739495798319327,4.025210084033613,2.453781512605042,6.932773109243698,15.563025210084033,51.26890756302521,25.470588235294116,1.1932773109243697,0.5882352941176471,4.882352941176471,18.210084033613445,8.092436974789916,0.4117647058823529,2.26890756302521,2.9411764705882355,68.02521008403362,1.0672268907563025,68.0672268907563,124.96638655462185,5.983193277310924,18.789915966386555,6.3277310924369745,1.3109243697478992,0.15966386554621848,30.756302521008404,4.226890756302521,0.3277310924369748,2.26890756302521,8.663865546218487,14.621848739495798,0.9915966386554622,59.529411764705884,26.638655462184875,16.210084033613445,6.680672268907563,31.142857142857142,1.0420168067226891,0.5294117647058824,3.2857142857142856,3.3781512605042017,2.596638655462185,29.613445378151262,4.80672268907563,9.042016806722689,0.37815126050420167,7.73109243697479,1.0,1.134453781512605,3.4705882352941178,107.15966386554622,4.277310924369748,7.378151260504202,3.630252100840336,5.487394957983193,0.7058823529411765,0.4957983193277311,0.7899159663865546,11.436974789915967,12.789915966386555,0.29411764705882354,4.831932773109243,13.663865546218487,0.0,7.949579831932773,1.9327731092436975,2.857142857142857,1.5210084033613445,48.50420168067227,44.66386554621849,115.57142857142857,22.100840336134453,32.134453781512605,71.78151260504201,0.0,0.0,1.3361344537815125,0.0,63.96638655462185,6.7899159663865545,3.823529411764706,0.008403361344537815,146.61344537815125,124.96638655462185,27.218487394957982,2.764705882352941,2.033613445378151,0.0,146.3613445378151,0.0,18.865546218487395,20.57983193277311,24.008403361344538,11.84873949579832,5.4789915966386555,1.949579831932773,0.29411764705882354,3.6112372965461406,0.49392857142857144
19C_dorian_nonquotes,8.41304347826087,1.9130434782608696,1.565217391304348,6.391304347826087,3.217391304347826,66.17391304347827,13.521739130434783,0.13043478260869565,0.5217391304347826,1.4565217391304348,23.0,0.17391304347826086,0.10869565217391304,2.0434782608695654,3.0217391304347827,2.282608695652174,1.1956521739130435,46.93478260869565,138.8913043478261,2.4347826086956523,10.565217391304348,0.6521739130434783,0.5652173913043478,1.0869565217391304,95.8695652173913,5.586956521739131,1.5869565217391304,3.891304347826087,3.108695652173913,3.5869565217391304,1.6304347826086956,5.478260869565218,13.673913043478262,13.695652173913043,7.760869565217392,0.30434782608695654,2.630434782608696,0.2608695652173913,2.347826086956522,2.5,1.5434782608695652,76.80434782608695,2.9347826086956523,11.673913043478262,0.8913043478260869,3.9782608695652173,2.0217391304347827,3.9130434782608696,2.239130434782609,152.1086956521739,3.152173913043478,4.326086956521739,2.8043478260869565,3.5869565217391304,0.15217391304347827,1.7826086956521738,0.6086956521739131,13.76086956521739,15.304347826086957,2.130434782608696,1.2173913043478262,4.804347826086956,0.0,1.5434782608695652,2.217391304347826,4.913043478260869,0.5,77.84782608695652,29.82608695652174,83.21739130434783,13.891304347826088,38.17391304347826,93.5,0.0,0.0,1.6521739130434783,0.0,21.369565217391305,0.9782608695652174,5.217391304347826,0.0,93.78260869565217,138.8913043478261,37.5,2.630434782608696,0.6086956521739131,0.0,93.76086956521739,0.0,18.58695652173913,22.847826086956523,18.47826086956522,17.391304347826086,2.630434782608696,1.0,0.13043478260869565,3.9554051202561658,0.5244565217391304
19C_dorian_quotes,11.666666666666666,4.333333333333333,3.8666666666666667,4.688888888888889,17.155555555555555,57.75555555555555,29.288888888888888,0.7333333333333333,0.37777777777777777,3.5555555555555554,16.755555555555556,9.911111111111111,0.6888888888888889,2.9555555555555557,2.6222222222222222,62.977777777777774,0.5555555555555556,78.68888888888888,110.97777777777777,6.177777777777778,14.666666666666666,5.533333333333333,0.7555555555555555,0.17777777777777778,28.42222222222222,1.9555555555555555,0.6888888888888889,2.311111111111111,4.777777777777778,9.533333333333333,0.6444444444444445,76.24444444444444,23.466666666666665,19.044444444444444,6.044444444444444,37.266666666666666,1.1777777777777778,0.24444444444444444,3.4444444444444446,3.1777777777777776,2.1333333333333333,29.844444444444445,5.222222222222222,7.822222222222222,0.2222222222222222,9.066666666666666,1.3111111111111111,1.4,3.422222222222222,102.62222222222222,4.844444444444444,7.533333333333333,3.911111111111111,7.133333333333334,0.4888888888888889,0.37777777777777777,0.5333333333333333,11.466666666666667,10.4,0.13333333333333333,4.666666666666667,15.866666666666667,0.022222222222222223,7.977777777777778,2.1777777777777776,2.888888888888889,1.9111111111111112,45.2,49.111111111111114,137.73333333333332,20.4,24.822222222222223,66.71111111111111,0.0,0.0,4.666666666666667,0.0,54.71111111111111,5.733333333333333,6.133333333333334,0.0,151.4,110.97777777777777,32.91111111111111,4.333333333333333,0.5111111111111111,0.0,151.26666666666668,0.0,21.22222222222222,18.488888888888887,24.488888888888887,8.4,3.8444444444444446,2.511111111111111,0.1111111111111111,3.5604562785007228,0.47727777777777775
19C_dracula_nonquotes,12.40650406504065,1.7154471544715446,1.975609756097561,5.902439024390244,6.951219512195122,54.38211382113821,16.195121951219512,0.11382113821138211,1.4308943089430894,2.8536585365853657,24.463414634146343,1.3252032520325203,0.34146341463414637,2.6422764227642275,3.3252032520325203,52.58536585365854,1.1544715447154472,66.8130081300813,142.79674796747966,2.4390243902439024,13.804878048780488,2.7886178861788617,2.0569105691056913,0.5934959349593496,75.29268292682927,5.260162601626016,0.8861788617886179,4.260162601626016,7.373983739837398,4.666666666666667,1.886178861788618,23.56910569105691,20.926829268292682,11.991869918699187,8.479674796747968,1.5853658536585367,2.845528455284553,1.2439024390243902,3.186991869918699,3.5447154471544717,1.7886178861788617,47.86991869918699,6.813008130081301,8.634146341463415,0.6422764227642277,5.528455284552845,1.2195121951219512,0.6747967479674797,3.821138211382114,128.20325203252034,1.967479674796748,6.642276422764228,2.2845528455284554,5.3983739837398375,0.6422764227642277,0.943089430894309,0.8617886178861789,9.504065040650406,19.86178861788618,0.8292682926829268,2.317073170731707,7.308943089430894,0.04878048780487805,4.650406504065041,2.4634146341463414,2.130081300813008,0.8780487804878049,67.69918699186992,32.28455284552845,96.5040650406504,22.333333333333332,41.91056910569106,90.3170731707317,0.0,0.0,1.4715447154471544,0.0,34.390243902439025,0.991869918699187,5.7560975609756095,0.0,114.39024390243902,142.79674796747966,32.63414634146341,0.6178861788617886,1.6747967479674797,0.0,114.27642276422765,0.0,15.674796747967479,19.382113821138212,21.723577235772357,15.373983739837398,3.5772357723577235,1.1544715447154472,0.13821138211382114,3.6847938426231113,0.5005487804878048
19C_dracula_quotes,14.903225806451612,1.5161290322580645,1.6935483870967742,4.806451612903226,14.112903225806452,50.306451612903224,21.080645161290324,0.6612903225806451,0.967741935483871,4.919354838709677,20.032258064516128,11.935483870967742,0.9354838709677419,2.096774193548387,3.870967741935484,58.91935483870968,0.46774193548387094,73.33870967741936,122.98387096774194,2.6774193548387095,14.774193548387096,4.903225806451613,1.8548387096774193,0.25806451612903225,24.870967741935484,4.193548387096774,0.4838709677419355,2.3548387096774195,10.129032258064516,12.35483870967742,0.7096774193548387,58.96774193548387,21.919354838709676,13.53225806451613,4.758064516129032,24.741935483870968,0.7903225806451613,0.5967741935483871,3.193548387096774,2.629032258064516,2.725806451612903,36.96774193548387,7.516129032258065,5.193548387096774,0.46774193548387094,7.112903225806452,1.467741935483871,1.3709677419354838,3.9193548387096775,112.62903225806451,4.403225806451613,11.306451612903226,3.532258064516129,7.387096774193548,0.3225806451612903,0.3709677419354839,0.7580645161290323,8.03225806451613,18.35483870967742,0.14516129032258066,5.048387096774194,10.14516129032258,0.04838709677419355,4.790322580645161,2.596774193548387,2.8225806451612905,1.4193548387096775,45.5,38.096774193548384,103.6774193548387,27.419354838709676,38.903225806451616,73.38709677419355,0.0,0.0,4.693548387096774,0.0,60.33870967741935,5.596774193548387,4.145161290322581,0.06451612903225806,135.20967741935485,122.98387096774194,27.870967741935484,2.903225806451613,9.306451612903226,0.0,134.82258064516128,0.0,21.177419354838708,14.548387096774194,24.14516129032258,6.338709677419355,4.209677419354839,1.7096774193548387,0.06451612903225806,3.408681558841404,0.47576612903225807
19C_emma_nonquotes,16.096774193548388,0.7204301075268817,6.881720430107527,11.172043010752688,8.591397849462366,62.645161290322584,19.774193548387096,0.13978494623655913,1.2795698924731183,1.4731182795698925,23.623655913978496,0.20430107526881722,0.25806451612903225,3.5053763440860215,2.075268817204301,1.2473118279569892,2.870967741935484,74.89247311827957,136.50537634408602,2.2795698924731185,18.838709677419356,4.129032258064516,1.3655913978494623,0.6666666666666666,72.02150537634408,5.881720430107527,0.7096774193548387,1.913978494623656,8.623655913978494,4.258064516129032,1.010752688172043,2.5376344086021505,19.49462365591398,12.666666666666666,10.913978494623656,0.6129032258064516,2.010752688172043,1.6559139784946237,3.129032258064516,4.043010752688172,2.989247311827957,72.09677419354838,5.526881720430108,20.150537634408604,1.2258064516129032,5.580645161290323,0.5268817204301075,0.3655913978494624,3.6451612903225805,106.91397849462365,1.903225806451613,5.333333333333333,2.913978494623656,8.376344086021506,0.3870967741935484,0.8279569892473119,0.4838709677419355,13.236559139784946,21.763440860215052,1.096774193548387,2.139784946236559,11.483870967741936,0.0,4.591397849462366,1.4193548387096775,1.5161290322580645,0.9354838709677419,54.38709677419355,40.903225806451616,80.25806451612904,15.86021505376344,42.225806451612904,80.98924731182795,0.0,0.0,1.6666666666666667,0.0,39.72043010752688,0.5913978494623656,3.989247311827957,0.0,86.97849462365592,136.50537634408602,53.69892473118279,0.7311827956989247,0.5483870967741935,0.0,86.89247311827957,0.0,13.795698924731182,19.548387096774192,18.268817204301076,18.107526881720432,5.537634408602151,3.3978494623655915,0.043010752688172046,4.00685772825667,0.49787634408602144
19C_emma_quotes,15.53125,0.65625,9.520833333333334,6.552083333333333,15.75,57.489583333333336,25.34375,0.4166666666666667,0.6145833333333334,3.7291666666666665,18.302083333333332,1.1875,0.8541666666666666,2.6458333333333335,2.53125,53.239583333333336,1.34375,88.70833333333333,112.25,2.8958333333333335,16.479166666666668,6.802083333333333,1.2291666666666667,0.15625,24.65625,3.4479166666666665,0.28125,1.6875,10.510416666666666,12.541666666666666,0.46875,53.916666666666664,27.864583333333332,15.5,7.489583333333333,24.6875,1.1770833333333333,0.8125,3.5520833333333335,3.5520833333333335,2.7916666666666665,37.802083333333336,4.145833333333333,11.28125,0.46875,7.416666666666667,0.8229166666666666,0.40625,3.3541666666666665,90.85416666666667,3.125,6.010416666666667,3.65625,9.583333333333334,0.5416666666666666,0.375,0.6770833333333334,10.375,14.625,0.40625,4.84375,15.427083333333334,0.0,8.0625,1.3125,1.15625,1.6458333333333333,38.885416666666664,45.395833333333336,114.85416666666667,19.989583333333332,31.791666666666668,65.54166666666667,0.0,0.0,7.739583333333333,0.0,57.760416666666664,7.041666666666667,5.083333333333333,0.0,132.92708333333334,112.25,40.458333333333336,3.2395833333333335,1.0208333333333333,0.0,132.71875,0.0,14.572916666666666,18.458333333333332,20.885416666666668,11.020833333333334,5.135416666666667,3.0625,0.07291666666666667,3.598803646696228,0.4790364583333333
19C_frank_nonquotes,9.076923076923077,0.4807692307692308,1.4230769230769231,10.365384615384615,5.519230769230769,59.73076923076923,13.653846153846153,0.09615384615384616,0.6153846153846154,2.0,22.423076923076923,0.11538461538461539,0.2692307692307692,3.173076923076923,0.7307692307692307,72.11538461538461,2.9423076923076925,53.48076923076923,139.57692307692307,1.0192307692307692,14.153846153846153,2.6346153846153846,1.4038461538461537,1.25,76.03846153846153,9.365384615384615,2.0961538461538463,3.3461538461538463,5.903846153846154,3.9615384615384617,1.1153846153846154,13.48076923076923,18.076923076923077,8.23076923076923,6.153846153846154,2.75,1.5769230769230769,1.6153846153846154,1.2692307692307692,4.211538461538462,1.6538461538461537,31.057692307692307,4.115384615384615,21.596153846153847,2.1153846153846154,4.826923076923077,1.1153846153846154,2.1346153846153846,3.3076923076923075,149.19230769230768,2.2884615384615383,9.26923076923077,2.9615384615384617,4.8076923076923075,0.23076923076923078,1.4038461538461537,0.4423076923076923,11.673076923076923,14.096153846153847,0.8076923076923077,1.0192307692307692,8.096153846153847,0.0,2.6153846153846154,3.8653846153846154,4.076923076923077,0.5,72.53846153846153,28.384615384615383,73.88461538461539,17.942307692307693,46.19230769230769,98.40384615384616,0.0,0.0,1.4230769230769231,0.0,31.423076923076923,0.7884615384615384,3.6538461538461537,0.0,114.51923076923077,139.57692307692307,13.51923076923077,1.5769230769230769,0.40384615384615385,0.0,114.3076923076923,0.0,20.903846153846153,20.173076923076923,19.076923076923077,11.211538461538462,3.5,2.5,0.15384615384615385,4.095724762933394,0.5318750000000001
19C_frank_quotes,9.382352941176471,0.5294117647058824,2.323529411764706,9.088235294117647,7.911764705882353,60.1764705882353,17.0,0.35294117647058826,0.6176470588235294,2.7941176470588234,19.235294117647058,3.5,0.23529411764705882,2.588235294117647,0.5294117647058824,65.94117647058823,2.2941176470588234,55.029411764705884,125.0,1.411764705882353,13.088235294117647,2.735294117647059,1.411764705882353,1.0294117647058822,55.411764705882355,9.470588235294118,2.1176470588235294,2.2058823529411766,6.852941176470588,8.029411764705882,0.5882352941176471,30.647058823529413,20.029411764705884,7.764705882352941,4.617647058823529,22.235294117647058,1.411764705882353,1.1470588235294117,0.9117647058823529,4.029411764705882,1.6764705882352942,28.352941176470587,4.617647058823529,18.11764705882353,1.5294117647058822,7.323529411764706,1.5588235294117647,1.6764705882352942,4.176470588235294,133.85294117647058,3.176470588235294,9.764705882352942,3.7058823529411766,4.764705882352941,0.14705882352941177,1.0,0.4411764705882353,9.941176470588236,14.588235294117647,0.4117647058823529,1.411764705882353,9.852941176470589,0.0,2.411764705882353,3.7941176470588234,3.2941176470588234,0.8529411764705882,59.5,31.235294117647058,82.08823529411765,20.5,46.294117647058826,85.70588235294117,0.0,0.0,4.0,0.0,41.794117647058826,1.6176470588235294,3.735294117647059,0.0,124.58823529411765,125.0,15.235294117647058,3.088235294117647,8.764705882352942,0.0,124.41176470588235,0.0,21.735294117647058,16.264705882352942,19.11764705882353,7.5588235294117645,3.764705882352941,2.235294117647059,0.11764705882352941,3.9348828551897164,0.51
19C_jane_nonquotes,7.801587301587301,0.9206349206349206,1.9523809523809523,6.833333333333333,5.888888888888889,60.17460317460318,12.928571428571429,0.5079365079365079,0.6666666666666666,1.6031746031746033,22.714285714285715,0.48412698412698413,0.5396825396825397,2.7777777777777777,1.3888888888888888,54.595238095238095,2.4285714285714284,62.05555555555556,124.83333333333333,1.6825396825396826,12.80952380952381,1.6428571428571428,1.2142857142857142,1.6507936507936507,88.61904761904762,7.833333333333333,1.2619047619047619,3.634920634920635,4.134920634920635,3.2698412698412698,1.4682539682539681,7.976190476190476,17.357142857142858,11.65079365079365,8.5,1.3571428571428572,2.2063492063492065,1.119047619047619,3.1587301587301586,4.0,2.2777777777777777,45.523809523809526,6.444444444444445,14.198412698412698,0.6349206349206349,4.523809523809524,0.3888888888888889,0.5396825396825397,1.746031746031746,141.25396825396825,1.6111111111111112,6.579365079365079,2.0952380952380953,4.095238095238095,0.30158730158730157,1.6507936507936507,0.19047619047619047,9.666666666666666,17.674603174603174,1.3650793650793651,1.5,6.492063492063492,0.0,5.142857142857143,1.0634920634920635,1.3888888888888888,0.6984126984126984,66.84920634920636,26.841269841269842,78.26190476190476,13.23015873015873,42.65079365079365,87.10317460317461,0.0,0.0,1.2222222222222223,0.0,26.46031746031746,0.7777777777777778,5.0476190476190474,0.0,113.61904761904762,124.83333333333333,25.055555555555557,1.0873015873015872,1.3253968253968254,0.0,113.4047619047619,0.0,12.896825396825397,23.841269841269842,19.41269841269841,15.523809523809524,3.6587301587301586,1.4365079365079365,0.10317460317460317,3.840426829794454,0.5315277777777778
19C_jane_quotes,8.652173913043478,1.2934782608695652,2.5543478260869565,6.336956521739131,12.315217391304348,54.27173913043478,21.07608695652174,0.9347826086956522,0.5760869565217391,3.717391304347826,18.391304347826086,5.826086956521739,0.717391304347826,2.3043478260869565,1.6956521739130435,57.641304347826086,1.2608695652173914,69.34782608695652,111.58695652173913,2.739130434782609,15.076086956521738,4.5978260869565215,1.391304347826087,0.4673913043478261,29.57608695652174,5.782608695652174,0.8586956521739131,2.25,7.010869565217392,12.695652173913043,0.7934782608695652,56.56521739130435,20.956521739130434,13.641304347826088,5.9021739130434785,38.91304347826087,0.7065217391304348,0.5543478260869565,3.391304347826087,3.282608695652174,2.9565217391304346,28.72826086956522,5.728260869565218,10.804347826086957,0.5108695652173914,7.228260869565218,0.3695652173913043,0.532608695652174,2.032608695652174,115.8913043478261,2.6739130434782608,6.989130434782608,3.7717391304347827,5.184782608695652,0.3695652173913043,0.8043478260869565,0.358695652173913,7.717391304347826,15.826086956521738,0.3695652173913043,4.380434782608695,9.891304347826088,0.0,6.619565217391305,1.3695652173913044,1.576086956521739,0.782608695652174,47.44565217391305,38.619565217391305,112.31521739130434,17.83695652173913,37.46739130434783,68.97826086956522,0.0,0.0,4.869565217391305,0.0,56.641304347826086,6.782608695652174,5.043478260869565,0.0,139.93478260869566,111.58695652173913,35.141304347826086,4.543478260869565,2.9239130434782608,0.0,139.67391304347825,0.0,16.66304347826087,21.902173913043477,20.641304347826086,8.054347826086957,3.7934782608695654,1.608695652173913,0.32608695652173914,3.5950309548679114,0.5110597826086956
19C_Jekyll_nonquotes,7.904761904761905,0.7619047619047619,2.0476190476190474,8.857142857142858,3.380952380952381,60.80952380952381,14.095238095238095,0.2857142857142857,0.9047619047619048,1.2380952380952381,24.952380952380953,0.047619047619047616,0.6190476190476191,2.238095238095238,1.6666666666666667,31.666666666666668,2.0952380952380953,63.0,148.04761904761904,1.3333333333333333,11.714285714285714,1.2857142857142858,1.2857142857142858,1.1428571428571428,83.19047619047619,7.428571428571429,2.2857142857142856,2.761904761904762,3.380952380952381,2.8095238095238093,1.1428571428571428,5.761904761904762,13.047619047619047,10.285714285714286,11.047619047619047,0.8571428571428571,1.8571428571428572,1.2380952380952381,2.8095238095238093,2.4285714285714284,1.5714285714285714,36.19047619047619,6.380952380952381,17.238095238095237,0.6666666666666666,4.619047619047619,1.2857142857142858,1.7142857142857142,2.3333333333333335,151.61904761904762,3.5714285714285716,8.857142857142858,2.857142857142857,4.9523809523809526,0.19047619047619047,1.5238095238095237,0.42857142857142855,10.19047619047619,19.142857142857142,1.2380952380952381,0.8571428571428571,6.9523809523809526,0.0,2.4761904761904763,1.7619047619047619,2.4285714285714284,0.3333333333333333,88.71428571428571,28.952380952380953,65.42857142857143,16.095238095238095,44.857142857142854,111.9047619047619,0.0,0.0,0.42857142857142855,0.0,21.61904761904762,0.6190476190476191,5.095238095238095,0.0,79.19047619047619,148.04761904761904,26.476190476190474,0.8095238095238095,0.5714285714285714,0.0,79.0952380952381,0.0,15.476190476190476,25.095238095238095,10.285714285714286,10.80952380952381,5.714285714285714,1.7142857142857142,0.23809523809523808,3.890506268172935,0.508095238095238
19C_Jekyll_quotes,9.11111111111111,2.111111111111111,4.0,6.777777777777778,9.555555555555555,45.333333333333336,20.88888888888889,0.4444444444444444,0.5555555555555556,6.222222222222222,15.88888888888889,5.111111111111111,1.3333333333333333,2.0,3.5555555555555554,57.666666666666664,0.6666666666666666,63.77777777777778,109.88888888888889,4.0,15.11111111111111,4.777777777777778,0.6666666666666666,0.2222222222222222,27.333333333333332,2.2222222222222223,0.4444444444444444,1.8888888888888888,8.555555555555555,9.222222222222221,0.8888888888888888,61.22222222222222,27.88888888888889,19.77777777777778,5.222222222222222,31.555555555555557,1.2222222222222223,0.3333333333333333,3.111111111111111,4.777777777777778,2.111111111111111,20.88888888888889,4.777777777777778,7.111111111111111,0.3333333333333333,5.888888888888889,1.4444444444444444,0.8888888888888888,2.888888888888889,110.55555555555556,6.444444444444445,11.444444444444445,2.888888888888889,5.555555555555555,0.6666666666666666,0.4444444444444444,0.3333333333333333,9.222222222222221,14.555555555555555,0.1111111111111111,3.6666666666666665,9.88888888888889,0.0,9.666666666666666,2.111111111111111,2.4444444444444446,1.1111111111111112,50.333333333333336,39.111111111111114,111.55555555555556,20.0,33.0,78.55555555555556,0.0,0.0,1.4444444444444444,0.0,52.55555555555556,8.777777777777779,5.333333333333333,0.0,130.44444444444446,109.88888888888889,31.444444444444443,3.2222222222222223,2.111111111111111,0.0,130.22222222222223,0.0,16.444444444444443,21.0,15.666666666666666,6.333333333333333,3.888888888888889,1.4444444444444444,0.0,3.4368208975444117,0.48027777777777775
19C_Jude_nonquotes,7.93,1.06,1.3,7.23,6.3,59.83,12.82,0.22,1.52,1.75,27.22,0.68,0.23,3.01,1.5,2.07,2.9,63.15,149.78,1.84,13.31,1.23,1.75,0.68,87.37,5.87,1.82,4.88,4.08,2.96,3.34,3.7,16.56,8.88,11.72,1.19,2.13,1.81,3.25,4.0,1.32,83.48,5.58,14.37,1.11,3.92,1.4,0.81,3.3,144.43,1.92,6.62,3.11,4.5,0.28,1.15,0.64,13.95,19.65,1.78,1.97,7.45,0.01,3.52,2.48,2.74,0.79,80.33,27.52,62.28,19.08,37.54,100.99,0.0,0.0,0.46,0.0,26.09,0.43,6.03,0.0,95.94,149.78,30.16,0.56,1.15,0.0,95.83,0.0,16.93,24.16,17.49,20.98,4.12,1.27,0.05,4.060269664414931,0.530475
19C_Jude_quotes,10.579710144927537,2.6231884057971016,2.4927536231884058,5.144927536231884,21.985507246376812,48.507246376811594,20.391304347826086,0.9130434782608695,1.173913043478261,4.7101449275362315,19.81159420289855,25.956521739130434,1.6231884057971016,3.260869565217391,1.9275362318840579,70.07246376811594,0.9420289855072463,91.17391304347827,114.69565217391305,4.130434782608695,17.55072463768116,6.72463768115942,1.2753623188405796,0.2608695652173913,28.231884057971016,3.101449275362319,0.2898550724637681,2.347826086956522,6.318840579710145,10.666666666666666,0.6521739130434783,65.1159420289855,24.89855072463768,18.63768115942029,6.6521739130434785,32.85507246376812,0.9420289855072463,0.463768115942029,4.695652173913044,2.9420289855072466,2.1449275362318843,27.91304347826087,6.898550724637682,7.2898550724637685,0.391304347826087,6.420289855072464,0.8840579710144928,0.7101449275362319,2.652173913043478,89.81159420289855,5.420289855072464,7.840579710144928,3.710144927536232,8.434782608695652,0.3333333333333333,0.5362318840579711,0.463768115942029,9.666666666666666,14.289855072463768,0.5652173913043478,7.6231884057971016,16.27536231884058,0.043478260869565216,9.63768115942029,1.681159420289855,1.5797101449275361,1.536231884057971,38.869565217391305,39.11594202898551,128.66666666666666,22.985507246376812,31.3768115942029,62.20289855072464,0.0,0.0,10.115942028985508,0.0,60.971014492753625,13.55072463768116,4.420289855072464,0.0,151.65217391304347,114.69565217391305,22.797101449275363,3.6666666666666665,4.304347826086956,0.0,151.1014492753623,0.0,18.63768115942029,17.44927536231884,21.18840579710145,11.63768115942029,4.6231884057971016,1.3478260869565217,0.13043478260869565,3.438619629039187,0.4954710144927537
19C_LadyAud_nonquotes,8.36,0.81,2.86,5.74,3.11,73.17,10.6,0.21,0.33,1.76,25.16,0.92,0.21,2.41,1.67,4.65,2.2,49.26,142.89,1.27,10.49,1.11,1.09,1.28,78.5,6.11,2.84,3.79,3.3,1.96,2.39,5.14,12.04,6.86,10.3,0.57,1.2,1.4,1.68,2.81,1.66,67.56,2.9,13.2,1.11,3.41,0.75,1.68,2.46,163.07,1.63,8.85,2.5,3.14,0.13,1.77,0.38,12.62,17.02,1.69,1.0,5.1,0.01,2.31,2.07,4.4,0.55,83.46,22.06,72.28,16.31,35.3,109.36,0.0,0.0,0.28,0.0,19.54,0.4,5.84,0.0,79.83,142.89,46.57,0.84,0.86,0.0,79.81,0.0,17.1,23.6,11.66,17.94,2.53,1.39,0.22,4.108377120730425,0.5245249999999999
19C_LadyAud_quotes,8.878378378378379,1.7432432432432432,3.7837837837837838,5.662162162162162,10.675675675675675,54.608108108108105,17.41891891891892,0.7432432432432432,0.4864864864864865,5.378378378378378,19.013513513513512,14.027027027027026,0.20270270270270271,2.364864864864865,1.9864864864864864,65.13513513513513,0.8108108108108109,62.189189189189186,125.44594594594595,2.864864864864865,16.87837837837838,3.9594594594594597,1.1756756756756757,0.2972972972972973,30.7972972972973,4.04054054054054,1.0810810810810811,2.418918918918919,8.31081081081081,11.675675675675675,0.6081081081081081,51.66216216216216,23.37837837837838,10.432432432432432,5.513513513513513,28.68918918918919,0.6486486486486487,0.4189189189189189,3.675675675675676,3.0,2.2837837837837838,35.486486486486484,2.9324324324324325,8.72972972972973,0.6081081081081081,5.851351351351352,1.0135135135135136,0.972972972972973,4.22972972972973,119.20270270270271,3.189189189189189,10.54054054054054,3.2432432432432434,4.864864864864865,0.2972972972972973,0.7162162162162162,0.28378378378378377,10.58108108108108,16.256756756756758,0.35135135135135137,4.391891891891892,10.175675675675675,0.013513513513513514,5.5,2.310810810810811,2.945945945945946,1.3783783783783783,49.74324324324324,31.945945945945947,111.9054054054054,25.27027027027027,33.148648648648646,75.25675675675676,0.0,0.0,2.2837837837837838,0.0,55.810810810810814,6.175675675675675,5.635135135135135,0.0,141.14864864864865,125.44594594594595,36.0945945945946,2.7027027027027026,5.324324324324325,0.0,140.9189189189189,0.0,19.41891891891892,19.013513513513512,23.41891891891892,8.68918918918919,3.2162162162162162,1.8243243243243243,0.25675675675675674,3.571664561824555,0.482804054054054
19C_mary_nonquotes,12.344537815126051,0.8571428571428571,1.680672268907563,7.226890756302521,5.890756302521009,63.39495798319328,12.512605042016807,0.18487394957983194,1.2773109243697478,2.9243697478991595,23.563025210084035,1.7563025210084033,0.46218487394957986,2.7983193277310923,1.6890756302521008,2.5294117647058822,2.966386554621849,63.05042016806723,141.46218487394958,1.3865546218487395,15.495798319327731,1.7899159663865547,1.6470588235294117,1.0,76.46218487394958,6.6722689075630255,1.8403361344537814,3.8487394957983194,5.579831932773109,4.050420168067227,1.7226890756302522,6.168067226890757,18.88235294117647,8.579831932773109,8.100840336134453,1.3445378151260505,1.4705882352941178,1.5210084033613445,3.495798319327731,4.084033613445378,1.8907563025210083,76.34453781512605,5.3277310924369745,12.907563025210084,1.0168067226890756,4.201680672268908,0.8319327731092437,0.7899159663865546,2.3445378151260505,141.91596638655463,1.8991596638655461,5.974789915966387,3.2436974789915967,5.65546218487395,0.4369747899159664,1.26890756302521,0.31932773109243695,11.184873949579831,20.07563025210084,1.4705882352941178,1.7983193277310925,6.680672268907563,0.008403361344537815,3.773109243697479,1.5798319327731092,2.2521008403361344,0.773109243697479,63.9327731092437,27.18487394957983,62.64705882352941,16.386554621848738,40.96638655462185,87.99159663865547,0.0,0.0,1.9915966386554622,0.0,30.932773109243698,1.3697478991596639,4.647058823529412,0.0,88.92436974789916,141.46218487394958,31.436974789915965,1.1260504201680672,2.53781512605042,0.0,88.89075630252101,0.0,16.571428571428573,17.168067226890756,13.605042016806722,19.747899159663866,4.411764705882353,1.3781512605042017,0.2857142857142857,3.9063346345262597,0.5225630252100839
19C_mary_quotes,10.791666666666666,0.9583333333333334,2.0,4.25,14.291666666666666,47.291666666666664,14.833333333333334,0.2638888888888889,1.2083333333333333,5.291666666666667,17.875,33.27777777777778,1.5138888888888888,1.9861111111111112,2.111111111111111,56.97222222222222,0.6388888888888888,77.34722222222223,109.15277777777777,1.8611111111111112,16.76388888888889,3.638888888888889,1.4166666666666667,0.20833333333333334,36.55555555555556,3.6944444444444446,0.2222222222222222,2.7777777777777777,8.541666666666666,14.680555555555555,1.0833333333333333,53.77777777777778,26.26388888888889,14.583333333333334,6.805555555555555,23.72222222222222,0.6805555555555556,0.3194444444444444,4.638888888888889,2.3055555555555554,2.6944444444444446,43.75,5.444444444444445,2.638888888888889,0.3055555555555556,4.222222222222222,0.20833333333333334,0.6388888888888888,1.8472222222222223,108.86111111111111,3.375,5.569444444444445,3.763888888888889,7.055555555555555,0.8333333333333334,0.3611111111111111,0.1111111111111111,4.805555555555555,20.77777777777778,0.5694444444444444,5.375,12.23611111111111,0.0,9.25,1.2777777777777777,1.1666666666666667,2.236111111111111,35.31944444444444,29.09722222222222,110.76388888888889,21.208333333333332,40.291666666666664,55.18055555555556,0.0,0.0,8.13888888888889,0.0,60.861111111111114,10.76388888888889,5.013888888888889,0.0,139.73611111111111,109.15277777777777,34.84722222222222,3.8194444444444446,12.86111111111111,0.0,139.54166666666666,0.0,17.791666666666668,17.61111111111111,22.930555555555557,12.25,3.9444444444444446,1.0416666666666667,3.361111111111111,3.2780648782240736,0.49263888888888885
19C_mill_nonquotes,9.436708860759493,1.7658227848101267,2.7848101265822787,7.531645569620253,6.689873417721519,70.24683544303798,15.879746835443038,0.569620253164557,0.6392405063291139,2.6455696202531644,24.518987341772153,0.8987341772151899,0.25316455696202533,2.550632911392405,2.2531645569620253,2.7848101265822787,2.9683544303797467,61.68354430379747,150.41772151898735,2.5949367088607596,14.664556962025317,2.3227848101265822,2.018987341772152,0.7341772151898734,73.09493670886076,5.9113924050632916,1.6772151898734178,3.0443037974683542,4.3544303797468356,4.3924050632911396,1.518987341772152,8.246835443037975,17.443037974683545,9.658227848101266,13.69620253164557,1.4683544303797469,1.518987341772152,1.5443037974683544,2.4936708860759493,3.018987341772152,2.2848101265822787,63.38607594936709,4.746835443037975,18.67721518987342,1.1265822784810127,4.708860759493671,1.8227848101265822,1.9240506329113924,3.4873417721518987,136.77848101265823,2.1835443037974684,9.234177215189874,3.259493670886076,4.879746835443038,0.37341772151898733,1.1012658227848102,0.6265822784810127,12.284810126582279,16.29113924050633,1.9683544303797469,1.3417721518987342,7.556962025316456,0.0,2.3227848101265822,2.2531645569620253,4.037974683544304,0.8860759493670886,66.9746835443038,32.01898734177215,67.63924050632912,19.120253164556964,35.39873417721519,91.63924050632912,0.0,0.0,0.5632911392405063,0.0,29.924050632911392,0.37341772151898733,3.607594936708861,0.0,77.95569620253164,150.41772151898735,48.58227848101266,0.8417721518987342,1.7215189873417722,0.0,77.85443037974683,0.0,17.962025316455698,24.145569620253166,14.310126582278482,21.556962025316455,5.050632911392405,2.018987341772152,0.04430379746835443,4.013709868095944,0.5111075949367089
19C_mill_quotes,9.930232558139535,3.395348837209302,2.7674418604651163,4.674418604651163,16.430232558139537,46.52325581395349,14.744186046511627,1.244186046511628,0.6627906976744186,6.348837209302325,16.86046511627907,43.77906976744186,0.9651162790697675,2.046511627906977,3.5348837209302326,62.593023255813954,0.8837209302325582,70.62790697674419,108.45348837209302,5.209302325581396,17.38372093023256,6.1395348837209305,1.255813953488372,0.23255813953488372,21.25581395348837,4.046511627906977,0.1511627906976744,2.5697674418604652,7.290697674418604,14.744186046511627,0.5813953488372093,63.66279069767442,23.36046511627907,16.1046511627907,5.767441860465116,36.56976744186046,0.5465116279069767,0.16279069767441862,4.313953488372093,1.8953488372093024,3.0813953488372094,27.25581395348837,5.22093023255814,5.546511627906977,0.2558139534883721,4.627906976744186,0.5,0.6395348837209303,1.4534883720930232,108.5,4.267441860465116,6.151162790697675,3.604651162790698,5.441860465116279,0.29069767441860467,0.313953488372093,0.27906976744186046,5.325581395348837,13.837209302325581,0.37209302325581395,5.976744186046512,13.418604651162791,0.0,7.453488372093023,1.6046511627906976,1.302325581395349,1.744186046511628,43.093023255813954,28.96511627906977,108.72093023255815,20.941860465116278,32.104651162790695,65.29069767441861,0.0,0.0,2.441860465116279,0.0,66.6046511627907,13.569767441860465,4.523255813953488,0.0,146.12790697674419,108.45348837209302,32.674418604651166,2.546511627906977,15.465116279069768,0.0,145.77906976744185,0.0,16.25581395348837,21.127906976744185,20.906976744186046,9.581395348837209,4.8023255813953485,1.5813953488372092,0.6976744186046512,3.308425334258823,0.4698837209302326
19C_native_nonquotes,7.63265306122449,0.8877551020408163,1.2653061224489797,8.561224489795919,5.081632653061225,59.295918367346935,14.693877551020408,0.25510204081632654,1.2857142857142858,1.6224489795918366,26.479591836734695,0.37755102040816324,0.17346938775510204,3.122448979591837,1.4081632653061225,1.489795918367347,3.2755102040816326,60.43877551020408,152.1326530612245,1.816326530612245,12.326530612244898,0.9183673469387755,1.816326530612245,0.8877551020408163,85.55102040816327,5.357142857142857,1.6428571428571428,5.887755102040816,4.408163265306122,2.6530612244897958,2.5510204081632653,4.908163265306122,14.795918367346939,9.979591836734693,13.0,0.7755102040816326,1.7551020408163265,1.7551020408163265,2.938775510204082,3.1122448979591835,1.846938775510204,63.91836734693877,5.489795918367347,15.459183673469388,1.2653061224489797,4.244897959183674,1.530612244897959,0.5408163265306123,2.63265306122449,156.8469387755102,2.0918367346938775,7.948979591836735,2.479591836734694,4.142857142857143,0.29591836734693877,1.5918367346938775,0.45918367346938777,12.428571428571429,15.979591836734693,1.8061224489795917,1.2551020408163265,6.540816326530612,0.0,2.336734693877551,2.7142857142857144,3.6020408163265305,0.6530612244897959,89.78571428571429,30.459183673469386,65.89795918367346,19.244897959183675,33.42857142857143,113.54081632653062,0.0,0.0,0.14285714285714285,0.0,23.224489795918366,0.21428571428571427,6.030612244897959,0.0,76.51020408163265,152.1326530612245,32.857142857142854,0.5306122448979592,0.5510204081632653,0.0,76.46938775510205,0.0,17.46938775510204,25.122448979591837,13.10204081632653,19.122448979591837,4.214285714285714,1.469387755102041,0.01020408163265306,4.137944458277454,0.5389285714285714
19C_native_quotes,9.846153846153847,2.5076923076923077,2.4461538461538463,5.184615384615385,18.50769230769231,44.36923076923077,20.76923076923077,1.2923076923076924,0.8923076923076924,5.415384615384616,18.646153846153847,18.676923076923078,1.5846153846153845,3.523076923076923,3.0615384615384613,65.53846153846153,0.9076923076923077,88.98461538461538,117.46153846153847,4.523076923076923,17.723076923076924,5.938461538461539,1.2461538461538462,0.18461538461538463,29.83076923076923,2.3230769230769233,0.13846153846153847,2.8461538461538463,9.584615384615384,14.384615384615385,0.8461538461538461,61.36923076923077,26.123076923076923,16.553846153846155,6.076923076923077,34.23076923076923,0.9384615384615385,0.2923076923076923,3.8153846153846156,2.830769230769231,2.5538461538461537,30.50769230769231,8.353846153846154,4.415384615384616,0.4461538461538462,6.538461538461538,0.9076923076923077,0.9230769230769231,3.292307692307692,95.87692307692308,5.630769230769231,9.707692307692307,4.076923076923077,6.061538461538461,0.4,0.4,0.5076923076923077,12.96923076923077,13.907692307692308,0.4,6.538461538461538,15.876923076923077,0.03076923076923077,9.015384615384615,1.7692307692307692,2.3076923076923075,1.7846153846153847,40.44615384615385,39.646153846153844,127.75384615384615,26.26153846153846,29.015384615384615,64.70769230769231,0.0,0.0,3.8461538461538463,0.0,67.75384615384615,12.8,5.6461538461538465,0.0,149.26153846153846,117.46153846153847,24.307692307692307,3.9076923076923076,6.676923076923077,0.0,148.69230769230768,0.0,20.2,19.123076923076923,23.092307692307692,11.6,4.938461538461539,1.5692307692307692,0.07692307692307693,3.43143492307503,0.4934230769230769
19C_NorthS_nonquotes,12.24,0.912,2.352,6.528,6.736,60.4,13.024,0.384,1.064,3.672,25.608,6.736,0.496,3.048,1.648,5.488,2.056,63.336,144.728,1.472,15.576,1.792,1.32,0.776,78.672,5.992,1.808,3.512,5.328,4.688,1.432,6.592,18.856,9.84,11.272,0.984,1.376,1.544,3.952,4.256,1.92,81.464,4.024,14.048,0.92,4.672,0.76,1.056,3.008,129.016,1.96,6.176,3.0,5.744,0.384,1.08,0.456,11.88,17.184,1.56,2.056,7.568,0.008,4.552,1.88,2.064,1.072,57.056,27.464,72.448,18.44,38.0,80.624,0.0,0.0,1.184,0.0,33.304,1.328,4.288,0.008,98.28,144.728,44.032,0.808,5.528,0.0,98.208,0.0,16.088,17.792,17.312,18.512,4.4,1.208,0.64,3.8762342542943746,0.50758
19C_NorthS_quotes,13.142857142857142,1.5274725274725274,3.2967032967032965,5.087912087912088,15.868131868131869,52.21978021978022,18.64835164835165,0.7472527472527473,0.9120879120879121,5.758241758241758,18.296703296703296,18.384615384615383,0.8461538461538461,3.065934065934066,2.1648351648351647,59.37362637362637,1.032967032967033,75.25274725274726,116.36263736263736,2.5714285714285716,16.626373626373628,4.604395604395604,1.0769230769230769,0.2967032967032967,27.186813186813186,4.054945054945055,0.7582417582417582,1.989010989010989,8.483516483516484,13.197802197802197,0.9230769230769231,58.35164835164835,26.494505494505493,15.010989010989011,5.6923076923076925,24.681318681318682,0.7912087912087912,0.6593406593406593,4.626373626373627,3.4835164835164836,2.4285714285714284,35.494505494505496,4.714285714285714,7.021978021978022,0.5714285714285714,6.461538461538462,0.5824175824175825,0.7472527472527473,2.8351648351648353,105.23076923076923,3.5164835164835164,7.3076923076923075,3.6153846153846154,7.1098901098901095,0.5274725274725275,0.6153846153846154,0.34065934065934067,8.538461538461538,14.824175824175825,0.5054945054945055,5.0989010989010985,13.043956043956044,0.0,7.989010989010989,1.3736263736263736,1.879120879120879,1.7692307692307692,40.604395604395606,36.07692307692308,116.2967032967033,21.46153846153846,33.57142857142857,65.58241758241758,0.0,0.0,6.56043956043956,0.0,60.38461538461539,8.274725274725276,4.549450549450549,0.01098901098901099,135.87912087912088,116.36263736263736,35.24175824175824,3.1538461538461537,7.461538461538462,0.0,135.67032967032966,0.0,17.582417582417584,18.197802197802197,21.0,11.791208791208792,4.208791208791209,1.4395604395604396,1.2307692307692308,3.4582489301980854,0.49975274725274726
19C_persuasion_nonquotes,14.301587301587302,1.746031746031746,5.396825396825397,11.126984126984127,7.936507936507937,62.04761904761905,18.841269841269842,0.19047619047619047,1.4285714285714286,1.1746031746031746,26.396825396825395,0.20634920634920634,0.25396825396825395,4.126984126984127,2.0476190476190474,0.47619047619047616,2.984126984126984,71.42857142857143,144.11111111111111,3.380952380952381,19.476190476190474,3.7301587301587302,1.6031746031746033,0.8095238095238095,68.77777777777777,7.111111111111111,0.9682539682539683,2.2857142857142856,7.920634920634921,3.2222222222222223,1.3333333333333333,2.3174603174603177,19.825396825396826,10.619047619047619,9.11111111111111,0.19047619047619047,1.873015873015873,1.6825396825396826,3.1587301587301586,3.4761904761904763,3.0317460317460316,70.3015873015873,5.73015873015873,20.984126984126984,1.507936507936508,5.301587301587301,0.38095238095238093,0.1111111111111111,3.7777777777777777,108.39682539682539,1.9047619047619047,5.0,2.9047619047619047,7.714285714285714,0.23809523809523808,0.7777777777777778,0.4603174603174603,15.174603174603174,21.682539682539684,1.0,2.0793650793650795,10.492063492063492,0.0,3.2857142857142856,1.5873015873015872,1.492063492063492,0.5714285714285714,58.98412698412698,39.6031746031746,79.7936507936508,15.73015873015873,43.42857142857143,83.9047619047619,0.0,0.015873015873015872,1.0158730158730158,0.0,37.96825396825397,0.36507936507936506,5.285714285714286,0.0,81.85714285714286,144.11111111111111,56.38095238095238,0.5079365079365079,0.6666666666666666,0.0,81.80952380952381,0.0,13.793650793650794,19.396825396825395,17.96825396825397,18.873015873015873,5.825396825396825,3.2698412698412698,0.015873015873015872,4.094499149405753,0.5098412698412699
19C_persuasion_quotes,13.823529411764707,2.676470588235294,7.470588235294118,7.9411764705882355,14.147058823529411,55.294117647058826,26.058823529411764,0.4117647058823529,0.7941176470588235,3.8823529411764706,21.323529411764707,1.088235294117647,0.4411764705882353,3.0294117647058822,2.235294117647059,53.3235294117647,1.1176470588235294,81.17647058823529,119.91176470588235,4.882352941176471,17.470588235294116,6.852941176470588,1.4705882352941178,0.47058823529411764,28.91176470588235,4.029411764705882,0.3235294117647059,1.911764705882353,10.411764705882353,10.852941176470589,0.7941176470588235,50.911764705882355,27.441176470588236,13.352941176470589,7.176470588235294,22.264705882352942,1.1176470588235294,1.1764705882352942,3.588235294117647,3.588235294117647,3.088235294117647,38.029411764705884,5.029411764705882,9.205882352941176,0.7352941176470589,7.852941176470588,0.8823529411764706,0.38235294117647056,3.6470588235294117,94.97058823529412,3.6176470588235294,6.5,3.6176470588235294,8.294117647058824,0.4411764705882353,0.23529411764705882,0.5,11.617647058823529,14.911764705882353,0.11764705882352941,4.882352941176471,13.558823529411764,0.0,8.441176470588236,1.7058823529411764,1.3823529411764706,1.4411764705882353,42.3235294117647,46.76470588235294,114.88235294117646,19.852941176470587,32.1764705882353,67.94117647058823,0.0,0.0,5.647058823529412,0.0,55.14705882352941,5.911764705882353,5.9411764705882355,0.0,128.11764705882354,119.91176470588235,43.14705882352941,2.823529411764706,1.0294117647058822,0.0,127.82352941176471,0.0,15.794117647058824,18.08823529411765,20.11764705882353,11.823529411764707,5.0,3.0588235294117645,0.029411764705882353,3.647048523188642,0.48977941176470585
19C_Pomp_nonquotes,6.611111111111111,0.4444444444444444,1.0185185185185186,7.537037037037037,4.194444444444445,69.63888888888889,9.592592592592593,0.12962962962962962,0.5833333333333334,1.1851851851851851,22.13888888888889,1.0092592592592593,0.5092592592592593,1.8981481481481481,1.0,4.37962962962963,2.462962962962963,53.73148148148148,138.7685185185185,0.9166666666666666,9.12037037037037,0.6574074074074074,1.0277777777777777,2.1481481481481484,74.20370370370371,9.824074074074074,2.4444444444444446,4.027777777777778,2.675925925925926,1.3518518518518519,1.2592592592592593,9.148148148148149,11.814814814814815,10.0,10.046296296296296,2.5277777777777777,1.4814814814814814,2.1666666666666665,1.7685185185185186,2.2037037037037037,1.4444444444444444,54.48148148148148,4.898148148148148,15.055555555555555,1.1759259259259258,2.6944444444444446,0.6851851851851852,1.5462962962962963,1.6203703703703705,161.7962962962963,1.6851851851851851,8.268518518518519,2.3518518518518516,5.287037037037037,0.16666666666666666,1.9259259259259258,0.21296296296296297,7.194444444444445,17.037037037037038,1.6574074074074074,0.4722222222222222,4.648148148148148,0.0,2.3796296296296298,1.9074074074074074,3.2962962962962963,0.25,99.75,20.805555555555557,66.0,12.018518518518519,41.888888888888886,123.24074074074075,0.0,0.0,4.064814814814815,0.0,17.76851851851852,0.9907407407407407,3.8981481481481484,0.0,71.0925925925926,138.7685185185185,32.861111111111114,0.7592592592592593,1.0462962962962963,0.0,71.0,0.0,16.333333333333332,18.064814814814813,11.185185185185185,14.435185185185185,5.0092592592592595,2.5555555555555554,0.05555555555555555,4.119620095868305,0.528449074074074
19C_Pomp_quotes,6.382352941176471,0.5882352941176471,1.0588235294117647,5.8088235294117645,10.661764705882353,61.44117647058823,19.83823529411765,0.29411764705882354,0.35294117647058826,3.5,14.823529411764707,0.8088235294117647,0.8088235294117647,1.7058823529411764,1.6323529411764706,53.455882352941174,0.7647058823529411,58.39705882352941,109.91176470588235,1.588235294117647,10.544117647058824,2.7941176470588234,1.25,0.4117647058823529,18.441176470588236,4.779411764705882,1.5588235294117647,2.073529411764706,6.602941176470588,9.25,0.4117647058823529,59.61764705882353,17.602941176470587,11.75,5.235294117647059,33.19117647058823,0.6176470588235294,0.6911764705882353,2.0588235294117645,2.823529411764706,2.323529411764706,28.485294117647058,4.132352941176471,9.632352941176471,0.45588235294117646,5.9411764705882355,0.9852941176470589,1.4852941176470589,2.823529411764706,146.0441176470588,3.4705882352941178,11.088235294117647,2.926470588235294,4.5,0.058823529411764705,0.6323529411764706,0.47058823529411764,7.823529411764706,12.161764705882353,0.23529411764705882,1.6470588235294117,5.602941176470588,0.0,3.5588235294117645,2.1029411764705883,2.588235294117647,0.7205882352941176,64.73529411764706,33.88235294117647,110.11764705882354,18.41176470588235,33.1764705882353,89.33823529411765,0.0,0.0,17.16176470588235,0.0,47.5735294117647,9.544117647058824,3.911764705882353,0.014705882352941176,116.33823529411765,109.91176470588235,40.161764705882355,5.705882352941177,2.073529411764706,0.0,115.8529411764706,0.0,20.014705882352942,15.147058823529411,19.88235294117647,4.867647058823529,3.8823529411764706,4.147058823529412,0.10294117647058823,3.694229302832244,0.5199264705882353
19C_pride_nonquotes,13.602564102564102,1.5384615384615385,3.8076923076923075,11.743589743589743,7.205128205128205,53.3974358974359,18.115384615384617,0.1794871794871795,2.0641025641025643,1.0897435897435896,25.974358974358974,0.28205128205128205,0.15384615384615385,3.3461538461538463,1.5128205128205128,2.6666666666666665,3.0641025641025643,68.21794871794872,150.19230769230768,2.717948717948718,17.44871794871795,2.423076923076923,1.641025641025641,0.6666666666666666,81.2051282051282,4.756410256410256,1.794871794871795,2.3461538461538463,7.0,3.5,0.7948717948717948,2.371794871794872,19.256410256410255,9.666666666666666,13.051282051282051,1.0,1.3461538461538463,1.1282051282051282,2.282051282051282,3.9358974358974357,2.8461538461538463,85.38461538461539,5.294871794871795,24.102564102564102,1.9871794871794872,5.858974358974359,0.8461538461538461,0.4230769230769231,4.051282051282051,113.46153846153847,1.5128205128205128,6.217948717948718,2.8333333333333335,6.923076923076923,0.20512820512820512,0.8333333333333334,0.6538461538461539,11.551282051282051,21.628205128205128,0.6025641025641025,1.7435897435897436,10.73076923076923,0.0,3.6666666666666665,2.128205128205128,1.9615384615384615,1.064102564102564,55.73076923076923,37.01282051282051,77.53846153846153,18.73076923076923,39.02564102564103,81.73076923076923,0.0,0.0,0.5256410256410257,0.0,33.55128205128205,0.1794871794871795,4.217948717948718,0.0,99.1025641025641,150.19230769230768,53.85897435897436,0.1794871794871795,0.5512820512820513,0.0,99.06410256410257,0.0,17.128205128205128,17.423076923076923,20.641025641025642,17.05128205128205,4.910256410256411,3.230769230769231,0.11538461538461539,4.165202237847529,0.5076602564102565
19C_pride_quotes,13.661290322580646,2.8225806451612905,6.064516129032258,8.870967741935484,15.983870967741936,58.88709677419355,26.758064516129032,0.7741935483870968,1.064516129032258,4.596774193548387,22.241935483870968,0.8225806451612904,0.45161290322580644,2.6129032258064515,2.4516129032258065,57.74193548387097,1.7096774193548387,84.56451612903226,126.7741935483871,4.790322580645161,18.870967741935484,6.645161290322581,1.1612903225806452,0.16129032258064516,24.129032258064516,3.2903225806451615,0.6774193548387096,1.7258064516129032,11.225806451612904,12.306451612903226,0.2903225806451613,56.0,27.370967741935484,14.435483870967742,7.596774193548387,28.887096774193548,1.0161290322580645,0.8548387096774194,2.774193548387097,4.403225806451613,2.9193548387096775,40.564516129032256,4.145161290322581,14.112903225806452,0.967741935483871,8.887096774193548,0.5,0.6451612903225806,4.725806451612903,94.16129032258064,3.064516129032258,7.693548387096774,4.048387096774194,9.016129032258064,0.6129032258064516,0.3225806451612903,1.032258064516129,10.838709677419354,14.290322580645162,0.20967741935483872,4.661290322580645,16.274193548387096,0.016129032258064516,6.467741935483871,1.7096774193548387,1.903225806451613,1.6290322580645162,37.08064516129032,47.62903225806452,106.95161290322581,23.983870967741936,31.70967741935484,64.91935483870968,0.0,0.0,5.741935483870968,0.0,61.403225806451616,4.709677419354839,4.693548387096774,0.0,144.08064516129033,126.7741935483871,32.225806451612904,3.193548387096774,1.1290322580645162,0.0,143.79032258064515,0.0,17.596774193548388,15.435483870967742,23.419354838709676,10.758064516129032,4.870967741935484,3.3870967741935485,0.25806451612903225,3.709665205317801,0.4976612903225806
19C_Prof_nonquotes,8.153846153846153,0.6410256410256411,2.5641025641025643,6.128205128205129,6.282051282051282,67.66666666666667,13.461538461538462,0.6025641025641025,0.9615384615384616,1.4615384615384615,25.0,1.2564102564102564,0.6153846153846154,2.8461538461538463,1.2307692307692308,50.26923076923077,2.8461538461538463,61.53846153846154,131.15384615384616,1.3974358974358974,12.602564102564102,1.4871794871794872,1.358974358974359,1.705128205128205,73.24358974358974,7.1923076923076925,1.5256410256410255,2.641025641025641,3.6538461538461537,3.3846153846153846,1.3205128205128205,11.435897435897436,16.987179487179485,10.192307692307692,7.333333333333333,1.8846153846153846,1.3333333333333333,0.8461538461538461,2.8076923076923075,4.064102564102564,2.448717948717949,43.294871794871796,5.038461538461538,17.91025641025641,0.6923076923076923,4.423076923076923,0.5128205128205128,0.3333333333333333,2.0256410256410255,143.46153846153845,1.3333333333333333,6.9743589743589745,1.858974358974359,4.589743589743589,0.3974358974358974,1.7564102564102564,0.32051282051282054,10.192307692307692,16.346153846153847,1.435897435897436,1.564102564102564,6.551282051282051,0.0,4.628205128205129,1.294871794871795,1.1794871794871795,0.5769230769230769,65.12820512820512,25.692307692307693,67.94871794871794,14.166666666666666,39.34615384615385,85.28205128205128,0.0,0.01282051282051282,0.6666666666666666,0.0,26.064102564102566,0.7564102564102564,5.051282051282051,0.0,106.32051282051282,131.15384615384616,21.923076923076923,0.8589743589743589,3.1538461538461537,0.0,106.11538461538461,0.0,11.782051282051283,24.358974358974358,17.73076923076923,15.576923076923077,3.128205128205128,1.8461538461538463,0.3333333333333333,3.935638869146829,0.5364102564102564
19C_Prof_quotes,7.846153846153846,1.3076923076923077,1.7307692307692308,5.076923076923077,11.615384615384615,55.30769230769231,19.346153846153847,0.8076923076923077,0.7692307692307693,3.769230769230769,20.192307692307693,6.923076923076923,0.8461538461538461,2.1538461538461537,1.6538461538461537,46.76923076923077,1.5384615384615385,66.61538461538461,110.88461538461539,2.8846153846153846,14.923076923076923,4.1923076923076925,1.0769230769230769,0.5,19.384615384615383,4.846153846153846,0.9230769230769231,1.3076923076923077,6.923076923076923,13.423076923076923,0.6923076923076923,58.0,21.0,11.23076923076923,4.961538461538462,39.73076923076923,0.38461538461538464,0.7307692307692307,2.1153846153846154,2.3846153846153846,3.8076923076923075,28.307692307692307,4.269230769230769,13.653846153846153,0.6153846153846154,6.153846153846154,0.19230769230769232,0.34615384615384615,1.8076923076923077,124.03846153846153,2.3076923076923075,6.269230769230769,3.8076923076923075,5.153846153846154,0.4230769230769231,0.5,0.3076923076923077,9.115384615384615,14.461538461538462,0.2692307692307692,4.038461538461538,10.0,0.0,6.269230769230769,1.2692307692307692,1.0769230769230769,0.7307692307692307,46.65384615384615,33.30769230769231,106.15384615384616,16.96153846153846,33.84615384615385,67.26923076923077,0.0,0.0,5.038461538461538,0.0,54.80769230769231,7.1923076923076925,4.846153846153846,0.0,127.1923076923077,110.88461538461539,49.80769230769231,5.230769230769231,2.1538461538461537,0.0,126.61538461538461,0.0,17.03846153846154,23.653846153846153,15.115384615384615,9.692307692307692,3.9615384615384617,2.076923076923077,5.3076923076923075,3.7819607234339827,0.52625
19C_sybil_nonquotes,10.922330097087379,0.8932038834951457,2.3106796116504853,8.757281553398059,5.097087378640777,68.63106796116504,14.106796116504855,0.1650485436893204,1.4174757281553398,1.2524271844660195,22.718446601941746,0.5922330097087378,0.23300970873786409,2.8349514563106797,2.2135922330097086,3.6699029126213594,3.1262135922330097,48.0873786407767,137.53398058252426,1.6310679611650485,9.640776699029127,1.2815533980582525,1.3980582524271845,1.6407766990291262,82.49514563106796,7.786407766990291,2.6116504854368934,1.6699029126213591,3.4271844660194173,2.2427184466019416,2.3398058252427183,9.912621359223301,9.902912621359222,8.25242718446602,21.699029126213592,1.145631067961165,1.3980582524271845,1.233009708737864,1.4854368932038835,3.7864077669902914,1.6504854368932038,52.03883495145631,3.6310679611650487,20.41747572815534,1.2233009708737863,3.8932038834951457,1.058252427184466,1.8349514563106797,2.0485436893203883,151.58252427184465,2.3592233009708736,7.961165048543689,2.8446601941747574,4.019417475728155,0.24271844660194175,1.6601941747572815,0.5145631067961165,11.485436893203884,16.893203883495147,0.912621359223301,0.7087378640776699,6.155339805825243,0.0,1.3980582524271845,2.320388349514563,4.349514563106796,0.22330097087378642,91.23300970873787,29.009708737864077,86.28155339805825,13.640776699029127,42.42718446601942,116.90291262135922,0.0,0.0,0.7281553398058253,0.0,19.194174757281555,0.2815533980582524,5.223300970873787,0.0,65.35922330097087,137.53398058252426,61.47572815533981,0.8058252427184466,1.3980582524271845,0.0,65.30097087378641,0.0,18.95145631067961,27.689320388349515,10.029126213592233,15.281553398058252,3.262135922330097,1.8932038834951457,0.019417475728155338,4.279099060225273,0.5174029126213593
19C_sybil_quotes,11.093333333333334,1.96,3.453333333333333,6.826666666666667,13.546666666666667,50.81333333333333,22.69333333333333,0.4,0.9066666666666666,4.48,17.96,6.333333333333333,0.9333333333333333,2.8266666666666667,3.026666666666667,55.64,1.0266666666666666,68.54666666666667,115.02666666666667,3.96,13.186666666666667,5.76,0.72,0.30666666666666664,23.786666666666665,3.8933333333333335,1.0133333333333334,1.0533333333333332,7.733333333333333,12.973333333333333,0.8533333333333334,67.21333333333334,21.69333333333333,13.453333333333333,6.946666666666666,25.64,0.37333333333333335,0.5733333333333334,2.96,3.56,3.68,31.76,4.8533333333333335,12.306666666666667,0.7066666666666667,5.626666666666667,1.12,1.3066666666666666,2.88,122.97333333333333,4.933333333333334,10.72,3.44,5.56,0.37333333333333335,0.48,0.38666666666666666,10.6,15.48,0.18666666666666668,4.493333333333333,11.2,0.0,7.333333333333333,1.9733333333333334,3.16,1.1866666666666668,60.29333333333334,41.64,124.92,19.12,36.2,89.09333333333333,0.0,0.0,4.213333333333333,0.0,53.32,7.266666666666667,7.64,0.0,127.30666666666667,115.02666666666667,42.21333333333333,2.6,2.026666666666667,0.0,127.06666666666666,0.0,19.626666666666665,23.026666666666667,16.546666666666667,7.72,3.7333333333333334,2.72,0.10666666666666667,3.7304657897710665,0.5135333333333333
19C_Tess_nonquotes,8.079365079365079,0.8968253968253969,1.119047619047619,7.325396825396825,6.23015873015873,62.45238095238095,13.746031746031745,0.2222222222222222,1.3968253968253967,2.1587301587301586,27.88095238095238,0.46825396825396826,0.23809523809523808,3.0873015873015874,1.6825396825396826,1.5476190476190477,2.7222222222222223,62.8968253968254,151.4920634920635,1.8015873015873016,11.984126984126984,0.9523809523809523,1.8174603174603174,1.0158730158730158,78.88095238095238,5.4523809523809526,2.373015873015873,5.396825396825397,4.809523809523809,3.1984126984126986,3.126984126984127,4.095238095238095,15.492063492063492,9.865079365079366,7.809523809523809,1.2142857142857142,1.5555555555555556,1.4285714285714286,2.8492063492063493,3.5634920634920637,1.8571428571428572,77.15873015873017,4.611111111111111,16.023809523809526,1.0873015873015872,4.0,1.5158730158730158,0.8015873015873016,2.7063492063492065,154.16666666666666,1.9523809523809523,7.722222222222222,2.7857142857142856,4.746031746031746,0.24603174603174602,1.5714285714285714,0.6190476190476191,14.055555555555555,16.444444444444443,1.8492063492063493,1.5873015873015872,7.468253968253968,0.023809523809523808,2.6984126984126986,2.3253968253968256,2.984126984126984,0.626984126984127,83.60317460317461,28.103174603174605,57.95238095238095,19.904761904761905,34.12698412698413,106.22222222222223,0.0,0.0,0.5,0.0,24.476190476190474,0.36507936507936506,5.833333333333333,0.0,90.11904761904762,151.4920634920635,27.182539682539684,0.6746031746031746,1.3333333333333333,0.0,90.05555555555556,0.0,16.682539682539684,22.317460317460316,16.317460317460316,18.69047619047619,4.658730158730159,1.6428571428571428,0.06349206349206349,4.072104676104677,0.539702380952381
19C_Tess_quotes,9.48936170212766,2.127659574468085,2.851063829787234,4.851063829787234,20.93617021276596,47.1063829787234,18.319148936170212,1.2553191489361701,1.0,4.914893617021277,17.23404255319149,25.914893617021278,2.1702127659574466,2.595744680851064,2.297872340425532,66.55319148936171,0.8723404255319149,90.19148936170212,112.12765957446808,3.617021276595745,15.957446808510639,5.276595744680851,1.574468085106383,0.3617021276595745,26.170212765957448,3.4893617021276597,0.2765957446808511,2.6382978723404253,8.404255319148936,12.48936170212766,1.0425531914893618,60.61702127659574,25.70212765957447,16.085106382978722,6.574468085106383,37.319148936170215,0.9787234042553191,0.2978723404255319,4.531914893617022,2.893617021276596,2.0425531914893615,26.78723404255319,7.148936170212766,5.0212765957446805,0.48936170212765956,5.212765957446808,0.9148936170212766,0.3404255319148936,3.0,97.27659574468085,4.9787234042553195,9.127659574468085,4.680851063829787,7.9361702127659575,0.3191489361702128,0.44680851063829785,0.6170212765957447,9.148936170212766,14.936170212765957,0.7446808510638298,6.74468085106383,16.085106382978722,0.02127659574468085,9.106382978723405,1.8297872340425532,1.4680851063829787,2.0,37.95744680851064,35.276595744680854,127.2127659574468,25.78723404255319,32.42553191489362,60.93617021276596,0.0,0.0,8.702127659574469,0.0,62.57446808510638,15.425531914893616,4.361702127659575,0.0,148.7872340425532,112.12765957446808,28.4468085106383,3.74468085106383,10.042553191489361,0.0,148.3404255319149,0.0,20.06382978723404,16.680851063829788,20.51063829787234,11.808510638297872,4.680851063829787,1.8936170212765957,0.2978723404255319,3.403683979560336,0.5012234042553192
19C_vanity_nonquotes,9.163194444444445,1.1215277777777777,3.2465277777777777,7.493055555555555,5.086805555555555,65.625,12.95486111111111,0.1388888888888889,0.8125,1.4166666666666667,24.802083333333332,1.1736111111111112,0.2534722222222222,1.9201388888888888,1.3368055555555556,5.854166666666667,2.0208333333333335,52.47569444444444,138.47916666666666,1.6145833333333333,12.059027777777779,1.65625,1.2743055555555556,0.8020833333333334,68.20138888888889,8.722222222222221,2.96875,2.392361111111111,3.3368055555555554,3.46875,1.8611111111111112,12.14236111111111,12.510416666666666,6.21875,9.965277777777779,1.8472222222222223,0.5173611111111112,1.3993055555555556,2.1458333333333335,3.3472222222222223,1.3645833333333333,62.388888888888886,3.1145833333333335,13.097222222222221,0.8993055555555556,3.454861111111111,0.8125,0.3263888888888889,2.8020833333333335,146.41666666666666,1.3611111111111112,8.46875,3.763888888888889,4.513888888888889,0.21875,1.0729166666666667,0.4027777777777778,9.215277777777779,21.17013888888889,1.1215277777777777,1.1527777777777777,5.149305555555555,0.0,1.9479166666666667,2.5625,2.0069444444444446,0.6666666666666666,75.29513888888889,27.64236111111111,92.42361111111111,16.90277777777778,45.53819444444444,99.30555555555556,0.0,0.0,1.0243055555555556,0.003472222222222222,25.53125,0.8090277777777778,5.319444444444445,0.0,76.53472222222223,138.47916666666666,64.70138888888889,1.3263888888888888,1.6944444444444444,0.0,76.47222222222223,0.0,20.25347222222222,21.177083333333332,13.54861111111111,14.527777777777779,2.5416666666666665,2.982638888888889,0.3125,4.0063630277460724,0.5280295138888889
19C_vanity_quotes,8.530303030303031,2.196969696969697,2.696969696969697,4.454545454545454,13.833333333333334,50.378787878787875,16.893939393939394,0.5,0.6515151515151515,3.409090909090909,17.40909090909091,17.87878787878788,0.48484848484848486,2.090909090909091,2.272727272727273,55.74242424242424,0.6515151515151515,62.10606060606061,103.24242424242425,3.121212121212121,12.136363636363637,4.151515151515151,0.8181818181818182,0.18181818181818182,24.71212121212121,4.7272727272727275,0.8333333333333334,1.7121212121212122,5.606060606060606,11.803030303030303,0.5454545454545454,59.92424242424242,17.5,11.242424242424242,5.333333333333333,32.5,0.45454545454545453,0.45454545454545453,3.515151515151515,3.196969696969697,2.121212121212121,35.68181818181818,3.4545454545454546,5.4393939393939394,0.42424242424242425,4.53030303030303,0.7878787878787878,0.3939393939393939,2.515151515151515,112.46969696969697,2.8484848484848486,8.030303030303031,4.151515151515151,5.0,0.2878787878787879,0.3484848484848485,0.2727272727272727,7.045454545454546,16.28787878787879,0.13636363636363635,4.075757575757576,9.954545454545455,0.0,6.196969696969697,2.287878787878788,1.4242424242424243,1.0,48.27272727272727,31.651515151515152,151.33333333333334,19.803030303030305,33.75757575757576,68.92424242424242,0.0,0.0,3.9242424242424243,0.0,54.81818181818182,6.075757575757576,7.181818181818182,0.0,136.8181818181818,103.24242424242425,71.06060606060606,5.015151515151516,2.015151515151515,0.0,136.42424242424244,0.0,19.742424242424242,20.863636363636363,21.136363636363637,6.7272727272727275,2.9696969696969697,2.515151515151515,0.7272727272727273,3.5231504106286238,0.5133333333333334
19C_VivianG_nonquotes,8.946428571428571,0.6607142857142857,2.3660714285714284,9.517857142857142,5.5625,72.51785714285714,15.151785714285714,0.13392857142857142,0.9285714285714286,0.9642857142857143,22.973214285714285,0.6696428571428571,0.22321428571428573,3.1785714285714284,1.2053571428571428,4.5625,3.517857142857143,51.294642857142854,136.45535714285714,1.2857142857142858,9.5,1.3482142857142858,0.8571428571428571,1.5535714285714286,68.75892857142857,5.053571428571429,2.4107142857142856,1.4642857142857142,2.857142857142857,1.8125,1.4107142857142858,12.196428571428571,10.6875,6.625,9.464285714285714,2.2589285714285716,1.4732142857142858,1.7946428571428572,2.205357142857143,4.330357142857143,1.6607142857142858,51.848214285714285,4.678571428571429,18.0625,1.625,3.857142857142857,1.0178571428571428,0.22321428571428573,2.544642857142857,147.1875,1.2946428571428572,6.696428571428571,2.9285714285714284,4.973214285714286,0.15178571428571427,1.3928571428571428,0.5089285714285714,8.258928571428571,20.142857142857142,0.9017857142857143,0.8571428571428571,6.776785714285714,0.0,1.2410714285714286,2.3125,2.169642857142857,0.22321428571428573,93.33928571428571,30.964285714285715,91.94642857142857,12.651785714285714,39.044642857142854,116.58928571428571,0.0,0.0,2.517857142857143,0.0,18.669642857142858,0.5535714285714286,5.553571428571429,0.0,65.08035714285714,136.45535714285714,63.107142857142854,0.8482142857142857,1.5267857142857142,0.0,65.0625,0.0,15.642857142857142,25.973214285714285,8.107142857142858,16.75,3.1785714285714284,3.0535714285714284,0.25,4.197140247390247,0.5182142857142857
19C_VivianG_quotes,10.063063063063064,1.6216216216216217,3.3783783783783785,6.954954954954955,10.64864864864865,61.765765765765764,22.38738738738739,0.35135135135135137,0.9459459459459459,2.936936936936937,19.01801801801802,3.4594594594594597,0.963963963963964,2.774774774774775,2.1171171171171173,51.45945945945946,1.8288288288288288,64.63063063063063,120.7927927927928,2.630630630630631,12.387387387387387,4.216216216216216,0.7567567567567568,0.44144144144144143,22.73873873873874,2.9279279279279278,1.882882882882883,1.054054054054054,7.009009009009009,8.432432432432432,0.8288288288288288,54.26126126126126,21.44144144144144,9.693693693693694,5.918918918918919,26.10810810810811,0.7387387387387387,0.990990990990991,3.2072072072072073,4.207207207207207,2.720720720720721,24.62162162162162,4.972972972972973,13.306306306306306,0.8378378378378378,5.441441441441442,1.2432432432432432,0.32432432432432434,4.225225225225225,120.27927927927928,3.4414414414414414,10.567567567567568,3.864864864864865,7.207207207207207,0.11711711711711711,0.5135135135135135,0.9369369369369369,10.0,13.954954954954955,0.2972972972972973,2.6216216216216215,9.981981981981981,0.0,4.828828828828829,2.7027027027027026,1.945945945945946,0.9099099099099099,61.306306306306304,40.585585585585584,118.36036036036036,20.585585585585587,30.00900900900901,88.87387387387388,0.0,0.0,10.35135135135135,0.0,44.26126126126126,6.153153153153153,5.468468468468468,0.0,111.86486486486487,120.7927927927928,53.0,3.234234234234234,3.4324324324324325,0.0,111.72972972972973,0.0,19.396396396396398,21.90990990990991,14.414414414414415,9.774774774774775,3.4954954954954953,4.135135135135135,0.23423423423423423,3.800732099338321,0.4995270270270271
19C_wh_nonquotes,6.141025641025641,0.7435897435897436,1.6923076923076923,5.67948717948718,6.628205128205129,52.0,10.294871794871796,0.3717948717948718,0.9102564102564102,2.1538461538461537,19.666666666666668,5.4743589743589745,0.358974358974359,2.217948717948718,1.064102564102564,43.46153846153846,4.3076923076923075,57.57692307692308,127.71794871794872,1.5512820512820513,16.371794871794872,1.9743589743589745,1.7820512820512822,1.0384615384615385,89.88461538461539,5.358974358974359,0.5769230769230769,3.0641025641025643,4.538461538461538,4.564102564102564,2.1153846153846154,8.615384615384615,16.641025641025642,10.025641025641026,11.76923076923077,2.1538461538461537,1.2820512820512822,0.6923076923076923,3.8846153846153846,5.012820512820513,2.0256410256410255,71.38461538461539,3.4871794871794872,14.717948717948717,0.4230769230769231,4.051282051282051,1.0128205128205128,0.8333333333333334,1.9102564102564104,131.21794871794873,1.6282051282051282,4.923076923076923,1.6666666666666667,3.3846153846153846,0.1794871794871795,1.0897435897435896,0.23076923076923078,7.333333333333333,26.78205128205128,3.08974358974359,1.3076923076923077,6.782051282051282,0.0,6.1923076923076925,1.3846153846153846,1.2179487179487178,0.6794871794871795,62.243589743589745,21.32051282051282,73.07692307692308,15.35897435897436,45.11538461538461,76.91025641025641,0.0,0.0,2.128205128205128,0.0,34.65384615384615,0.8076923076923077,4.461538461538462,0.0,127.6025641025641,127.71794871794872,27.666666666666668,0.9487179487179487,3.6666666666666665,0.0,127.44871794871794,0.0,10.884615384615385,21.358974358974358,21.58974358974359,23.76923076923077,3.5256410256410255,1.1025641025641026,0.0641025641025641,3.949759661516508,0.5551923076923077
19C_wh_quotes,6.836065573770492,1.2622950819672132,1.6557377049180328,5.0,16.508196721311474,44.24590163934426,16.295081967213115,1.1147540983606556,0.8360655737704918,5.213114754098361,17.21311475409836,23.737704918032787,1.1147540983606556,2.5901639344262297,1.3278688524590163,60.18032786885246,1.540983606557377,71.73770491803279,108.77049180327869,3.1475409836065573,16.459016393442624,5.245901639344262,1.5081967213114753,0.3114754098360656,30.540983606557376,3.4754098360655736,0.21311475409836064,2.1147540983606556,6.770491803278689,16.852459016393443,0.8524590163934426,54.049180327868854,18.688524590163933,12.770491803278688,5.409836065573771,36.24590163934426,0.5737704918032787,0.21311475409836064,4.163934426229508,2.7704918032786887,2.0163934426229506,44.26229508196721,5.622950819672131,7.262295081967213,0.3114754098360656,5.60655737704918,0.7377049180327869,0.47540983606557374,2.180327868852459,99.73770491803279,2.901639344262295,7.377049180327869,2.9508196721311477,4.950819672131147,0.11475409836065574,0.36065573770491804,0.4918032786885246,6.327868852459017,23.18032786885246,0.6721311475409836,4.049180327868853,13.37704918032787,0.0,6.278688524590164,1.0655737704918034,1.180327868852459,1.0491803278688525,38.68852459016394,30.9672131147541,113.39344262295081,20.983606557377048,39.442622950819676,56.81967213114754,0.0,0.0,10.229508196721312,0.0,67.08196721311475,6.311475409836065,4.229508196721311,0.03278688524590164,154.5737704918033,108.77049180327869,33.0655737704918,4.672131147540983,8.311475409836065,0.0,154.13114754098362,0.0,13.540983606557377,16.016393442622952,27.442622950819672,13.344262295081966,4.245901639344262,1.0163934426229508,0.3442622950819672,3.505957298198409,0.5208196721311475
19C_wwhite_nonquotes,8.444444444444445,0.8080808080808081,1.6818181818181819,7.424242424242424,4.398989898989899,58.5,12.833333333333334,0.2222222222222222,0.2828282828282828,2.3686868686868685,27.454545454545453,0.3888888888888889,0.2727272727272727,2.3383838383838382,1.3282828282828283,52.26767676767677,2.686868686868687,59.656565656565654,154.34848484848484,1.8181818181818181,16.414141414141415,1.6666666666666667,1.5353535353535352,0.9797979797979798,72.91919191919192,5.606060606060606,1.9444444444444444,3.4242424242424243,5.181818181818182,2.257575757575758,1.3838383838383839,11.464646464646465,17.28787878787879,9.393939393939394,10.919191919191919,0.8282828282828283,1.207070707070707,1.1464646464646464,2.303030303030303,4.247474747474747,2.272727272727273,48.90909090909091,6.126262626262626,17.67676767676768,0.898989898989899,3.7474747474747474,1.292929292929293,0.9393939393939394,3.6565656565656566,135.33333333333334,1.3434343434343434,8.045454545454545,2.5606060606060606,4.590909090909091,0.12121212121212122,1.3282828282828283,0.41919191919191917,13.762626262626263,15.646464646464647,1.1313131313131313,1.398989898989899,6.777777777777778,0.0,3.4343434343434343,3.217171717171717,3.0303030303030303,0.8535353535353535,75.5909090909091,26.69191919191919,89.17676767676768,16.464646464646464,31.53030303030303,99.78787878787878,0.0,0.0,1.1616161616161615,0.0,28.69191919191919,0.5252525252525253,5.207070707070707,0.0,112.04040404040404,154.34848484848484,34.974747474747474,1.297979797979798,0.6818181818181818,0.0,111.64646464646465,0.0,16.939393939393938,15.631313131313131,24.97979797979798,15.54040404040404,3.6464646464646466,2.621212121212121,0.20707070707070707,3.958369869636848,0.5021590909090908
19C_wwhite_quotes,9.023529411764706,1.6588235294117648,2.152941176470588,5.764705882352941,10.31764705882353,49.22352941176471,17.41176470588235,0.6941176470588235,0.18823529411764706,5.576470588235294,21.105882352941176,9.364705882352942,0.5058823529411764,2.176470588235294,2.1176470588235294,61.8235294117647,1.4941176470588236,64.95294117647059,129.24705882352941,3.541176470588235,17.68235294117647,3.176470588235294,0.9882352941176471,0.27058823529411763,26.623529411764707,3.847058823529412,0.5529411764705883,2.447058823529412,7.188235294117647,8.83529411764706,0.7176470588235294,56.43529411764706,24.529411764705884,13.047058823529412,9.411764705882353,35.258823529411764,0.4823529411764706,0.6235294117647059,3.388235294117647,4.2823529411764705,2.9529411764705884,31.458823529411763,5.6117647058823525,11.388235294117647,0.47058823529411764,5.576470588235294,0.9529411764705882,0.6235294117647059,3.376470588235294,111.14117647058823,2.2588235294117647,8.470588235294118,3.6,5.294117647058823,0.17647058823529413,0.5058823529411764,0.4470588235294118,10.24705882352941,14.329411764705883,0.36470588235294116,4.576470588235294,9.070588235294117,0.0,7.117647058823529,2.4235294117647057,2.6588235294117646,1.8705882352941177,49.305882352941175,33.49411764705882,127.16470588235295,20.788235294117648,28.811764705882354,72.54117647058824,0.0,0.0,4.588235294117647,0.0,57.61176470588235,6.541176470588235,5.129411764705883,0.07058823529411765,142.5529411764706,129.24705882352941,42.741176470588236,4.776470588235294,4.141176470588236,0.0,142.1529411764706,0.0,18.68235294117647,13.694117647058823,24.870588235294118,10.176470588235293,4.376470588235295,2.1882352941176473,0.0,3.641038184560237,0.4873529411764707
DNov_BH_nonquotes,10.325203252032521,1.6341463414634145,3.1951219512195124,6.9105691056910565,5.349593495934959,62.96747967479675,14.048780487804878,0.27235772357723576,0.983739837398374,2.5040650406504064,26.821138211382113,0.8699186991869918,0.4349593495934959,1.983739837398374,1.8617886178861789,31.902439024390244,2.5447154471544717,64.76422764227642,146.47154471544715,2.707317073170732,13.44308943089431,1.4878048780487805,1.2723577235772359,0.8089430894308943,54.2520325203252,7.048780487804878,1.8008130081300813,3.430894308943089,4.2560975609756095,2.6463414634146343,2.3292682926829267,34.11788617886179,15.995934959349594,11.951219512195122,15.926829268292684,0.7479674796747967,1.7195121951219512,1.1666666666666667,2.9227642276422765,2.9959349593495936,1.7764227642276422,54.707317073170735,4.914634146341464,13.203252032520325,0.8373983739837398,3.6707317073170733,1.4227642276422765,0.8617886178861789,3.2560975609756095,136.0081300813008,1.8089430894308942,7.861788617886178,2.83739837398374,5.426829268292683,0.3617886178861789,0.8861788617886179,0.6178861788617886,9.288617886178862,15.268292682926829,2.0813008130081303,1.9593495934959348,6.028455284552845,0.0,4.955284552845528,2.2886178861788617,1.7723577235772359,0.9349593495934959,66.03252032520325,28.910569105691057,87.47967479674797,20.447154471544714,42.46747967479675,87.64634146341463,0.0,0.0,0.8902439024390244,0.0,25.73170731707317,0.7967479674796748,4.703252032520325,0.0040650406504065045,99.5569105691057,146.47154471544715,47.142276422764226,0.6097560975609756,0.8658536585365854,0.0,99.41056910569105,0.0,16.264227642276424,22.134146341463413,18.5609756097561,21.402439024390244,3.6666666666666665,1.7804878048780488,0.016260162601626018,3.9319047732745043,0.5041158536585365
DNov_BH_quotes,9.920731707317072,2.475609756097561,3.658536585365854,6.926829268292683,14.286585365853659,52.91463414634146,20.402439024390244,0.823170731707317,0.6951219512195121,4.798780487804878,19.317073170731707,13.286585365853659,1.4695121951219512,1.5670731707317074,1.951219512195122,63.75,1.3902439024390243,75.60365853658537,117.46951219512195,3.975609756097561,15.804878048780488,4.036585365853658,1.1280487804878048,0.3170731707317073,21.51219512195122,4.140243902439025,0.8719512195121951,2.1036585365853657,7.024390243902439,9.774390243902438,0.8658536585365854,65.0609756097561,23.98170731707317,17.859756097560975,7.810975609756097,31.945121951219512,0.5304878048780488,0.6585365853658537,4.0426829268292686,3.5853658536585367,2.4207317073170733,27.152439024390244,5.335365853658536,9.46951219512195,0.5670731707317073,5.914634146341464,1.1280487804878048,0.7195121951219512,3.1707317073170733,106.2560975609756,4.762195121951219,9.835365853658537,3.9451219512195124,6.384146341463414,0.38414634146341464,0.4146341463414634,0.7134146341463414,9.408536585365853,14.25609756097561,0.4268292682926829,5.780487804878049,11.012195121951219,0.0,7.475609756097561,2.067073170731707,1.8353658536585367,1.5304878048780488,44.53658536585366,37.96341463414634,134.3719512195122,22.98170731707317,34.02439024390244,69.33536585365853,0.0,0.0,5.390243902439025,0.0,53.83536585365854,7.902439024390244,5.048780487804878,0.006097560975609756,141.75,117.46951219512195,39.4390243902439,3.408536585365854,2.3536585365853657,0.0,141.47560975609755,0.0,18.25609756097561,19.48170731707317,19.859756097560975,9.347560975609756,4.317073170731708,1.9024390243902438,0.18902439024390244,3.5390901822758614,0.47629573170731704
DNov_BR_nonquotes,11.842639593908629,1.0253807106598984,2.6954314720812182,7.715736040609137,3.5431472081218276,63.66497461928934,10.934010152284264,0.18274111675126903,1.3908629441624365,1.8730964467005076,27.395939086294415,1.365482233502538,0.350253807106599,1.6091370558375635,1.634517766497462,1.3756345177664975,3.228426395939086,58.629441624365484,148.9035532994924,1.8527918781725887,11.98984771573604,0.9238578680203046,1.0253807106598984,1.517766497461929,80.09644670050761,8.431472081218274,2.1928934010152283,3.5228426395939088,3.1776649746192893,2.6446700507614214,2.1421319796954315,4.0,11.908629441624365,9.878172588832488,11.695431472081218,0.5228426395939086,1.467005076142132,1.8629441624365481,3.33502538071066,2.8071065989847717,2.020304568527919,65.18781725888324,4.614213197969543,12.878172588832488,0.9543147208121827,3.548223350253807,0.8578680203045685,0.5685279187817259,3.1370558375634516,148.46700507614213,2.512690355329949,9.116751269035532,3.0558375634517767,4.598984771573604,0.41624365482233505,1.1472081218274113,0.27918781725888325,9.593908629441625,25.604060913705585,2.802030456852792,1.4365482233502538,4.50253807106599,0.0,1.883248730964467,1.3350253807106598,2.2944162436548226,0.5279187817258884,74.22335025380711,24.756345177664976,52.49746192893401,19.21319796954315,49.035532994923855,101.6497461928934,0.0,0.0,0.649746192893401,0.0,22.730964467005077,0.43147208121827413,5.314720812182741,0.0,77.11167512690355,148.9035532994924,32.19796954314721,0.233502538071066,0.8934010152284264,0.0,77.1015228426396,0.0,16.710659898477157,22.16751269035533,14.817258883248732,23.944162436548222,3.746192893401015,2.5380710659898478,0.01015228426395939,4.020343191935107,0.5191751269035533
DNov_BR_quotes,10.4,1.63,2.94,5.74,13.37,51.77,17.18,0.53,1.03,5.53,18.53,15.2,0.86,1.45,2.25,59.15,1.02,71.25,112.47,3.55,13.28,3.59,0.85,0.35,22.67,4.65,0.91,2.28,6.44,11.88,0.65,64.51,22.8,14.43,5.85,37.04,0.39,0.79,4.82,3.28,3.48,28.97,4.86,7.72,0.44,5.51,0.87,0.83,3.38,114.32,5.2,10.69,4.96,5.37,0.47,0.34,0.38,9.07,16.71,0.55,6.34,9.59,0.0,6.66,1.59,2.16,1.4,44.05,33.56,118.73,24.65,35.29,72.4,0.0,0.0,5.57,0.0,57.7,8.96,4.85,0.03,141.41,112.47,26.76,4.38,1.74,0.0,140.92,0.0,20.62,19.39,22.02,8.44,4.41,2.0,0.04,3.4635416527361547,0.49572499999999997
DNov_DC_nonquotes,9.996478873239436,1.8873239436619718,3.0316901408450705,6.485915492957746,5.066901408450704,53.75352112676056,13.658450704225352,0.2746478873239437,0.7992957746478874,2.8943661971830985,25.940140845070424,3.2253521126760565,0.426056338028169,1.619718309859155,1.693661971830986,58.63732394366197,2.084507042253521,62.271126760563384,145.5105633802817,2.8661971830985915,13.330985915492958,1.7605633802816902,1.2605633802816902,0.7746478873239436,82.95774647887323,4.605633802816901,1.767605633802817,3.426056338028169,4.285211267605634,2.6619718309859155,2.0422535211267605,10.257042253521126,18.362676056338028,11.390845070422536,15.598591549295774,0.4647887323943662,1.4014084507042253,1.7359154929577465,3.982394366197183,2.816901408450704,1.8380281690140845,46.24295774647887,4.78169014084507,11.816901408450704,0.7077464788732394,3.9683098591549295,1.0211267605633803,0.7570422535211268,4.788732394366197,123.62676056338029,2.4683098591549295,7.626760563380282,3.6232394366197185,4.947183098591549,0.3908450704225352,0.6936619718309859,0.3204225352112676,10.454225352112676,23.732394366197184,1.9964788732394365,2.0774647887323945,6.242957746478873,0.0035211267605633804,6.063380281690141,1.7288732394366197,1.3133802816901408,0.9366197183098591,59.570422535211264,28.661971830985916,88.67957746478874,22.285211267605632,39.90492957746479,82.46830985915493,0.0,0.0,1.028169014084507,0.0,26.348591549295776,0.6830985915492958,4.302816901408451,0.0,117.22535211267606,145.5105633802817,36.767605633802816,0.43309859154929575,2.3309859154929575,0.0,116.96830985915493,0.0,17.140845070422536,22.003521126760564,22.577464788732396,20.577464788732396,3.647887323943662,1.7852112676056338,0.02464788732394366,3.7442796508863854,0.4849383802816901
DNov_DC_quotes,10.213235294117647,2.573529411764706,3.4191176470588234,5.985294117647059,14.014705882352942,53.02205882352941,20.948529411764707,0.6985294117647058,0.6617647058823529,5.654411764705882,18.36764705882353,14.125,1.088235294117647,1.5588235294117647,2.463235294117647,64.80882352941177,1.1764705882352942,74.0,115.8529411764706,3.823529411764706,16.110294117647058,4.544117647058823,0.9705882352941176,0.39705882352941174,23.176470588235293,3.8970588235294117,0.7794117647058824,2.235294117647059,7.242647058823529,10.448529411764707,0.6911764705882353,63.375,24.058823529411764,15.360294117647058,7.455882352941177,31.058823529411764,0.5073529411764706,0.5661764705882353,3.985294117647059,3.1838235294117645,2.588235294117647,29.75,5.338235294117647,9.772058823529411,0.5,6.8161764705882355,0.8308823529411765,0.7279411764705882,4.036764705882353,101.33088235294117,4.095588235294118,7.985294117647059,3.985294117647059,6.323529411764706,0.4117647058823529,0.40441176470588236,0.6102941176470589,10.345588235294118,15.669117647058824,0.4632352941176471,5.720588235294118,10.823529411764707,0.0,7.213235294117647,1.7647058823529411,1.4852941176470589,1.6470588235294117,41.0735294117647,39.89705882352941,135.43382352941177,24.433823529411764,31.919117647058822,63.80882352941177,0.0,0.0,7.0,0.0,55.13970588235294,9.227941176470589,4.117647058823529,0.022058823529411766,141.9264705882353,115.8529411764706,41.595588235294116,2.7720588235294117,3.5955882352941178,0.0,141.6691176470588,0.0,18.470588235294116,19.125,21.86764705882353,8.610294117647058,4.213235294117647,2.0441176470588234,0.20588235294117646,3.502050778351795,0.46979779411764705
DNov_DS_nonquotes,8.972222222222221,1.2673611111111112,2.6840277777777777,6.350694444444445,4.527777777777778,61.65625,11.006944444444445,0.09722222222222222,0.8611111111111112,2.607638888888889,27.15277777777778,2.9097222222222223,0.3645833333333333,1.8715277777777777,1.7986111111111112,2.7256944444444446,2.9270833333333335,58.802083333333336,146.9375,2.079861111111111,11.48263888888889,1.0069444444444444,0.9895833333333334,1.2673611111111112,71.37847222222223,8.0625,2.076388888888889,3.6319444444444446,3.625,3.045138888888889,2.3472222222222223,10.756944444444445,13.73611111111111,11.090277777777779,13.89236111111111,1.2708333333333333,1.53125,1.3055555555555556,3.548611111111111,2.7743055555555554,2.1944444444444446,66.84027777777777,4.881944444444445,15.03125,0.9652777777777778,3.4583333333333335,0.8020833333333334,1.3888888888888888,3.6319444444444446,134.07638888888889,2.2152777777777777,7.725694444444445,3.2395833333333335,4.395833333333333,0.2638888888888889,0.9548611111111112,0.2777777777777778,9.128472222222221,24.56597222222222,2.0520833333333335,1.5729166666666667,5.215277777777778,0.003472222222222222,2.6284722222222223,1.3020833333333333,2.1041666666666665,0.6076388888888888,70.85763888888889,24.520833333333332,79.66319444444444,19.145833333333332,45.50347222222222,92.82638888888889,0.0,0.0,1.0520833333333333,0.0,23.39236111111111,0.5625,3.7604166666666665,0.0,82.14930555555556,146.9375,56.520833333333336,0.5173611111111112,2.048611111111111,0.0,82.12152777777777,0.0,16.010416666666668,20.81597222222222,16.375,23.07986111111111,4.055555555555555,1.3958333333333333,0.020833333333333332,3.993467137276165,0.501328125
DNov_DS_quotes,9.8671875,2.5234375,3.984375,6.421875,14.1640625,52.546875,19.1484375,0.5,0.921875,5.75,18.4765625,14.3828125,0.9609375,1.9765625,3.1484375,64.0234375,0.90625,78.453125,115.890625,4.5390625,15.25,3.8046875,0.8046875,0.390625,20.3125,4.9375,1.1484375,2.6484375,7.921875,10.859375,0.765625,64.6484375,24.796875,14.328125,7.2734375,34.2890625,0.46875,0.6015625,4.578125,3.9453125,3.125,25.828125,5.453125,9.1796875,0.5,6.1796875,0.6796875,0.6875,4.8046875,94.140625,4.3125,9.40625,4.7421875,6.53125,0.3046875,0.3359375,0.5625,9.7109375,15.46875,0.328125,5.0234375,10.75,0.0078125,7.0390625,1.46875,1.7265625,1.921875,37.671875,37.765625,146.5,27.5625,33.796875,61.453125,0.0,0.0,6.8828125,0.0,56.1796875,9.8359375,3.46875,0.0234375,139.9921875,115.890625,55.53125,2.8984375,2.265625,0.0,139.6171875,0.0,21.1953125,17.46875,21.078125,8.3984375,4.4453125,2.078125,0.109375,3.5063571853103106,0.47365234375
DNov_ED_nonquotes,8.234375,1.234375,2.359375,7.5,3.609375,65.71875,10.328125,0.25,1.078125,2.8125,27.375,2.484375,0.390625,1.8125,1.359375,1.65625,3.140625,58.578125,146.5625,2.171875,10.4375,1.171875,0.96875,0.859375,46.78125,6.484375,1.390625,3.21875,3.53125,2.828125,2.640625,28.9375,11.625,12.234375,13.40625,0.828125,1.25,0.875,4.046875,3.109375,1.71875,60.0625,5.375,13.109375,1.046875,2.875,0.78125,0.6875,3.0625,141.203125,1.734375,7.734375,2.078125,4.0,0.40625,1.25,0.375,9.203125,20.125,2.125,1.15625,4.9375,0.0,2.078125,1.359375,1.296875,0.40625,72.421875,23.6875,86.25,17.53125,38.828125,92.15625,0.0,0.0,0.8125,0.0,21.9375,0.59375,4.734375,0.0,74.984375,146.5625,54.875,0.71875,2.125,0.0,74.96875,0.0,11.59375,23.046875,13.203125,23.328125,3.578125,1.609375,0.078125,4.04059990036592,0.5117578125
DNov_ED_quotes,9.083333333333334,1.5833333333333333,2.9166666666666665,6.666666666666667,13.979166666666666,52.125,18.416666666666668,0.9375,0.6875,4.125,18.208333333333332,9.6875,0.6458333333333334,1.6041666666666667,1.8125,65.5625,1.8541666666666667,76.75,117.9375,2.7708333333333335,15.104166666666666,4.229166666666667,0.8541666666666666,0.375,20.604166666666668,4.541666666666667,0.8958333333333334,2.125,8.125,10.541666666666666,0.8541666666666666,60.583333333333336,23.416666666666668,17.5,7.875,35.354166666666664,0.6875,0.6041666666666666,4.333333333333333,3.9375,2.9583333333333335,23.375,4.916666666666667,9.833333333333334,0.5416666666666666,5.4375,1.3541666666666667,0.6875,4.875,102.125,4.395833333333333,8.041666666666666,4.0625,6.0625,0.3541666666666667,0.6041666666666666,0.7083333333333334,8.729166666666666,16.333333333333332,0.7083333333333334,5.104166666666667,10.479166666666666,0.0,7.416666666666667,1.8541666666666667,1.5,1.3958333333333333,41.895833333333336,36.729166666666664,132.64583333333334,24.6875,33.8125,64.83333333333333,0.0,0.0,4.916666666666667,0.0,54.583333333333336,7.0,3.2083333333333335,0.0,143.77083333333334,117.9375,37.208333333333336,3.125,2.75,0.0,143.1875,0.0,17.75,18.333333333333332,21.1875,10.625,4.145833333333333,1.875,0.0625,3.543256677033708,0.48104166666666665
DNov_GE_nonquotes,9.18421052631579,1.625,2.4671052631578947,7.177631578947368,5.144736842105263,52.78947368421053,13.25,0.3157894736842105,0.8223684210526315,3.210526315789474,26.282894736842106,0.9407894736842105,0.39473684210526316,1.4539473684210527,1.756578947368421,57.75657894736842,2.5197368421052633,62.73026315789474,154.59868421052633,2.5723684210526314,13.164473684210526,2.2039473684210527,1.8421052631578947,0.5460526315789473,88.64473684210526,5.717105263157895,1.5,3.1710526315789473,4.078947368421052,3.1184210526315788,1.9736842105263157,3.9934210526315788,18.289473684210527,12.144736842105264,13.657894736842104,0.40789473684210525,1.4013157894736843,1.0394736842105263,5.0855263157894735,2.960526315789474,1.9013157894736843,43.2828947368421,5.296052631578948,11.848684210526315,0.8223684210526315,3.4802631578947367,1.631578947368421,0.9605263157894737,5.4605263157894735,128.94078947368422,2.585526315789474,7.894736842105263,2.9539473684210527,4.381578947368421,0.39473684210526316,0.8355263157894737,0.4407894736842105,12.802631578947368,23.54605263157895,1.8026315789473684,2.1447368421052633,6.7894736842105265,0.0,5.947368421052632,2.3223684210526314,1.5921052631578947,0.9605263157894737,65.51315789473684,28.70394736842105,85.74342105263158,24.144736842105264,43.44078947368421,86.38815789473684,0.0,0.0,0.3815789473684211,0.0,26.06578947368421,0.4868421052631579,4.703947368421052,0.0,114.04605263157895,154.59868421052633,30.473684210526315,0.4868421052631579,0.8026315789473685,0.0,113.82894736842105,0.0,15.907894736842104,21.44078947368421,22.460526315789473,20.901315789473685,3.6907894736842106,1.8486842105263157,0.013157894736842105,3.7866459424049013,0.49131578947368426
DNov_GE_quotes,8.828125,1.6875,2.515625,6.765625,14.828125,47.390625,18.140625,0.734375,0.59375,4.8125,16.640625,19.109375,1.328125,1.453125,2.765625,54.71875,1.15625,76.109375,112.0625,3.078125,14.90625,4.125,1.140625,0.25,27.9375,4.109375,0.53125,1.90625,7.265625,10.359375,0.796875,61.703125,24.390625,17.53125,7.609375,42.09375,0.40625,0.734375,4.65625,2.609375,2.578125,30.609375,6.4375,6.890625,0.5,4.90625,0.859375,0.515625,3.65625,98.390625,5.1875,8.8125,3.734375,5.359375,0.234375,0.3125,0.46875,9.03125,16.65625,0.46875,7.171875,11.21875,0.015625,8.484375,1.484375,1.359375,1.5625,41.484375,36.640625,137.703125,23.203125,35.65625,65.625,0.0,0.0,5.078125,0.0,57.90625,10.375,6.09375,0.03125,146.265625,112.0625,39.015625,3.625,4.125,0.0,145.921875,0.0,19.40625,18.875,22.375,9.859375,4.40625,1.546875,0.171875,3.426096554124724,0.46093750000000006
DNov_HT_nonquotes,10.231884057971014,1.3768115942028984,2.63768115942029,7.478260869565218,4.666666666666667,61.3768115942029,11.971014492753623,0.2608695652173913,1.0,2.536231884057971,26.014492753623188,5.478260869565218,0.3333333333333333,1.8405797101449275,1.5072463768115942,5.0144927536231885,2.7681159420289854,59.20289855072464,143.42028985507247,2.318840579710145,11.623188405797102,1.0434782608695652,1.2173913043478262,1.289855072463768,78.8840579710145,6.333333333333333,1.7826086956521738,3.4057971014492754,3.36231884057971,3.0144927536231885,1.8695652173913044,5.3768115942028984,13.797101449275363,11.666666666666666,13.855072463768115,1.536231884057971,1.391304347826087,1.0,4.086956521739131,3.130434782608696,2.1594202898550723,68.08695652173913,4.507246376811594,13.376811594202898,0.7681159420289855,3.1159420289855073,0.7536231884057971,0.855072463768116,2.7681159420289854,137.40579710144928,1.826086956521739,8.0,2.550724637681159,5.202898550724638,0.3333333333333333,0.855072463768116,0.2463768115942029,9.521739130434783,20.130434782608695,1.8115942028985508,1.536231884057971,5.0,0.0,2.8405797101449277,1.5797101449275361,1.8115942028985508,0.6666666666666666,67.17391304347827,26.231884057971016,80.97101449275362,18.753623188405797,39.0,89.72463768115942,0.0,0.0,0.7101449275362319,0.0,23.855072463768117,1.6231884057971016,5.7101449275362315,0.0,86.42028985507247,143.42028985507247,49.14492753623188,0.8695652173913043,4.420289855072464,0.0,86.34782608695652,0.0,14.347826086956522,22.565217391304348,15.521739130434783,20.144927536231883,4.318840579710145,1.6376811594202898,0.34782608695652173,3.9438785887336607,0.5088768115942028
DNov_HT_quotes,9.547169811320755,2.169811320754717,3.358490566037736,6.90566037735849,14.79245283018868,48.45283018867924,18.32075471698113,0.7924528301886793,0.9811320754716981,5.245283018867925,19.132075471698112,18.77358490566038,1.1132075471698113,2.0,1.8679245283018868,61.490566037735846,1.2641509433962264,76.98113207547169,119.84905660377359,3.6792452830188678,17.20754716981132,3.6792452830188678,1.0377358490566038,0.33962264150943394,23.09433962264151,3.4339622641509435,0.9811320754716981,1.9433962264150944,7.584905660377358,10.60377358490566,1.0188679245283019,61.37735849056604,25.49056603773585,14.49056603773585,7.339622641509434,36.528301886792455,0.7358490566037735,0.5283018867924528,4.528301886792453,3.6037735849056602,2.6037735849056602,27.9811320754717,5.566037735849057,8.622641509433961,0.5849056603773585,5.509433962264151,0.8490566037735849,0.8301886792452831,4.169811320754717,104.9622641509434,4.415094339622642,9.132075471698114,4.30188679245283,6.226415094339623,0.3584905660377358,0.4339622641509434,0.4339622641509434,11.716981132075471,15.264150943396226,0.5283018867924528,5.320754716981132,12.226415094339623,0.018867924528301886,7.150943396226415,1.5660377358490567,1.9622641509433962,1.8867924528301887,41.79245283018868,35.943396226415096,122.50943396226415,25.07547169811321,30.150943396226417,66.09433962264151,0.0,0.0,3.792452830188679,0.0,56.83018867924528,9.320754716981131,4.60377358490566,0.0,142.20754716981133,119.84905660377359,36.867924528301884,2.943396226415094,7.433962264150943,0.0,141.88679245283018,0.0,19.50943396226415,19.169811320754718,20.71698113207547,9.584905660377359,4.509433962264151,1.6603773584905661,0.5471698113207547,3.492004816136891,0.4707075471698113
DNov_LD_nonquotes,9.608,1.412,2.288,7.168,5.116,63.044,13.296,0.316,0.944,2.716,27.704,2.008,0.34,1.6,1.836,5.896,2.976,58.496,152.852,2.504,13.412,1.3,1.204,1.116,77.048,6.308,1.98,2.984,3.864,3.508,2.216,5.252,13.628,12.796,13.584,2.084,1.332,1.128,3.464,2.956,1.976,67.836,4.584,15.308,0.952,3.676,1.22,1.008,3.904,135.496,2.284,8.828,3.144,4.72,0.276,1.056,0.464,11.396,18.896,2.008,2.064,6.044,0.0,2.856,1.672,2.14,0.676,71.396,27.676,80.908,20.388,38.38,94.26,0.0,0.0,0.784,0.0,25.864,0.704,4.972,0.0,88.952,152.852,51.588,0.824,1.36,0.008,88.892,0.0,15.676,22.196,17.152,21.344,3.732,1.872,0.044,4.024585757271816,0.50445
DNov_LD_quotes,10.73758865248227,2.3617021276595747,3.702127659574468,6.574468085106383,15.695035460992909,52.86524822695036,19.97163120567376,0.7872340425531915,0.8085106382978723,4.9361702127659575,17.624113475177303,10.588652482269504,1.0,1.872340425531915,1.851063829787234,64.2127659574468,1.3475177304964538,81.79432624113475,119.56737588652483,4.340425531914893,17.425531914893618,4.177304964539007,0.8226950354609929,0.2765957446808511,22.19148936170213,4.375886524822695,1.0070921985815602,2.1631205673758864,7.4822695035460995,10.425531914893616,0.950354609929078,63.07801418439716,26.05673758865248,18.5531914893617,8.085106382978724,34.02127659574468,0.5673758865248227,0.5460992907801419,4.588652482269503,4.446808510638298,3.0567375886524824,25.929078014184398,4.822695035460993,9.97163120567376,0.45390070921985815,6.539007092198582,1.1560283687943262,0.6524822695035462,4.567375886524823,97.58156028368795,4.404255319148936,9.460992907801419,4.127659574468085,6.886524822695035,0.3546099290780142,0.4397163120567376,0.6028368794326241,10.886524822695035,13.801418439716311,0.49645390070921985,5.51063829787234,11.98581560283688,0.0,8.312056737588652,2.028368794326241,1.7375886524822695,1.9148936170212767,41.95744680851064,38.8936170212766,130.15602836879432,24.50354609929078,32.191489361702125,66.95035460992908,0.0,0.0,5.865248226950355,0.0,57.87234042553192,10.085106382978724,4.184397163120567,0.05673758865248227,144.03546099290782,119.56737588652483,36.723404255319146,3.3404255319148937,1.6099290780141844,0.0,143.7304964539007,0.0,19.326241134751772,18.340425531914892,22.43262411347518,10.418439716312056,4.631205673758865,2.049645390070922,0.10638297872340426,3.548844245573886,0.4693617021276596
DNov_MC_nonquotes,10.42436974789916,1.281512605042017,3.2899159663865545,7.071428571428571,4.588235294117647,64.5672268907563,12.22689075630252,0.28991596638655465,1.096638655462185,2.4327731092436973,28.46638655462185,2.168067226890756,0.3403361344537815,1.7352941176470589,1.6722689075630253,1.2605042016806722,2.7857142857142856,59.42857142857143,147.7941176470588,2.23109243697479,11.861344537815127,0.9957983193277311,0.9705882352941176,0.9033613445378151,80.54621848739495,6.100840336134453,1.8949579831932772,3.142857142857143,4.054621848739496,2.69327731092437,1.9873949579831933,5.050420168067227,13.058823529411764,11.588235294117647,16.991596638655462,1.0546218487394958,1.3277310924369747,1.7773109243697478,3.1554621848739495,3.168067226890756,1.8949579831932772,64.21428571428571,4.739495798319328,15.235294117647058,0.8403361344537815,3.3445378151260505,1.0378151260504203,0.6302521008403361,3.7605042016806722,139.63025210084032,2.1512605042016806,8.873949579831933,2.9243697478991595,4.894957983193278,0.38235294117647056,0.9411764705882353,0.38235294117647056,9.836134453781513,21.021008403361346,2.592436974789916,1.6554621848739495,5.663865546218488,0.0,2.5294117647058822,1.3361344537815125,1.7352941176470589,0.5,71.23529411764706,26.168067226890756,76.7016806722689,19.42436974789916,40.94117647058823,96.74369747899159,0.0,0.0,1.6050420168067228,0.0,22.710084033613445,0.7226890756302521,4.739495798319328,0.0,78.22268907563026,147.7941176470588,53.390756302521005,0.44537815126050423,1.4369747899159664,0.0,78.19327731092437,0.0,14.453781512605042,23.31512605042017,13.735294117647058,22.063025210084035,3.680672268907563,2.30672268907563,0.008403361344537815,4.031465515475928,0.5117752100840337
DNov_MC_quotes,10.096774193548388,1.8516129032258064,4.219354838709678,5.541935483870968,16.335483870967742,54.38709677419355,18.496774193548386,0.5032258064516129,0.7870967741935484,5.432258064516129,20.038709677419355,16.483870967741936,1.064516129032258,1.8709677419354838,2.5483870967741935,62.090322580645164,1.1548387096774193,78.40645161290323,114.46451612903226,3.1806451612903226,14.670967741935485,3.8838709677419354,0.9225806451612903,0.25806451612903225,21.548387096774192,3.490322580645161,0.8129032258064516,1.8516129032258064,7.212903225806452,11.012903225806452,0.5161290322580645,64.87096774193549,24.232258064516127,16.2,7.374193548387097,34.58709677419355,0.36129032258064514,0.8193548387096774,4.129032258064516,3.296774193548387,2.767741935483871,28.18064516129032,4.8,9.174193548387096,0.41935483870967744,5.851612903225806,0.7548387096774194,0.5161290322580645,3.7096774193548385,104.67096774193548,5.412903225806452,8.683870967741935,4.348387096774194,6.27741935483871,0.5161290322580645,0.3419354838709677,0.5483870967741935,9.012903225806452,13.735483870967743,0.49032258064516127,5.329032258064516,11.90967741935484,0.0,7.909677419354839,2.0,1.7483870967741935,1.5096774193548388,44.08387096774194,36.12258064516129,132.0,24.864516129032257,29.716129032258063,70.00645161290322,0.0,0.0,7.651612903225806,0.0,55.619354838709675,10.36774193548387,4.716129032258064,0.01935483870967742,142.65806451612903,114.46451612903226,35.56774193548387,3.0838709677419356,3.6838709677419357,0.0,142.2516129032258,0.0,19.683870967741935,19.90967741935484,20.34193548387097,9.180645161290322,4.296774193548387,2.270967741935484,0.13548387096774195,3.4812279170173968,0.4843548387096773
DNov_NN_nonquotes,11.232142857142858,1.25,3.8660714285714284,7.678571428571429,4.107142857142857,66.16517857142857,10.254464285714286,0.15178571428571427,0.9196428571428571,2.080357142857143,24.861607142857142,2.4910714285714284,0.28125,2.2544642857142856,2.0625,1.3482142857142858,3.830357142857143,58.339285714285715,142.06696428571428,2.017857142857143,12.714285714285714,1.1964285714285714,1.0982142857142858,1.5848214285714286,80.46428571428571,7.522321428571429,2.4732142857142856,2.857142857142857,3.5357142857142856,2.46875,2.21875,4.727678571428571,12.196428571428571,8.116071428571429,20.049107142857142,0.5491071428571429,1.4375,1.8035714285714286,3.4642857142857144,3.5223214285714284,2.0089285714285716,53.72767857142857,4.21875,17.638392857142858,0.9776785714285714,2.7142857142857144,0.8348214285714286,0.47767857142857145,3.8482142857142856,138.79464285714286,2.34375,7.821428571428571,3.1026785714285716,5.205357142857143,0.20982142857142858,1.1473214285714286,0.32142857142857145,10.165178571428571,22.0,3.1785714285714284,1.2946428571428572,5.53125,0.0,1.96875,1.7455357142857142,2.2723214285714284,0.5982142857142857,72.12946428571429,24.285714285714285,78.58482142857143,18.616071428571427,41.933035714285715,98.69196428571429,0.0,0.0,0.6339285714285714,0.0,22.727678571428573,0.4017857142857143,5.955357142857143,0.0,63.767857142857146,142.06696428571428,62.27232142857143,0.29910714285714285,2.875,0.0,63.75892857142857,0.0,16.553571428571427,23.0,11.544642857142858,23.674107142857142,3.763392857142857,2.669642857142857,0.017857142857142856,4.200582494190689,0.5157254464285714
DNov_NN_quotes,10.701986754966887,2.3973509933774833,4.76158940397351,5.6158940397351,15.23841059602649,54.11920529801324,17.7682119205298,0.7086092715231788,0.8079470198675497,5.688741721854305,17.0,15.271523178807946,1.0198675496688743,2.2119205298013247,2.3112582781456954,55.35761589403973,1.0463576158940397,77.35099337748345,110.13907284768212,4.178807947019868,13.860927152317881,4.860927152317881,0.7748344370860927,0.31788079470198677,23.95364238410596,4.7218543046357615,0.8609271523178808,2.165562913907285,6.6490066225165565,12.317880794701987,0.5496688741721855,60.82119205298013,24.185430463576157,15.635761589403973,7.0,31.52317880794702,0.5364238410596026,0.6821192052980133,3.9072847682119205,2.966887417218543,2.5496688741721854,31.801324503311257,5.774834437086093,8.370860927152318,0.33774834437086093,5.0927152317880795,1.0463576158940397,0.9205298013245033,3.9271523178807946,112.43046357615894,5.927152317880795,9.794701986754967,4.158940397350993,6.052980132450331,0.2980132450331126,0.36423841059602646,0.4304635761589404,8.56953642384106,17.0,0.423841059602649,5.576158940397351,11.668874172185431,0.0,8.039735099337749,1.8410596026490067,2.165562913907285,1.6688741721854305,45.52317880794702,35.04635761589404,114.96688741721854,24.966887417218544,34.99337748344371,73.64238410596026,0.0,0.0,5.139072847682119,0.0,58.23841059602649,10.23841059602649,6.642384105960265,0.033112582781456956,135.49006622516555,110.13907284768212,31.185430463576157,2.993377483443709,3.6821192052980134,0.0,135.18543046357615,0.0,20.483443708609272,20.185430463576157,20.165562913907284,8.52317880794702,4.013245033112582,2.5827814569536423,0.19205298013245034,3.5327585858722474,0.4926655629139073
DNov_OCS_nonquotes,10.63276836158192,1.1638418079096045,3.406779661016949,7.062146892655368,4.062146892655368,68.2316384180791,11.587570621468927,0.23163841807909605,0.9096045197740112,2.135593220338983,25.559322033898304,1.5988700564971752,0.384180790960452,1.6610169491525424,1.5932203389830508,2.5028248587570623,3.3389830508474576,59.11864406779661,145.41242937853107,2.135593220338983,13.350282485875706,1.152542372881356,1.1412429378531073,1.4011299435028248,76.71751412429379,8.27683615819209,2.3446327683615817,3.480225988700565,3.2824858757062145,2.864406779661017,2.4915254237288136,5.858757062146893,13.169491525423728,10.056497175141242,13.242937853107344,0.4632768361581921,1.5536723163841808,1.7627118644067796,3.056497175141243,2.6836158192090394,2.378531073446328,62.66101694915254,4.440677966101695,14.435028248587571,0.9096045197740112,3.446327683615819,0.903954802259887,0.7853107344632768,3.468926553672316,149.7909604519774,2.288135593220339,8.372881355932204,3.146892655367232,4.203389830508475,0.4124293785310734,1.0847457627118644,0.3672316384180791,9.807909604519773,23.192090395480225,2.6440677966101696,1.3898305084745763,5.401129943502825,0.0,2.4350282485875705,1.7853107344632768,2.3728813559322033,0.536723163841808,77.6045197740113,25.548022598870055,52.85310734463277,19.89830508474576,48.610169491525426,104.0,0.0,0.0,0.7457627118644068,0.0,24.689265536723163,0.519774011299435,4.5875706214689265,0.005649717514124294,75.92655367231639,145.41242937853107,32.36158192090395,0.3672316384180791,1.1807909604519775,0.005649717514124294,75.88135593220339,0.0,17.124293785310734,21.983050847457626,14.429378531073446,25.005649717514125,3.9096045197740112,1.8135593220338984,0.011299435028248588,4.053888352972218,0.5169209039548023
DNov_OCS_quotes,9.736842105263158,2.1578947368421053,4.118421052631579,4.9605263157894735,14.342105263157896,53.55263157894737,16.763157894736842,0.5394736842105263,0.7236842105263158,6.368421052631579,16.17105263157895,19.157894736842106,0.868421052631579,2.0,2.723684210526316,55.6578947368421,1.0921052631578947,81.60526315789474,107.40789473684211,3.8684210526315788,14.223684210526315,4.223684210526316,1.0263157894736843,0.27631578947368424,22.61842105263158,5.0131578947368425,0.7631578947368421,2.486842105263158,6.447368421052632,13.328947368421053,0.5921052631578947,65.55263157894737,25.30263157894737,16.18421052631579,6.118421052631579,35.69736842105263,0.47368421052631576,0.5,4.881578947368421,2.6052631578947367,2.5657894736842106,31.473684210526315,6.684210526315789,6.644736842105263,0.32894736842105265,5.592105263157895,0.7763157894736842,1.0921052631578947,4.092105263157895,106.22368421052632,6.144736842105263,9.513157894736842,4.328947368421052,5.605263157894737,0.3157894736842105,0.2631578947368421,0.40789473684210525,8.736842105263158,15.105263157894736,0.4868421052631579,6.394736842105263,10.960526315789474,0.0,7.894736842105263,1.644736842105263,2.236842105263158,1.894736842105263,43.13157894736842,34.276315789473685,117.5,27.526315789473685,34.56578947368421,69.10526315789474,0.0,0.0,4.657894736842105,0.0,61.85526315789474,11.407894736842104,5.315789473684211,0.013157894736842105,140.31578947368422,107.40789473684211,27.236842105263158,3.5789473684210527,1.6842105263157894,0.0,139.97368421052633,0.0,20.907894736842106,18.842105263157894,21.342105263157894,9.276315789473685,4.697368421052632,1.7763157894736843,0.07894736842105263,3.449029596696033,0.4872368421052632
DNov_OMF_nonquotes,7.886699507389163,1.1724137931034482,2.3842364532019706,7.019704433497537,4.137931034482759,60.59605911330049,10.300492610837438,0.28078817733990147,0.8817733990147784,2.6945812807881775,27.11822660098522,2.5714285714285716,0.35467980295566504,1.3891625615763548,1.561576354679803,2.7438423645320196,3.5763546798029555,56.610837438423644,148.45320197044336,1.8916256157635467,11.369458128078819,1.1083743842364533,1.0886699507389161,1.064039408866995,71.63546798029557,6.359605911330049,1.8226600985221675,2.6748768472906406,3.3596059113300494,2.8226600985221677,2.9408866995073892,12.463054187192117,12.35960591133005,11.566502463054187,17.995073891625616,1.4187192118226601,1.3990147783251232,0.8472906403940886,3.522167487684729,3.960591133004926,1.6945812807881773,62.58620689655172,4.83743842364532,13.35960591133005,0.9556650246305419,2.7980295566502464,1.0541871921182266,0.7339901477832512,3.044334975369458,140.13300492610838,2.0344827586206895,7.896551724137931,2.2955665024630543,3.7832512315270934,0.33497536945812806,1.1970443349753694,0.3103448275862069,8.48768472906404,19.600985221674875,2.9113300492610836,1.6945812807881773,4.640394088669951,0.0,2.315270935960591,1.5270935960591132,1.6157635467980296,0.5517241379310345,74.5615763546798,23.714285714285715,93.75862068965517,17.43349753694581,39.37931034482759,94.67980295566502,0.0,0.0,0.7241379310344828,0.0,22.06896551724138,0.5566502463054187,4.763546798029557,0.0049261083743842365,78.62068965517241,148.45320197044336,65.75369458128078,0.7881773399014779,1.980295566502463,0.0,78.57635467980296,0.0,12.74384236453202,23.832512315270936,14.137931034482758,26.320197044334975,3.3497536945812807,1.7586206896551724,0.009852216748768473,4.0827439172239615,0.5047044334975369
DNov_OMF_quotes,8.914772727272727,2.0170454545454546,2.897727272727273,6.454545454545454,16.823863636363637,49.14204545454545,17.369318181818183,1.1420454545454546,0.6420454545454546,5.119318181818182,18.323863636363637,16.40909090909091,1.1477272727272727,1.5738636363636365,2.164772727272727,65.94318181818181,1.1704545454545454,76.89204545454545,122.07954545454545,3.5681818181818183,16.357954545454547,4.193181818181818,0.9375,0.3465909090909091,23.022727272727273,3.6363636363636362,0.6647727272727273,2.1193181818181817,7.494318181818182,10.636363636363637,0.8920454545454546,63.17045454545455,25.198863636363637,18.84090909090909,8.301136363636363,38.56818181818182,0.6477272727272727,0.5681818181818182,4.704545454545454,3.6136363636363638,2.5625,25.02840909090909,5.017045454545454,7.943181818181818,0.6079545454545454,5.028409090909091,1.2272727272727273,0.7670454545454546,3.9431818181818183,99.3125,4.386363636363637,8.539772727272727,3.772727272727273,6.096590909090909,0.29545454545454547,0.45454545454545453,0.42613636363636365,9.301136363636363,15.113636363636363,0.5568181818181818,6.1875,12.278409090909092,0.0,7.7897727272727275,1.9147727272727273,1.7727272727272727,1.7954545454545454,43.28977272727273,35.3125,142.73863636363637,25.34659090909091,33.32954545454545,65.73295454545455,0.0,0.0,5.25,0.005681818181818182,59.53977272727273,8.653409090909092,4.142045454545454,0.022727272727272728,149.9090909090909,122.07954545454545,41.90909090909091,3.5170454545454546,2.75,0.0,149.4715909090909,0.0,18.926136363636363,18.670454545454547,22.289772727272727,11.113636363636363,4.392045454545454,1.875,0.09659090909090909,3.4912250335597026,0.4675284090909091
DNov_OT_nonquotes,9.658536585365853,0.8130081300813008,3.1463414634146343,7.780487804878049,3.2845528455284554,63.577235772357724,9.601626016260163,0.16260162601626016,0.7642276422764228,2.0,23.414634146341463,1.8617886178861789,0.3089430894308943,2.0,1.9268292682926829,1.4715447154471544,3.178861788617886,54.63414634146341,138.9268292682927,1.4715447154471544,11.382113821138212,0.9105691056910569,0.967479674796748,1.7642276422764227,83.26829268292683,6.983739837398374,2.4715447154471546,3.6991869918699187,2.894308943089431,2.1951219512195124,1.975609756097561,5.211382113821138,11.121951219512194,8.008130081300813,17.878048780487806,0.5447154471544715,1.3983739837398375,2.154471544715447,3.796747967479675,3.105691056910569,1.975609756097561,55.707317073170735,3.959349593495935,14.130081300813009,1.0406504065040652,2.8536585365853657,0.6422764227642277,0.7642276422764228,3.2357723577235773,149.71544715447155,2.1707317073170733,6.626016260162602,3.4715447154471546,4.349593495934959,0.12195121951219512,1.1056910569105691,0.36585365853658536,9.512195121951219,21.24390243902439,3.813008130081301,1.0406504065040652,5.073170731707317,0.0,2.024390243902439,1.3008130081300813,2.4471544715447155,0.4065040650406504,86.52845528455285,24.016260162601625,66.1951219512195,16.617886178861788,38.6260162601626,110.4959349593496,0.0,0.0,0.7886178861788617,0.0,20.203252032520325,0.3170731707317073,5.252032520325203,0.016260162601626018,65.95934959349593,138.9268292682927,43.02439024390244,0.21951219512195122,1.3495934959349594,0.0,65.92682926829268,0.0,16.308943089430894,23.479674796747968,11.83739837398374,25.008130081300813,3.813008130081301,2.008130081300813,0.024390243902439025,4.023341658731903,0.5067073170731707
DNov_OT_quotes,10.920634920634921,2.4285714285714284,2.9047619047619047,5.5396825396825395,16.58730158730159,51.17460317460318,14.619047619047619,0.5396825396825397,0.5555555555555556,6.031746031746032,15.682539682539682,19.047619047619047,0.873015873015873,2.4126984126984126,2.2063492063492065,51.666666666666664,0.6825396825396826,78.23809523809524,109.80952380952381,4.492063492063492,13.714285714285714,3.7142857142857144,0.746031746031746,0.2222222222222222,24.126984126984127,3.6666666666666665,0.7301587301587301,2.7777777777777777,6.698412698412699,13.206349206349206,0.47619047619047616,59.82539682539682,22.936507936507937,16.77777777777778,5.777777777777778,33.095238095238095,0.38095238095238093,0.6825396825396826,5.841269841269841,2.3968253968253967,2.0476190476190474,34.333333333333336,5.634920634920635,6.333333333333333,0.47619047619047616,4.031746031746032,0.8412698412698413,1.0793650793650793,3.0793650793650795,113.17460317460318,6.4603174603174605,9.412698412698413,4.507936507936508,4.873015873015873,0.25396825396825395,0.38095238095238093,0.49206349206349204,9.301587301587302,14.88888888888889,0.4603174603174603,6.222222222222222,11.079365079365079,0.031746031746031744,7.666666666666667,2.2222222222222223,2.7936507936507935,1.619047619047619,47.82539682539682,31.523809523809526,117.82539682539682,24.3015873015873,30.96825396825397,75.03174603174604,0.0,0.0,8.222222222222221,0.0,61.95238095238095,11.80952380952381,5.603174603174603,0.09523809523809523,139.015873015873,109.80952380952381,24.58730158730159,2.746031746031746,1.8412698412698412,0.0,138.6031746031746,0.0,21.476190476190474,19.22222222222222,22.952380952380953,7.9523809523809526,4.4603174603174605,1.7301587301587302,0.1111111111111111,3.388636703630346,0.48369047619047617
DNov_PP_nonquotes,8.456896551724139,1.1206896551724137,3.543103448275862,7.827586206896552,3.336206896551724,63.75431034482759,8.793103448275861,0.1336206896551724,0.375,1.7198275862068966,22.357758620689655,7.637931034482759,0.3577586206896552,1.5732758620689655,1.6379310344827587,4.064655172413793,3.1939655172413794,51.36206896551724,129.16810344827587,1.7629310344827587,10.168103448275861,1.0344827586206897,0.7974137931034483,1.3922413793103448,75.65517241379311,6.219827586206897,2.3060344827586206,3.1508620689655173,2.6422413793103448,2.2241379310344827,1.8922413793103448,9.077586206896552,9.767241379310345,6.844827586206897,23.198275862068964,1.8706896551724137,0.8922413793103449,1.6293103448275863,3.163793103448276,2.581896551724138,1.375,42.63793103448276,3.538793103448276,15.823275862068966,1.0301724137931034,2.168103448275862,0.6767241379310345,0.5129310344827587,2.538793103448276,145.9094827586207,1.8836206896551724,6.120689655172414,3.2456896551724137,4.202586206896552,0.19827586206896552,1.2198275862068966,0.19827586206896552,8.327586206896552,20.495689655172413,2.375,1.293103448275862,5.081896551724138,0.0,2.314655172413793,1.2155172413793103,2.0258620689655173,0.3922413793103448,83.44827586206897,22.801724137931036,93.61206896551724,12.900862068965518,35.98275862068966,104.97413793103448,0.0,0.0,0.7413793103448276,0.0,19.31896551724138,0.8189655172413793,5.650862068965517,0.004310344827586207,55.668103448275865,129.16810344827587,70.58620689655173,0.5732758620689655,8.836206896551724,0.0,55.616379310344826,0.0,14.017241379310345,23.926724137931036,8.474137931034482,19.586206896551722,3.021551724137931,2.2629310344827585,0.1336206896551724,4.023959298265938,0.4892995689655173
DNov_PP_quotes,9.0,1.6946564885496183,4.908396946564886,4.916030534351145,12.534351145038167,53.49618320610687,13.01526717557252,0.33587786259541985,0.549618320610687,3.83206106870229,16.389312977099237,22.198473282442748,1.0229007633587786,1.7709923664122138,2.030534351145038,46.31297709923664,1.2061068702290076,69.21374045801527,104.80916030534351,3.3206106870229006,12.488549618320612,3.2442748091603053,0.5343511450381679,0.6030534351145038,28.297709923664122,3.854961832061069,0.9541984732824428,2.6564885496183206,4.877862595419847,9.404580152671755,0.8778625954198473,51.603053435114504,20.045801526717558,14.251908396946565,7.3893129770992365,25.435114503816795,0.5725190839694656,0.6717557251908397,4.923664122137405,3.213740458015267,2.2977099236641223,29.923664122137403,4.931297709923665,9.183206106870228,0.4580152671755725,3.8396946564885495,0.6183206106870229,0.5725190839694656,2.900763358778626,129.23664122137404,5.320610687022901,9.244274809160306,3.351145038167939,4.687022900763359,0.2824427480916031,0.5114503816793893,0.2595419847328244,6.778625954198473,13.526717557251908,0.5419847328244275,4.66412213740458,9.13740458015267,0.0,7.206106870229007,1.717557251908397,1.786259541984733,1.015267175572519,53.83969465648855,27.458015267175572,124.93129770992367,18.15267175572519,27.00763358778626,78.99236641221374,0.0,0.0,3.282442748091603,0.015267175572519083,48.23664122137404,10.900763358778626,5.824427480916031,0.03816793893129771,117.31297709923665,104.80916030534351,45.25190839694657,1.9389312977099236,13.450381679389313,0.007633587786259542,117.12977099236642,0.0,15.908396946564885,20.717557251908396,15.419847328244275,8.82442748091603,3.2748091603053435,1.7404580152671756,0.1984732824427481,3.5372084447368235,0.4915267175572519
DNov_TTC_nonquotes,10.089108910891088,1.0792079207920793,1.9405940594059405,8.287128712871286,3.99009900990099,62.396039603960396,11.990099009900991,0.1782178217821782,0.7524752475247525,1.9207920792079207,28.15841584158416,0.19801980198019803,0.38613861386138615,1.5742574257425743,1.881188118811881,1.0198019801980198,2.594059405940594,54.257425742574256,149.88118811881188,2.01980198019802,10.029702970297029,0.8118811881188119,1.1287128712871286,1.386138613861386,77.97029702970298,8.435643564356436,1.6534653465346534,3.514851485148515,2.9504950495049505,2.0594059405940595,2.1782178217821784,3.4356435643564356,10.930693069306932,12.346534653465346,9.930693069306932,0.22772277227722773,0.8613861386138614,1.108910891089109,4.108910891089109,2.9306930693069306,2.0297029702970297,61.663366336633665,4.237623762376238,13.356435643564357,0.7524752475247525,3.3069306930693068,0.9405940594059405,1.6435643564356435,2.801980198019802,151.69306930693068,2.118811881188119,7.346534653465347,2.5445544554455446,3.9405940594059405,0.25742574257425743,1.4257425742574257,0.22772277227722773,10.801980198019802,20.831683168316832,1.7128712871287128,1.3465346534653466,4.5049504950495045,0.0,1.6732673267326732,1.5148514851485149,2.9504950495049505,0.5445544554455446,82.82178217821782,27.0,69.81188118811882,15.881188118811881,42.603960396039604,105.1980198019802,0.0,0.0,0.5445544554455446,0.0,18.742574257425744,0.40594059405940597,7.1683168316831685,0.0,75.52475247524752,149.88118811881188,40.881188118811885,0.6732673267326733,0.3069306930693069,0.0,75.48514851485149,0.0,14.455445544554456,22.14851485148515,15.029702970297029,19.653465346534652,3.4653465346534653,1.5940594059405941,0.039603960396039604,3.9719538152013394,0.4964356435643565
DNov_TTC_quotes,9.661016949152541,1.2372881355932204,1.9830508474576272,7.694915254237288,12.033898305084746,49.57627118644068,20.8135593220339,0.4067796610169492,0.6949152542372882,4.610169491525424,18.83050847457627,7.4576271186440675,0.9661016949152542,1.305084745762712,2.6610169491525424,59.52542372881356,1.2542372881355932,65.8135593220339,119.89830508474576,2.9661016949152543,13.745762711864407,2.9661016949152543,1.0169491525423728,0.5254237288135594,25.11864406779661,4.288135593220339,0.9152542372881356,2.1864406779661016,7.169491525423729,9.830508474576272,0.7627118644067796,58.23728813559322,24.74576271186441,18.440677966101696,6.711864406779661,30.559322033898304,0.423728813559322,0.576271186440678,4.423728813559322,3.6779661016949152,3.5084745762711864,28.694915254237287,5.033898305084746,10.271186440677965,0.559322033898305,6.52542372881356,1.305084745762712,0.9322033898305084,4.423728813559322,109.13559322033899,4.0508474576271185,10.627118644067796,3.711864406779661,5.0508474576271185,0.1864406779661017,0.3898305084745763,0.576271186440678,9.94915254237288,14.542372881355933,0.7966101694915254,4.932203389830509,9.525423728813559,0.0,6.762711864406779,1.9661016949152543,2.0677966101694913,1.4067796610169492,49.40677966101695,40.74576271186441,125.20338983050847,23.06779661016949,30.93220338983051,75.77966101694915,0.0,0.0,6.711864406779661,0.03389830508474576,52.54237288135593,6.694915254237288,5.52542372881356,0.01694915254237288,138.61016949152543,119.89830508474576,32.42372881355932,3.2711864406779663,4.237288135593221,0.0,138.20338983050848,0.0,17.847457627118644,17.661016949152543,22.25423728813559,9.491525423728813,4.389830508474576,1.5254237288135593,0.23728813559322035,3.521125148552527,0.4680084745762712
