doc_id,QUAN,QUPR,AMP,PASS,XX0,JJ,BEMA,CAUS,CONC,COND,CONJ,CONT,DPAR,DWNT,EX,FPP1,GER,RB,PIN,INPR,TO,NEMD,OSUB,PASTP,VBD,PHC,PIRE,PLACE,POMD,PRMD,WZPRES,VPRT,PRIV,PIT,PUBV,SPP2,SMP,SERE,STPR,SUAV,SYNE,TPP3,TIME,NOMZ,BYPA,PRED,TOBJ,TSUB,THVC,NN,DEMP,DEMO,WHQU,EMPH,HDG,WZPAST,THAC,PEAS,ANDC,PRESP,PROD,SPAU,SPIN,THATD,WHOBJ,WHSUB,WHCL,ART,AUXB,CAP,SCONJ,CCONJ,DET,EMOJ,EMOT,EXCL,HASH,INF,UH,NUM,LAUGH,PRP,PREP,NNP,QUES,QUOT,AT,SBJP,URL,WH,INDA,ACCU,PGAS,CMADJ,SPADJ,X,AWL,TTR
19C_AgnesG_nonquotes,92.83333333333333,12.833333333333334,28.333333333333332,75.66666666666667,68.33333333333333,602.8333333333334,124.5,6.0,10.666666666666666,25.5,215.66666666666666,18.833333333333332,4.0,27.333333333333332,12.666666666666666,482.3333333333333,32.333333333333336,630.8333333333334,1280.3333333333333,20.333333333333332,185.33333333333334,28.5,13.0,6.166666666666667,608.8333333333334,64.33333333333333,10.0,25.5,55.5,50.5,10.333333333333334,61.666666666666664,165.5,88.16666666666667,86.0,9.5,11.666666666666666,12.5,33.0,33.166666666666664,24.666666666666668,451.1666666666667,37.833333333333336,157.16666666666666,8.333333333333334,38.833333333333336,5.333333333333333,9.166666666666666,25.666666666666668,1144.3333333333333,29.0,49.833333333333336,24.333333333333332,52.333333333333336,1.3333333333333333,7.166666666666667,2.3333333333333335,81.83333333333333,215.0,12.666666666666666,28.5,78.66666666666667,0.0,54.166666666666664,8.166666666666666,13.0,5.666666666666667,509.1666666666667,264.5,549.5,175.5,465.6666666666667,698.3333333333334,0.0,0.0,8.5,0.0,370.1666666666667,6.666666666666667,45.333333333333336,0.0,1035.1666666666667,1280.3333333333333,165.0,7.666666666666667,16.833333333333332,0.0,1034.5,0.0,122.5,173.5,204.5,163.16666666666666,43.833333333333336,22.5,0.8333333333333334,3.913112998663953,0.5091666666666667
19C_AgnesG_quotes,115.66666666666667,16.333333333333332,32.333333333333336,37.0,160.33333333333334,506.3333333333333,161.66666666666666,5.333333333333333,8.0,64.66666666666667,173.33333333333334,190.33333333333334,7.333333333333333,31.0,17.333333333333332,505.0,5.666666666666667,804.0,1022.3333333333334,31.666666666666668,182.0,54.0,9.333333333333334,2.3333333333333335,248.66666666666666,44.333333333333336,4.0,15.666666666666666,87.33333333333333,133.66666666666666,5.0,488.0,243.66666666666666,137.0,63.333333333333336,312.3333333333333,6.666666666666667,7.0,34.333333333333336,28.666666666666668,31.0,384.6666666666667,45.0,79.33333333333333,1.6666666666666667,52.666666666666664,5.333333333333333,6.0,23.333333333333332,815.0,42.0,53.666666666666664,32.333333333333336,76.66666666666667,3.6666666666666665,4.0,2.3333333333333335,51.333333333333336,205.0,2.6666666666666665,66.0,129.0,0.0,103.0,13.333333333333334,12.0,17.666666666666668,349.3333333333333,283.6666666666667,971.0,213.33333333333334,423.3333333333333,569.0,0.0,0.0,53.666666666666664,0.0,620.3333333333334,90.0,35.0,0.0,1349.3333333333333,1022.3333333333334,281.3333333333333,22.666666666666668,100.0,0.0,1346.0,0.0,149.0,168.0,230.66666666666666,85.33333333333333,43.666666666666664,26.333333333333332,10.0,3.482639280743332,0.48500000000000004
19C_alli_nonquotes,113.94736842105263,11.736842105263158,42.78947368421053,103.42105263157895,96.73684210526316,518.3157894736842,180.42105263157896,4.526315789473684,16.57894736842105,21.473684210526315,289.1578947368421,8.052631578947368,3.526315789473684,32.05263157894737,22.63157894736842,60.8421052631579,16.526315789473685,674.8421052631579,1507.842105263158,23.894736842105264,138.1578947368421,37.1578947368421,15.31578947368421,4.421052631578948,769.1578947368421,30.31578947368421,23.31578947368421,24.894736842105264,64.78947368421052,74.6842105263158,8.105263157894736,89.73684210526316,179.21052631578948,101.10526315789474,168.1578947368421,23.263157894736842,7.947368421052632,5.7894736842105265,16.68421052631579,42.36842105263158,28.736842105263158,857.578947368421,46.94736842105263,110.26315789473684,11.421052631578947,56.578947368421055,17.42105263157895,4.473684210526316,74.26315789473684,1199.2631578947369,27.157894736842106,112.94736842105263,26.05263157894737,47.05263157894737,1.9473684210526316,8.789473684210526,11.052631578947368,185.10526315789474,185.1578947368421,13.947368421052632,29.894736842105264,108.6842105263158,0.0,28.263157894736842,23.31578947368421,24.42105263157895,8.368421052631579,589.7894736842105,369.3157894736842,838.421052631579,252.05263157894737,373.6842105263158,876.6842105263158,0.0,0.0,8.105263157894736,0.0,362.63157894736844,6.315789473684211,50.0,0.0,1045.0,1507.842105263158,513.578947368421,15.368421052631579,11.263157894736842,0.0,1044.6315789473683,0.0,155.0,162.6315789473684,215.21052631578948,138.89473684210526,38.526315789473685,13.105263157894736,2.736842105263158,3.8963004055858783,0.485
19C_alli_quotes,128.45454545454547,29.454545454545453,51.36363636363637,43.63636363636363,231.1818181818182,396.6363636363636,200.36363636363637,11.090909090909092,8.454545454545455,65.63636363636364,166.9090909090909,225.27272727272728,6.545454545454546,25.636363636363637,25.09090909090909,663.7272727272727,4.363636363636363,895.6363636363636,1139.0,47.90909090909091,169.54545454545453,74.27272727272727,8.363636363636363,0.7272727272727273,191.27272727272728,16.727272727272727,4.0,19.09090909090909,78.27272727272727,179.9090909090909,5.2727272727272725,704.5454545454545,295.72727272727275,186.36363636363637,76.36363636363636,343.27272727272725,5.909090909090909,1.1818181818181819,20.90909090909091,30.09090909090909,18.727272727272727,365.90909090909093,61.27272727272727,39.18181818181818,3.272727272727273,60.54545454545455,6.909090909090909,5.909090909090909,53.90909090909091,807.0,51.36363636363637,94.72727272727273,28.90909090909091,76.9090909090909,7.181818181818182,2.8181818181818183,8.909090909090908,98.36363636363636,128.9090909090909,2.272727272727273,78.0909090909091,192.45454545454547,0.0,102.72727272727273,14.545454545454545,12.636363636363637,21.363636363636363,350.09090909090907,365.27272727272725,1329.7272727272727,269.8181818181818,287.3636363636364,599.1818181818181,0.0,0.0,25.363636363636363,0.0,681.2727272727273,102.45454545454545,40.63636363636363,0.0,1570.5454545454545,1139.0,342.1818181818182,37.0,13.545454545454545,0.0,1567.909090909091,0.0,157.9090909090909,167.0,229.0909090909091,82.0909090909091,39.72727272727273,15.454545454545455,2.090909090909091,3.383534963865897,0.4477272727272727
19C_Antoni_nonquotes,77.53333333333333,1.5333333333333334,11.066666666666666,81.86666666666666,20.666666666666668,729.5333333333333,71.0,0.06666666666666667,7.4,11.0,285.8666666666667,7.666666666666667,6.733333333333333,20.0,8.2,24.333333333333332,41.93333333333333,515.1333333333333,1569.7333333333333,7.0,104.86666666666666,5.4,14.066666666666666,24.933333333333334,656.9333333333333,94.73333333333333,16.866666666666667,36.2,21.8,14.333333333333334,13.533333333333333,55.93333333333333,96.6,96.46666666666667,33.86666666666667,3.0,18.066666666666666,15.0,14.666666666666666,32.06666666666667,22.066666666666666,639.8666666666667,71.13333333333334,269.6,12.0,21.533333333333335,13.933333333333334,24.0,15.266666666666667,1599.6,12.466666666666667,50.666666666666664,17.266666666666666,34.8,0.6666666666666666,25.733333333333334,2.2,105.8,130.06666666666666,14.0,3.1333333333333333,49.2,0.0,10.0,31.466666666666665,47.13333333333333,1.7333333333333334,968.2,189.4,446.26666666666665,114.73333333333333,353.0,1176.4,0.0,0.0,11.733333333333333,0.0,168.46666666666667,1.0666666666666667,30.733333333333334,0.0,764.2666666666667,1569.7333333333333,178.93333333333334,2.2,8.0,0.0,763.8666666666667,0.0,166.06666666666666,156.6,133.86666666666667,161.66666666666666,35.13333333333333,21.2,0.3333333333333333,4.317844604692666,0.5426666666666667
19C_Antoni_quotes,50.2,1.8,5.6,81.8,52.2,390.0,145.8,3.0,6.4,24.0,187.8,8.0,4.4,8.6,11.8,606.4,13.6,424.0,1260.8,13.6,118.6,35.4,15.8,8.8,279.6,46.4,8.2,23.8,41.2,112.6,3.6,411.0,149.2,77.6,31.2,247.2,3.8,4.2,21.6,31.2,23.2,292.8,49.8,127.4,8.2,57.2,23.4,17.6,38.8,1224.8,21.6,70.0,26.6,35.8,0.0,10.6,4.8,119.2,116.0,3.4,10.4,53.4,0.0,22.6,41.2,35.6,4.2,611.8,283.2,787.8,192.6,275.6,775.8,0.0,0.0,177.0,0.0,435.0,21.4,22.6,1.2,1224.8,1260.8,200.4,30.2,12.2,0.0,1222.0,0.0,194.8,113.6,234.4,67.2,27.0,15.2,0.0,3.814438268609913,0.5025
19C_arma_nonquotes,64.57894736842105,11.473684210526315,12.421052631578947,58.94736842105263,34.21052631578947,563.9473684210526,109.63157894736842,0.9473684210526315,2.3157894736842106,23.736842105263158,263.63157894736844,44.21052631578947,3.4210526315789473,14.157894736842104,16.210526315789473,197.42105263157896,26.68421052631579,542.2631578947369,1461.6315789473683,21.894736842105264,133.73684210526315,9.894736842105264,12.578947368421053,11.736842105263158,724.578947368421,43.1578947368421,13.894736842105264,30.63157894736842,39.78947368421053,29.157894736842106,14.263157894736842,131.78947368421052,160.05263157894737,89.84210526315789,114.42105263157895,28.63157894736842,8.526315789473685,10.052631578947368,30.105263157894736,38.73684210526316,19.789473684210527,623.1578947368421,61.63157894736842,159.26315789473685,7.0,30.736842105263158,11.105263157894736,14.578947368421053,19.36842105263158,1460.842105263158,12.842105263157896,57.8421052631579,25.263157894736842,42.578947368421055,1.2105263157894737,14.842105263157896,3.0,139.31578947368422,161.0,17.42105263157895,12.052631578947368,52.05263157894737,0.0,25.63157894736842,29.105263157894736,36.21052631578947,8.31578947368421,868.0,233.21052631578948,826.5263157894736,125.52631578947368,287.2105263157895,1068.3157894736842,0.0,0.0,18.63157894736842,0.0,249.73684210526315,7.421052631578948,55.26315789473684,0.0,944.5263157894736,1461.6315789473683,381.8421052631579,20.157894736842106,71.21052631578948,0.0,943.8947368421053,0.0,160.78947368421052,178.0,198.21052631578948,177.57894736842104,48.26315789473684,16.42105263157895,2.3684210526315788,3.9504142507230515,0.501578947368421
19C_arma_quotes,78.4375,20.5625,19.875,54.4375,97.0,489.0,158.6875,2.0,3.25,53.8125,230.125,157.0625,4.4375,24.875,21.4375,638.1875,16.4375,604.5,1352.125,36.6875,180.375,26.6875,13.3125,4.25,341.4375,27.5625,8.6875,22.125,67.625,79.75,9.0,478.375,219.25,121.125,95.3125,273.625,7.3125,7.125,40.625,44.4375,21.625,309.3125,57.9375,120.1875,5.125,40.625,8.625,9.0625,33.5625,1196.3125,27.25,81.8125,33.125,49.1875,2.5625,7.6875,3.75,127.3125,147.4375,5.1875,37.6875,94.3125,0.0,53.3125,25.8125,27.0625,16.6875,590.6875,304.6875,1083.0,203.0,264.5,826.3125,0.0,0.0,43.9375,0.0,511.6875,30.0625,53.5,0.375,1359.4375,1352.125,313.4375,38.6875,110.5,0.0,1355.75,0.0,184.25,167.9375,251.875,129.375,38.5625,19.6875,2.4375,3.6006370755920285,0.49593750000000003
19C_basker_nonquotes,88.33333333333333,14.666666666666666,24.0,67.33333333333333,35.0,668.3333333333334,151.0,1.6666666666666667,2.0,20.333333333333332,227.33333333333334,2.6666666666666665,3.3333333333333335,17.666666666666668,28.333333333333332,428.6666666666667,14.0,538.6666666666666,1432.0,22.666666666666668,89.0,22.0,15.0,6.666666666666667,796.0,59.0,21.0,55.0,53.666666666666664,27.333333333333332,16.333333333333332,125.66666666666667,149.66666666666666,128.66666666666666,101.33333333333333,25.0,14.0,10.333333333333334,14.666666666666666,26.0,16.333333333333332,415.3333333333333,45.666666666666664,118.66666666666667,11.0,46.0,13.666666666666666,0.0,36.666666666666664,1455.0,20.0,87.0,17.333333333333332,47.666666666666664,0.6666666666666666,16.666666666666668,11.333333333333334,133.33333333333334,128.66666666666666,10.333333333333334,11.333333333333334,57.333333333333336,0.0,44.333333333333336,31.333333333333332,41.333333333333336,5.666666666666667,833.6666666666666,304.3333333333333,789.6666666666666,233.66666666666666,368.6666666666667,1099.3333333333333,0.0,0.0,2.6666666666666665,0.0,219.0,2.0,52.666666666666664,0.0,1000.0,1432.0,280.0,8.0,8.333333333333334,0.0,999.6666666666666,0.0,170.0,233.0,147.66666666666666,135.0,37.333333333333336,16.333333333333332,1.0,3.946288685144202,0.5408333333333334
19C_basker_quotes,99.25,22.5,40.25,51.5,95.0,484.5,231.5,6.0,6.25,40.0,182.75,47.25,8.75,22.0,38.5,491.0,12.25,641.5,1257.25,36.75,135.5,42.0,15.0,2.0,358.75,21.5,11.75,25.0,93.0,89.75,7.25,509.25,244.75,176.0,70.0,242.5,12.25,4.75,15.75,32.25,30.5,336.5,52.75,93.5,5.75,59.75,20.25,3.75,78.5,1162.0,42.75,125.5,36.75,52.5,1.0,6.0,10.75,127.25,117.25,2.75,47.0,90.75,0.0,49.5,32.25,33.5,9.5,601.75,406.75,1171.0,300.25,279.75,892.5,0.0,0.0,22.0,0.0,466.75,60.75,62.5,0.0,1253.25,1257.25,379.25,23.75,21.0,0.0,1251.75,0.0,204.0,207.75,169.75,91.25,35.5,18.25,0.5,3.7140236119974475,0.511875
19C_cran_nonquotes,114.85714285714286,12.857142857142858,33.57142857142857,73.71428571428571,60.57142857142857,531.0,141.14285714285714,5.0,10.142857142857142,35.57142857142857,245.42857142857142,10.142857142857142,3.0,27.428571428571427,11.142857142857142,283.2857142857143,15.571428571428571,584.8571428571429,1313.5714285714287,17.857142857142858,142.57142857142858,20.285714285714285,13.142857142857142,8.285714285714286,716.1428571428571,57.57142857142857,18.857142857142858,18.714285714285715,50.142857142857146,33.57142857142857,9.142857142857142,59.285714285714285,168.85714285714286,83.57142857142857,86.14285714285714,4.714285714285714,9.857142857142858,16.428571428571427,36.0,42.0,11.142857142857142,478.57142857142856,36.285714285714285,103.85714285714286,7.857142857142857,41.57142857142857,10.571428571428571,6.714285714285714,34.42857142857143,1099.4285714285713,17.714285714285715,55.142857142857146,29.0,48.42857142857143,3.4285714285714284,11.428571428571429,5.428571428571429,118.42857142857143,182.14285714285714,8.285714285714286,19.714285714285715,76.28571428571429,0.14285714285714285,43.57142857142857,18.285714285714285,18.142857142857142,10.857142857142858,545.2857142857143,286.42857142857144,818.2857142857143,196.0,370.7142857142857,753.1428571428571,0.0,0.0,8.571428571428571,0.0,288.57142857142856,4.142857142857143,49.57142857142857,0.0,854.1428571428571,1313.5714285714287,509.0,6.428571428571429,20.428571428571427,0.0,852.7142857142857,0.0,162.42857142857142,181.85714285714286,140.28571428571428,129.85714285714286,27.428571428571427,14.857142857142858,1.2857142857142858,3.8823036063740566,0.5107142857142857
19C_cran_quotes,91.66666666666667,14.666666666666666,43.0,42.666666666666664,113.33333333333333,418.3333333333333,146.0,3.3333333333333335,7.333333333333333,42.0,152.0,123.33333333333333,8.333333333333334,25.0,13.666666666666666,512.6666666666666,3.6666666666666665,625.6666666666666,913.0,20.0,131.0,34.666666666666664,8.333333333333334,2.3333333333333335,381.0,33.666666666666664,3.3333333333333335,15.666666666666666,60.333333333333336,85.33333333333333,9.666666666666666,366.0,224.66666666666666,120.33333333333333,49.0,123.0,7.333333333333333,6.0,41.333333333333336,26.0,17.333333333333332,313.0,37.0,40.333333333333336,2.6666666666666665,38.666666666666664,4.333333333333333,5.0,18.666666666666668,863.3333333333334,18.0,55.333333333333336,24.666666666666668,58.0,3.6666666666666665,5.666666666666667,2.0,88.66666666666667,180.66666666666666,6.333333333333333,31.666666666666668,97.0,0.3333333333333333,67.0,15.0,13.333333333333334,17.666666666666668,335.3333333333333,280.6666666666667,928.6666666666666,175.33333333333334,339.3333333333333,506.0,0.0,0.0,58.666666666666664,0.0,418.0,62.666666666666664,45.333333333333336,0.0,1074.3333333333333,913.0,376.3333333333333,19.0,55.666666666666664,0.0,1073.6666666666667,0.0,141.33333333333334,149.33333333333334,157.0,97.0,28.0,8.333333333333334,1.3333333333333333,3.486359581161666,0.5183333333333334
19C_Deronda_nonquotes,96.91666666666667,16.333333333333332,16.791666666666668,78.08333333333333,70.04166666666667,672.0,153.20833333333334,3.9583333333333335,4.875,24.666666666666668,268.1666666666667,2.9583333333333335,1.9583333333333333,24.25,18.458333333333332,29.208333333333332,30.375,569.0833333333334,1542.7916666666667,24.041666666666668,154.45833333333334,20.208333333333332,21.375,7.083333333333333,696.2083333333334,51.583333333333336,18.125,26.625,56.0,43.666666666666664,18.458333333333332,78.33333333333333,193.0,86.83333333333333,129.25,8.5,20.875,14.208333333333334,17.833333333333332,38.041666666666664,22.041666666666668,698.9166666666666,41.583333333333336,230.45833333333334,11.708333333333334,46.083333333333336,20.416666666666668,14.041666666666666,36.791666666666664,1338.75,16.708333333333332,88.04166666666667,31.291666666666668,50.291666666666664,8.666666666666666,11.916666666666666,7.208333333333333,135.5,137.08333333333334,16.333333333333332,12.041666666666666,75.79166666666667,0.041666666666666664,19.875,28.416666666666668,48.958333333333336,7.291666666666667,666.5833333333334,314.4166666666667,615.5416666666666,184.125,337.0416666666667,932.9166666666666,0.0,0.0,2.0833333333333335,0.0,312.625,3.4583333333333335,33.375,0.0,827.75,1542.7916666666667,375.375,12.875,9.666666666666666,0.0,826.875,0.0,200.54166666666666,255.95833333333334,183.0,221.33333333333334,56.208333333333336,19.458333333333332,0.625,4.203158122085786,0.5333333333333333
19C_Deronda_quotes,106.58333333333333,39.916666666666664,24.333333333333332,68.83333333333333,154.58333333333334,509.0833333333333,252.91666666666666,11.833333333333334,5.833333333333333,48.5,180.83333333333334,80.33333333333333,4.083333333333333,22.5,29.166666666666668,675.5,10.583333333333334,675.8333333333334,1240.9166666666667,59.416666666666664,186.58333333333334,62.833333333333336,13.0,1.5833333333333333,305.3333333333333,42.0,3.25,22.5,86.0,145.25,9.833333333333334,591.0,264.5,160.91666666666666,66.33333333333333,309.3333333333333,10.333333333333334,5.25,32.666666666666664,33.583333333333336,25.75,294.0,47.75,89.75,3.75,76.75,9.916666666666666,11.25,34.5,1064.0833333333333,42.416666666666664,73.25,36.083333333333336,54.5,7.0,4.916666666666667,7.833333333333333,113.66666666666667,127.0,2.9166666666666665,48.0,135.66666666666666,0.0,78.91666666666667,19.166666666666668,28.416666666666668,15.083333333333334,481.6666666666667,443.4166666666667,1147.5,219.5,319.0833333333333,712.75,0.0,0.0,13.25,0.0,635.1666666666666,67.41666666666667,38.0,0.08333333333333333,1455.9166666666667,1240.9166666666667,270.25,27.416666666666668,20.166666666666668,0.0,1453.4166666666667,0.0,187.33333333333334,204.33333333333334,238.41666666666666,117.66666666666667,54.416666666666664,19.333333333333332,2.9166666666666665,3.611236353414489,0.4991666666666666
19C_dorian_nonquotes,78.6,18.0,14.6,59.6,30.2,618.8,126.6,1.2,4.8,13.8,215.6,1.6,1.0,19.0,28.2,21.4,11.2,439.4,1300.8,22.8,98.8,6.0,5.2,10.2,900.8,52.4,14.6,36.6,29.0,33.6,15.2,51.0,127.8,128.4,73.2,2.8,24.6,2.4,22.0,23.6,14.4,721.0,27.6,109.2,8.2,37.4,18.8,36.8,20.8,1425.4,29.4,40.4,26.2,33.6,1.4,16.6,5.6,129.4,142.8,20.0,11.4,45.0,0.0,14.6,20.6,46.0,4.8,730.0,279.4,780.4,130.2,357.0,876.2,0.0,0.0,15.4,0.0,200.0,9.2,49.0,0.0,880.0,1300.8,351.2,24.8,5.8,0.0,879.8,0.0,173.6,214.6,173.2,163.2,24.8,9.4,1.2,3.955406646610129,0.51
19C_dorian_quotes,107.0,39.8,35.6,43.2,158.0,530.8,269.4,6.8,3.4,32.8,153.6,91.2,6.4,27.2,24.2,578.8,5.0,724.0,1020.4,56.8,134.4,51.0,7.0,1.6,261.0,18.0,6.4,21.2,44.0,87.4,6.0,703.4,214.8,175.2,55.6,343.2,10.8,2.2,31.8,29.2,19.8,274.2,48.0,71.8,2.2,83.4,12.0,12.8,31.4,945.6,44.6,69.6,35.6,65.2,4.6,3.4,4.8,106.0,95.2,1.2,43.2,146.0,0.2,73.4,20.0,26.8,17.4,416.8,452.6,1269.8,187.6,227.4,614.6,0.0,0.0,43.0,0.0,503.4,52.6,56.8,0.0,1392.2,1020.4,303.4,39.8,4.6,0.0,1391.0,0.0,194.8,170.6,225.0,77.6,35.4,23.0,1.0,3.5604626821965772,0.481
19C_dracula_nonquotes,118.0,16.23076923076923,18.76923076923077,56.07692307692308,66.07692307692308,516.9230769230769,153.92307692307693,1.0769230769230769,13.615384615384615,27.076923076923077,232.46153846153845,12.538461538461538,3.230769230769231,25.076923076923077,31.615384615384617,500.15384615384613,10.923076923076923,634.9230769230769,1357.1538461538462,23.153846153846153,131.15384615384616,26.46153846153846,19.53846153846154,5.615384615384615,714.9230769230769,50.07692307692308,8.384615384615385,40.53846153846154,70.07692307692308,44.30769230769231,17.923076923076923,224.46153846153845,198.84615384615384,113.92307692307692,80.38461538461539,15.0,27.0,11.846153846153847,30.307692307692307,33.61538461538461,17.0,454.53846153846155,64.76923076923077,81.92307692307692,6.076923076923077,52.61538461538461,11.615384615384615,6.384615384615385,36.38461538461539,1218.4615384615386,18.692307692307693,63.23076923076923,21.76923076923077,51.38461538461539,6.076923076923077,8.923076923076923,8.153846153846153,90.38461538461539,188.92307692307693,7.846153846153846,22.0,69.46153846153847,0.46153846153846156,44.15384615384615,23.384615384615383,20.23076923076923,8.307692307692308,643.3076923076923,306.84615384615387,917.3076923076923,212.3846153846154,398.53846153846155,858.3076923076923,0.0,0.0,14.0,0.0,326.84615384615387,9.461538461538462,54.69230769230769,0.0,1087.076923076923,1357.1538461538462,310.0,5.846153846153846,15.846153846153847,0.0,1085.923076923077,0.0,148.92307692307693,184.0,206.53846153846155,146.0,34.07692307692308,11.0,1.3076923076923077,3.684785312928273,0.4984615384615385
19C_dracula_quotes,134.57142857142858,13.714285714285714,15.285714285714286,43.714285714285715,127.42857142857143,454.42857142857144,191.28571428571428,6.0,8.714285714285714,44.57142857142857,181.71428571428572,107.0,8.571428571428571,18.857142857142858,35.0,531.7142857142857,4.142857142857143,661.7142857142857,1112.5714285714287,24.285714285714285,134.0,44.57142857142857,16.857142857142858,2.2857142857142856,223.71428571428572,38.0,4.428571428571429,21.285714285714285,91.71428571428571,111.85714285714286,6.428571428571429,533.1428571428571,197.85714285714286,122.42857142857143,43.142857142857146,222.42857142857142,7.142857142857143,5.428571428571429,28.714285714285715,23.714285714285715,24.428571428571427,334.7142857142857,67.85714285714286,46.857142857142854,4.285714285714286,64.57142857142857,13.285714285714286,12.428571428571429,35.285714285714285,1018.4285714285714,39.857142857142854,102.42857142857143,32.0,67.0,2.857142857142857,3.4285714285714284,6.857142857142857,72.42857142857143,165.42857142857142,1.2857142857142858,46.0,91.14285714285714,0.42857142857142855,43.285714285714285,23.571428571428573,25.714285714285715,12.857142857142858,411.0,344.85714285714283,936.0,247.85714285714286,351.2857142857143,663.4285714285714,0.0,0.0,42.57142857142857,0.0,546.1428571428571,50.57142857142857,37.285714285714285,0.5714285714285714,1220.7142857142858,1112.5714285714287,251.85714285714286,26.142857142857142,83.42857142857143,0.0,1217.142857142857,0.0,191.71428571428572,131.14285714285714,218.0,57.285714285714285,38.142857142857146,15.571428571428571,0.5714285714285714,3.4086781509396955,0.47928571428571426
19C_emma_nonquotes,150.8,6.7,64.5,104.7,80.6,586.6,185.4,1.3,12.0,13.8,221.5,1.9,2.4,32.8,19.5,11.8,26.9,702.2,1279.5,21.3,176.6,38.8,12.8,6.3,674.8,55.1,6.6,17.9,80.7,40.1,9.5,23.8,182.8,118.9,102.4,5.8,18.8,15.5,29.4,37.9,28.0,675.7,51.9,188.9,11.5,52.3,4.9,3.4,34.2,1001.5,17.9,50.0,27.3,78.6,3.6,7.8,4.5,124.0,203.9,10.3,20.1,107.8,0.0,43.0,13.4,14.2,8.8,509.8,383.5,753.0,148.6,395.6,759.3,0.0,0.0,15.7,0.0,372.5,5.6,37.3,0.0,815.6,1279.5,503.8,6.9,5.2,0.0,814.8,0.0,129.3,183.3,171.3,169.8,51.9,32.0,0.4,4.0068625257252135,0.5032499999999999
19C_emma_quotes,149.8,6.3,91.8,63.2,151.9,554.5,244.3,4.0,5.9,35.9,176.6,11.5,8.2,25.5,24.4,514.1,13.0,855.5,1083.1,27.9,159.0,65.6,11.9,1.5,238.3,33.3,2.7,16.3,101.4,120.9,4.5,519.9,269.0,149.5,72.3,238.3,11.4,7.9,34.3,34.2,26.9,364.8,40.1,109.0,4.5,71.5,7.9,3.9,32.4,876.3,30.1,58.0,35.2,92.4,5.2,3.6,6.5,100.2,141.0,3.9,46.8,148.7,0.0,77.8,12.7,11.2,15.9,375.1,437.7,1107.9,192.9,306.5,632.1,0.0,0.0,74.6,0.0,557.1,67.9,49.0,0.0,1282.9,1083.1,390.0,31.3,9.9,0.0,1280.9,0.0,140.6,177.9,201.6,106.3,49.5,29.6,0.7,3.5987939459254212,0.4675000000000001
19C_frank_nonquotes,80.5,4.333333333333333,12.5,92.66666666666667,49.5,530.5,121.66666666666667,0.8333333333333334,5.333333333333333,17.833333333333332,199.5,1.0,2.5,28.333333333333332,6.5,643.5,25.833333333333332,477.1666666666667,1241.0,9.166666666666666,125.83333333333333,23.833333333333332,12.5,11.166666666666666,675.8333333333334,84.0,18.5,29.833333333333332,52.666666666666664,35.833333333333336,10.0,122.5,161.33333333333334,72.83333333333333,54.666666666666664,25.5,14.0,14.333333333333334,11.333333333333334,37.5,14.833333333333334,277.1666666666667,36.833333333333336,192.33333333333334,19.0,43.666666666666664,10.0,19.0,29.5,1327.3333333333333,20.666666666666668,82.83333333333333,26.666666666666668,42.666666666666664,2.0,12.5,4.0,103.83333333333333,125.66666666666667,7.166666666666667,9.333333333333334,72.5,0.0,23.5,34.833333333333336,36.333333333333336,4.5,643.1666666666666,253.16666666666666,658.6666666666666,160.16666666666666,412.8333333333333,873.5,0.0,0.0,13.0,0.0,281.3333333333333,7.166666666666667,32.166666666666664,0.0,1021.8333333333334,1241.0,119.16666666666667,14.333333333333334,3.8333333333333335,0.0,1020.0,0.0,186.83333333333334,179.0,170.0,99.66666666666667,30.833333333333332,22.166666666666668,1.5,4.09573809786204,0.5316666666666667
19C_frank_quotes,83.5,4.75,20.25,81.5,72.5,533.5,153.25,3.5,5.25,25.5,171.25,30.0,2.25,23.0,4.75,592.0,20.0,493.0,1112.25,12.75,116.75,24.75,12.75,9.25,480.25,84.5,18.5,19.75,63.0,75.5,5.25,282.0,177.5,69.75,41.25,206.75,12.5,10.0,8.0,36.25,15.0,246.75,41.5,162.5,13.5,66.25,13.75,15.25,37.25,1189.0,29.0,88.25,33.0,42.75,1.25,8.75,4.0,88.25,129.75,3.5,13.0,89.25,0.0,22.0,33.5,30.0,7.5,524.25,281.0,733.75,184.0,412.75,759.0,0.0,0.0,36.0,0.0,381.25,14.75,33.25,0.0,1117.5,1112.25,134.5,27.75,75.5,0.0,1116.0,0.0,194.5,144.5,170.25,66.5,33.5,20.0,1.0,3.9349073211401127,0.496875
19C_jane_nonquotes,75.76923076923077,8.923076923076923,19.0,66.38461538461539,57.23076923076923,584.6153846153846,125.6923076923077,4.923076923076923,6.461538461538462,15.615384615384615,220.69230769230768,4.6923076923076925,5.230769230769231,27.0,13.538461538461538,530.6923076923077,23.615384615384617,603.1538461538462,1213.0,16.307692307692307,124.46153846153847,16.0,11.76923076923077,16.0,861.1538461538462,76.07692307692308,12.23076923076923,35.30769230769231,40.15384615384615,31.76923076923077,14.307692307692308,77.6923076923077,168.69230769230768,113.23076923076923,82.61538461538461,13.23076923076923,21.46153846153846,10.846153846153847,30.692307692307693,38.92307692307692,22.153846153846153,442.61538461538464,62.69230769230769,138.0,6.153846153846154,44.0,3.769230769230769,5.230769230769231,17.0,1372.3076923076924,15.692307692307692,63.92307692307692,20.384615384615383,39.84615384615385,2.923076923076923,16.076923076923077,1.8461538461538463,94.0,171.69230769230768,13.23076923076923,14.615384615384615,63.07692307692308,0.0,50.0,10.307692307692308,13.461538461538462,6.769230769230769,649.3846153846154,260.84615384615387,760.7692307692307,128.6153846153846,414.3076923076923,846.3076923076923,0.0,0.0,11.923076923076923,0.0,257.15384615384613,7.538461538461538,49.0,0.0,1104.4615384615386,1213.0,243.3846153846154,10.615384615384615,12.846153846153847,0.0,1102.3846153846155,0.0,125.38461538461539,231.53846153846155,188.69230769230768,150.76923076923077,35.61538461538461,13.923076923076923,1.0,3.8404513474678437,0.5392307692307692
19C_jane_quotes,80.2,12.0,23.7,58.8,114.2,503.4,195.7,8.7,5.3,34.5,170.6,54.0,6.7,21.4,15.8,534.8,11.7,643.8,1035.2,25.4,139.9,42.6,12.9,4.3,275.3,53.6,7.9,20.9,65.0,117.9,7.4,524.8,194.7,126.6,54.7,361.2,6.6,5.2,31.4,30.5,27.4,267.7,53.3,100.1,4.7,67.1,3.4,4.9,18.8,1074.8,24.9,64.9,35.1,48.1,3.4,7.4,3.3,71.7,146.8,3.4,40.6,91.7,0.0,61.4,12.8,14.6,7.3,439.9,358.7,1043.0,165.6,347.5,639.8,0.0,0.0,45.3,0.0,525.4,63.0,46.8,0.0,1299.7,1035.2,326.1,42.3,27.2,0.0,1297.3,0.0,154.8,203.2,191.8,74.7,35.3,14.9,3.0,3.595034288869847,0.5205
19C_Jekyll_nonquotes,61.0,6.333333333333333,16.0,70.0,28.0,485.3333333333333,114.0,2.3333333333333335,6.666666666666667,9.666666666666666,203.0,0.3333333333333333,5.0,17.666666666666668,12.666666666666666,287.6666666666667,17.0,507.3333333333333,1193.3333333333333,10.666666666666666,97.0,11.0,10.0,9.0,654.3333333333334,60.666666666666664,19.0,21.0,27.333333333333332,23.333333333333332,8.666666666666666,50.333333333333336,105.66666666666667,82.66666666666667,81.0,7.0,15.0,9.666666666666666,21.666666666666668,19.0,12.333333333333334,270.3333333333333,53.333333333333336,142.0,5.0,37.666666666666664,11.0,14.0,20.333333333333332,1201.0,29.333333333333332,73.0,23.666666666666668,41.0,1.3333333333333333,11.666666666666666,3.6666666666666665,83.33333333333333,152.33333333333334,10.0,7.0,58.0,0.0,19.333333333333332,14.666666666666666,19.333333333333332,2.6666666666666665,697.0,232.66666666666666,533.3333333333334,132.0,357.0,885.0,0.0,0.0,4.0,0.0,179.33333333333334,5.333333333333333,39.666666666666664,0.0,649.3333333333334,1193.3333333333333,205.33333333333334,7.0,4.0,0.0,648.6666666666666,0.0,126.33333333333333,197.0,86.66666666666667,87.33333333333333,48.0,14.333333333333334,1.6666666666666667,3.890524510504502,0.5091666666666667
19C_Jekyll_quotes,96.0,22.0,42.0,70.0,101.0,477.0,220.0,5.0,6.0,65.0,167.0,54.0,14.0,21.0,38.0,607.0,7.0,671.0,1152.0,42.0,159.0,51.0,7.0,2.0,289.0,23.0,5.0,20.0,90.0,96.0,9.0,644.0,294.0,208.0,55.0,329.0,13.0,4.0,33.0,49.0,22.0,221.0,51.0,74.0,4.0,62.0,15.0,9.0,31.0,1160.0,68.0,120.0,31.0,59.0,7.0,5.0,4.0,96.0,153.0,1.0,39.0,105.0,0.0,102.0,22.0,26.0,12.0,529.0,411.0,1175.0,210.0,347.0,826.0,0.0,0.0,15.0,0.0,552.0,93.0,56.0,0.0,1371.0,1152.0,331.0,34.0,22.0,0.0,1369.0,0.0,173.0,221.0,164.0,67.0,41.0,15.0,0.0,3.436795112781955,0.515
19C_Jude_nonquotes,79.3,10.6,13.0,72.3,63.0,598.5,128.2,2.2,15.2,17.5,272.3,6.8,2.3,30.1,15.0,20.7,29.0,631.8,1498.2,18.4,133.1,12.3,17.5,6.8,874.1,58.7,18.2,48.8,40.8,29.6,33.4,37.0,165.7,88.8,117.3,11.9,21.3,18.1,32.5,40.0,13.2,835.1,55.8,143.7,11.1,39.2,14.0,8.1,33.0,1444.7,19.2,66.2,31.1,45.0,2.8,11.5,6.4,139.6,196.6,17.8,19.7,74.5,0.1,35.2,24.8,27.4,7.9,803.6,275.3,623.1,190.9,375.6,1010.3,0.0,0.0,4.6,0.0,261.0,4.3,60.3,0.0,959.8,1498.2,301.8,5.6,11.5,0.0,958.7,0.0,169.4,241.7,175.0,209.9,41.2,12.7,0.5,4.060267833384647,0.525
19C_Jude_quotes,104.71428571428571,26.0,24.714285714285715,50.857142857142854,217.42857142857142,479.7142857142857,201.71428571428572,9.0,11.571428571428571,46.57142857142857,196.0,257.0,16.142857142857142,32.285714285714285,19.142857142857142,693.2857142857143,9.285714285714286,902.0,1134.5714285714287,40.857142857142854,173.71428571428572,66.57142857142857,12.571428571428571,2.5714285714285716,279.14285714285717,30.714285714285715,2.857142857142857,23.285714285714285,62.57142857142857,105.57142857142857,6.428571428571429,644.1428571428571,246.28571428571428,184.42857142857142,65.85714285714286,325.0,9.285714285714286,4.571428571428571,46.42857142857143,29.142857142857142,21.285714285714285,276.14285714285717,68.28571428571429,72.0,3.857142857142857,63.42857142857143,8.714285714285714,7.0,26.285714285714285,888.4285714285714,53.57142857142857,77.57142857142857,36.714285714285715,83.42857142857143,3.2857142857142856,5.285714285714286,4.571428571428571,95.57142857142857,141.42857142857142,5.571428571428571,75.42857142857143,161.0,0.42857142857142855,95.28571428571429,16.571428571428573,15.571428571428571,15.285714285714286,384.57142857142856,386.85714285714283,1273.0,227.28571428571428,310.57142857142856,615.2857142857143,0.0,0.0,100.14285714285714,0.0,603.4285714285714,134.14285714285714,43.714285714285715,0.0,1500.2857142857142,1134.5714285714287,225.57142857142858,36.285714285714285,42.57142857142857,0.0,1494.857142857143,0.0,184.42857142857142,172.57142857142858,209.71428571428572,115.14285714285714,45.714285714285715,13.285714285714286,1.2857142857142858,3.4386236391373717,0.5
19C_LadyAud_nonquotes,83.6,8.1,28.6,57.4,31.1,732.1,106.1,2.1,3.3,17.6,251.7,9.2,2.1,24.1,16.7,46.5,22.0,493.0,1429.7,12.7,105.0,11.1,10.9,12.8,785.5,61.1,28.4,37.9,33.0,19.6,23.9,51.5,120.5,68.7,103.1,5.7,12.0,14.0,16.8,28.1,16.6,676.0,29.0,132.1,11.1,34.1,7.5,16.8,24.6,1631.5,16.3,88.6,25.0,31.4,1.3,17.7,3.8,126.3,170.3,16.9,10.0,51.0,0.1,23.1,20.7,44.0,5.5,835.0,220.8,723.2,163.2,353.2,1094.2,0.0,0.0,2.8,0.0,195.6,4.0,58.4,0.0,798.8,1429.7,466.0,8.4,8.6,0.0,798.6,0.0,171.1,236.1,116.7,179.5,25.3,13.9,2.2,4.108389070706733,0.5175000000000001
19C_LadyAud_quotes,83.0,16.25,35.25,53.0,99.75,509.75,162.625,7.0,4.625,50.25,177.75,133.75,1.875,22.125,18.625,609.375,7.5,581.125,1173.375,26.875,157.875,36.875,11.0,2.875,289.625,37.875,10.125,22.625,78.0,109.125,5.625,482.25,218.75,97.625,51.75,268.125,6.125,3.875,34.5,28.125,21.375,332.5,27.375,81.25,5.75,54.75,9.5,9.125,39.375,1114.125,29.875,98.375,30.25,45.5,2.75,6.625,2.625,98.75,152.625,3.25,41.0,95.125,0.125,51.5,21.5,27.5,12.875,465.25,298.375,1044.375,236.25,310.875,703.375,0.0,0.0,21.25,0.0,521.875,57.625,52.5,0.0,1320.75,1173.375,336.5,25.375,51.875,0.0,1318.625,0.0,181.5,177.75,219.375,80.75,30.0,17.0,2.375,3.571658018629693,0.47406249999999994
19C_mary_nonquotes,122.58333333333333,8.5,16.666666666666668,71.75,58.5,629.5,124.25,1.8333333333333333,12.666666666666666,29.0,234.0,17.416666666666668,4.583333333333333,27.833333333333332,16.75,25.083333333333332,29.5,626.0,1404.75,13.75,153.83333333333334,17.75,16.333333333333332,9.916666666666666,759.25,66.25,18.25,38.25,55.416666666666664,40.166666666666664,17.083333333333332,61.25,187.5,85.16666666666667,80.41666666666667,13.333333333333334,14.583333333333334,15.083333333333334,34.75,40.583333333333336,18.75,758.0833333333334,52.916666666666664,128.25,10.083333333333334,41.75,8.25,7.833333333333333,23.25,1409.1666666666667,18.833333333333332,59.333333333333336,32.166666666666664,56.166666666666664,4.333333333333333,12.583333333333334,3.1666666666666665,111.08333333333333,199.33333333333334,14.583333333333334,17.833333333333332,66.33333333333333,0.08333333333333333,37.5,15.666666666666666,22.333333333333332,7.666666666666667,634.75,269.9166666666667,622.0833333333334,162.75,406.8333333333333,873.75,0.0,0.0,19.75,0.0,307.0833333333333,13.583333333333334,46.166666666666664,0.0,883.0,1404.75,312.3333333333333,11.166666666666666,25.166666666666668,0.0,882.6666666666666,0.0,164.58333333333334,170.5,135.08333333333334,196.08333333333334,43.833333333333336,13.666666666666666,2.8333333333333335,3.906332681958668,0.5202083333333334
19C_mary_quotes,98.75,8.75,18.125,38.75,130.75,431.625,135.625,2.5,11.125,48.375,163.25,302.625,13.75,18.125,19.125,520.25,5.875,705.75,997.625,16.875,153.125,33.25,13.0,1.875,333.5,33.75,2.0,25.25,78.125,134.125,9.875,490.5,240.25,133.5,62.0,217.375,6.25,2.875,42.375,21.125,24.875,398.25,49.625,24.375,2.75,38.75,1.875,5.875,16.875,993.75,30.75,50.875,34.25,64.25,7.625,3.25,1.0,44.125,189.0,5.125,49.125,112.0,0.0,84.5,11.75,10.75,20.5,322.5,265.375,1011.5,193.875,367.375,504.375,0.0,0.0,74.5,0.0,556.25,97.875,45.5,0.0,1275.5,997.625,318.125,34.875,116.25,0.0,1273.75,0.0,162.5,160.5,208.875,111.75,36.0,9.5,30.375,3.2780651911773666,0.4840625
19C_mill_nonquotes,93.25,17.4375,27.5,74.4375,66.125,694.25,156.9375,5.625,6.3125,26.125,242.3125,8.875,2.5,25.1875,22.25,27.625,29.3125,609.625,1486.625,25.625,144.9375,22.9375,19.9375,7.25,722.375,58.4375,16.5625,30.125,43.0625,43.4375,15.0,81.5,172.4375,95.4375,135.3125,14.5625,15.0,15.25,24.625,29.8125,22.5625,626.375,46.9375,184.5625,11.125,46.5625,18.0,19.0625,34.5,1351.8125,21.625,91.25,32.25,48.25,3.6875,10.875,6.1875,121.4375,161.0,19.4375,13.25,74.6875,0.0,22.9375,22.25,39.9375,8.75,662.0,316.5,668.4375,188.9375,349.8125,905.8125,0.0,0.0,5.5625,0.0,295.75,3.6875,35.625,0.0,770.5,1486.625,480.0,8.3125,17.0,0.0,769.5,0.0,177.5625,238.625,141.4375,213.0,49.9375,19.9375,0.4375,4.01370421749847,0.50609375
19C_mill_quotes,95.44444444444444,32.55555555555556,26.555555555555557,45.111111111111114,157.88888888888889,447.0,141.77777777777777,12.0,6.333333333333333,61.0,162.0,419.77777777777777,9.222222222222221,19.666666666666668,33.888888888888886,602.0,8.555555555555555,678.7777777777778,1042.4444444444443,50.0,167.0,59.111111111111114,12.11111111111111,2.2222222222222223,204.22222222222223,38.888888888888886,1.4444444444444444,24.666666666666668,70.11111111111111,142.0,5.555555555555555,611.3333333333334,224.33333333333334,154.77777777777777,55.44444444444444,351.1111111111111,5.222222222222222,1.5555555555555556,41.333333333333336,18.22222222222222,29.666666666666668,261.8888888888889,50.22222222222222,53.44444444444444,2.4444444444444446,44.55555555555556,4.777777777777778,6.222222222222222,14.0,1041.5555555555557,40.888888888888886,59.111111111111114,34.666666666666664,52.333333333333336,2.7777777777777777,3.0,2.6666666666666665,51.55555555555556,132.77777777777777,3.5555555555555554,57.44444444444444,129.11111111111111,0.0,71.44444444444444,15.444444444444445,12.555555555555555,16.77777777777778,413.77777777777777,278.6666666666667,1044.3333333333333,201.33333333333334,308.22222222222223,627.1111111111111,0.0,0.0,23.444444444444443,0.0,640.4444444444445,130.11111111111111,43.333333333333336,0.0,1404.3333333333333,1042.4444444444443,313.77777777777777,24.444444444444443,148.11111111111111,0.0,1401.0,0.0,156.22222222222223,202.66666666666666,201.22222222222223,92.0,46.111111111111114,15.222222222222221,6.666666666666667,3.308380639555076,0.4469444444444444
19C_native_nonquotes,75.1,8.7,12.4,84.2,50.0,582.7,144.4,2.5,12.6,15.9,260.3,3.7,1.7,30.7,13.9,14.6,32.2,594.2,1495.3,17.9,121.2,9.0,17.9,8.7,841.0,52.7,16.1,57.9,43.3,26.1,25.1,48.2,145.4,98.1,127.7,7.6,17.2,17.3,28.9,30.6,18.2,628.2,54.0,151.9,12.4,41.7,15.0,5.3,25.9,1541.4,20.6,78.1,24.4,40.7,2.9,15.6,4.5,122.2,157.1,17.8,12.4,64.3,0.0,23.0,26.7,35.4,6.4,882.3,299.5,647.6,189.2,328.7,1115.8,0.0,0.0,1.4,0.0,228.3,2.1,59.3,0.0,751.8,1495.3,323.1,5.2,5.4,0.0,751.4,0.0,171.8,246.9,128.8,187.9,41.4,14.4,0.1,4.137948387148838,0.5255000000000001
19C_native_quotes,92.57142857142857,23.714285714285715,23.0,48.714285714285715,174.28571428571428,416.7142857142857,195.28571428571428,12.142857142857142,8.428571428571429,50.857142857142854,175.28571428571428,175.57142857142858,14.857142857142858,33.142857142857146,28.857142857142858,616.5714285714286,8.428571428571429,837.4285714285714,1104.857142857143,42.714285714285715,166.85714285714286,55.714285714285715,11.571428571428571,1.7142857142857142,280.57142857142856,21.857142857142858,1.2857142857142858,26.857142857142858,90.28571428571429,135.28571428571428,8.0,577.1428571428571,245.57142857142858,155.57142857142858,57.142857142857146,321.85714285714283,8.857142857142858,2.7142857142857144,35.857142857142854,26.571428571428573,24.0,286.7142857142857,78.85714285714286,41.42857142857143,4.142857142857143,61.42857142857143,8.571428571428571,8.714285714285714,31.0,900.7142857142857,53.0,91.28571428571429,38.285714285714285,57.285714285714285,3.7142857142857144,3.7142857142857144,4.857142857142857,122.28571428571429,130.71428571428572,3.7142857142857144,61.42857142857143,149.57142857142858,0.2857142857142857,84.71428571428571,16.714285714285715,21.571428571428573,16.857142857142858,380.14285714285717,372.85714285714283,1202.0,246.85714285714286,272.85714285714283,608.2857142857143,0.0,0.0,36.285714285714285,0.0,637.2857142857143,120.71428571428571,53.142857142857146,0.0,1403.4285714285713,1104.857142857143,228.85714285714286,36.714285714285715,62.714285714285715,0.0,1398.142857142857,0.0,190.14285714285714,179.71428571428572,216.85714285714286,109.14285714285714,46.42857142857143,14.714285714285714,0.7142857142857143,3.4314366688467404,0.5146428571428572
19C_NorthS_nonquotes,118.15384615384616,8.76923076923077,22.692307692307693,63.0,64.92307692307692,582.6923076923077,125.61538461538461,3.6923076923076925,10.23076923076923,35.38461538461539,247.07692307692307,64.76923076923077,4.769230769230769,29.384615384615383,15.923076923076923,52.76923076923077,19.846153846153847,610.9230769230769,1396.3076923076924,14.153846153846153,150.23076923076923,17.307692307692307,12.76923076923077,7.461538461538462,758.9230769230769,57.76923076923077,17.46153846153846,33.92307692307692,51.38461538461539,45.23076923076923,13.846153846153847,63.46153846153846,181.84615384615384,94.92307692307692,108.61538461538461,9.461538461538462,13.23076923076923,14.923076923076923,38.07692307692308,41.07692307692308,18.53846153846154,785.9230769230769,38.84615384615385,135.53846153846155,8.846153846153847,45.07692307692308,7.3076923076923075,10.23076923076923,29.076923076923077,1244.5384615384614,18.923076923076923,59.61538461538461,28.923076923076923,55.38461538461539,3.6923076923076925,10.384615384615385,4.384615384615385,114.6923076923077,165.84615384615384,15.0,19.846153846153847,73.0,0.07692307692307693,43.84615384615385,18.153846153846153,19.923076923076923,10.307692307692308,550.2307692307693,264.9230769230769,698.5384615384615,178.0,366.6923076923077,777.7692307692307,0.0,0.0,11.384615384615385,0.0,321.15384615384613,12.76923076923077,41.38461538461539,0.07692307692307693,947.9230769230769,1396.3076923076924,424.61538461538464,7.769230769230769,53.15384615384615,0.0,947.2307692307693,0.0,155.30769230769232,171.6153846153846,167.0,178.53846153846155,42.46153846153846,11.692307692307692,6.153846153846154,3.8762264553506203,0.519423076923077
19C_NorthS_quotes,120.9,14.0,30.4,46.8,146.0,480.6,171.8,6.8,8.4,53.0,168.3,168.5,7.8,28.1,19.8,546.6,9.5,692.5,1070.2,23.7,153.0,42.4,9.9,2.7,250.3,37.3,7.0,18.3,78.0,121.3,8.5,536.5,243.8,138.4,52.3,227.1,7.3,6.1,42.6,32.1,22.4,325.9,43.4,64.9,5.3,59.7,5.4,6.8,26.1,966.7,32.4,67.2,33.3,65.4,4.8,5.7,3.1,78.7,136.6,4.6,46.9,120.0,0.0,73.4,12.6,17.2,16.3,373.2,332.0,1070.0,197.3,309.1,603.1,0.0,0.0,60.6,0.0,555.2,76.3,41.7,0.1,1250.0,1070.2,323.9,29.0,68.5,0.0,1248.1,0.0,161.8,167.3,193.0,108.5,38.6,13.2,11.3,3.4582428539773984,0.50025
19C_persuasion_nonquotes,130.42857142857142,16.0,49.285714285714285,101.71428571428571,72.57142857142857,567.4285714285714,172.14285714285714,1.8571428571428572,13.0,10.857142857142858,241.57142857142858,1.8571428571428572,2.2857142857142856,37.714285714285715,18.714285714285715,4.285714285714286,27.428571428571427,653.5714285714286,1320.142857142857,31.0,178.57142857142858,34.0,14.714285714285714,7.428571428571429,630.0,65.28571428571429,8.857142857142858,20.857142857142858,72.57142857142857,29.571428571428573,12.142857142857142,21.285714285714285,181.71428571428572,97.42857142857143,83.57142857142857,1.8571428571428572,17.0,15.428571428571429,29.0,31.857142857142858,27.714285714285715,644.2857142857143,52.42857142857143,193.42857142857142,13.857142857142858,48.57142857142857,3.4285714285714284,1.0,34.714285714285715,991.7142857142857,17.428571428571427,45.857142857142854,26.428571428571427,70.57142857142857,2.142857142857143,7.0,4.285714285714286,139.0,198.71428571428572,9.142857142857142,19.0,96.14285714285714,0.0,30.142857142857142,14.571428571428571,13.714285714285714,5.142857142857143,539.7142857142857,362.14285714285717,730.7142857142857,144.28571428571428,398.0,767.8571428571429,0.0,0.14285714285714285,9.285714285714286,0.0,347.85714285714283,3.2857142857142856,48.42857142857143,0.0,750.4285714285714,1320.142857142857,516.1428571428571,4.571428571428571,6.142857142857143,0.0,750.0,0.0,126.14285714285714,177.57142857142858,164.85714285714286,173.28571428571428,53.42857142857143,29.857142857142858,0.14285714285714285,4.094488947393768,0.5232142857142856
19C_persuasion_quotes,123.5,23.5,65.75,70.75,126.75,492.25,232.0,3.75,7.0,35.0,190.5,9.75,4.0,27.25,20.0,477.75,10.25,724.5,1069.75,43.0,156.0,60.5,13.25,4.25,258.75,36.5,3.0,17.0,93.75,96.5,7.25,453.25,244.75,119.5,65.25,199.75,10.0,10.5,32.0,32.25,27.75,336.5,45.75,83.25,6.75,70.0,7.75,3.5,32.75,847.75,32.0,58.25,32.0,73.5,3.75,2.25,4.5,104.25,134.0,1.0,44.0,121.75,0.0,75.5,15.25,12.5,12.75,375.5,416.5,1023.25,177.25,289.0,604.75,0.0,0.0,50.0,0.0,492.75,52.25,52.5,0.0,1143.75,1069.75,381.5,25.25,9.25,0.0,1141.25,0.0,140.75,160.5,178.75,106.25,44.5,27.25,0.25,3.647039394667307,0.5081249999999999
19C_Pomp_nonquotes,65.0,4.363636363636363,10.0,74.18181818181819,41.27272727272727,685.0909090909091,94.27272727272727,1.2727272727272727,5.7272727272727275,11.636363636363637,217.8181818181818,9.909090909090908,5.0,18.636363636363637,9.818181818181818,43.09090909090909,24.272727272727273,528.6363636363636,1365.3636363636363,9.0,89.72727272727273,6.454545454545454,10.090909090909092,21.181818181818183,730.0909090909091,96.72727272727273,24.0,39.63636363636363,26.363636363636363,13.272727272727273,12.363636363636363,89.9090909090909,116.27272727272727,98.36363636363636,98.72727272727273,24.818181818181817,14.545454545454545,21.272727272727273,17.454545454545453,21.636363636363637,14.181818181818182,535.9090909090909,48.18181818181818,148.0909090909091,11.545454545454545,26.454545454545453,6.7272727272727275,15.181818181818182,15.909090909090908,1592.090909090909,16.545454545454547,81.27272727272727,23.09090909090909,52.0,1.6363636363636365,18.90909090909091,2.090909090909091,70.81818181818181,167.63636363636363,16.272727272727273,4.636363636363637,45.72727272727273,0.0,23.363636363636363,18.727272727272727,32.45454545454545,2.4545454545454546,981.5454545454545,204.63636363636363,649.2727272727273,118.18181818181819,412.1818181818182,1212.5454545454545,0.0,0.0,40.09090909090909,0.0,174.72727272727272,9.727272727272727,38.36363636363637,0.0,699.2727272727273,1365.3636363636363,323.1818181818182,7.454545454545454,10.272727272727273,0.0,698.3636363636364,0.0,160.63636363636363,177.72727272727272,110.0,142.0909090909091,49.27272727272727,25.09090909090909,0.5454545454545454,4.11962651887834,0.5284090909090908
19C_Pomp_quotes,62.142857142857146,5.714285714285714,10.285714285714286,56.714285714285715,104.0,599.1428571428571,193.57142857142858,2.857142857142857,3.4285714285714284,34.142857142857146,144.57142857142858,7.857142857142857,7.857142857142857,16.714285714285715,15.857142857142858,521.4285714285714,7.428571428571429,569.7142857142857,1072.0,15.428571428571429,102.71428571428571,27.285714285714285,12.142857142857142,4.0,179.85714285714286,46.57142857142857,15.142857142857142,20.285714285714285,64.42857142857143,90.28571428571429,4.0,581.5714285714286,171.57142857142858,114.57142857142857,51.0,323.42857142857144,6.0,6.714285714285714,20.142857142857142,27.571428571428573,22.714285714285715,277.7142857142857,40.285714285714285,93.85714285714286,4.428571428571429,58.0,9.571428571428571,14.571428571428571,27.571428571428573,1425.142857142857,33.857142857142854,108.14285714285714,28.571428571428573,43.857142857142854,0.5714285714285714,6.142857142857143,4.571428571428571,76.28571428571429,118.71428571428571,2.2857142857142856,16.142857142857142,54.714285714285715,0.0,34.714285714285715,20.428571428571427,25.285714285714285,7.0,631.8571428571429,330.7142857142857,1074.857142857143,179.42857142857142,323.7142857142857,871.8571428571429,0.0,0.0,168.14285714285714,0.0,464.14285714285717,93.14285714285714,38.142857142857146,0.14285714285714285,1134.4285714285713,1072.0,392.0,55.714285714285715,20.285714285714285,0.0,1129.5714285714287,0.0,195.14285714285714,147.85714285714286,193.71428571428572,47.42857142857143,37.857142857142854,40.42857142857143,1.0,3.6942433339219494,0.5082142857142857
19C_pride_nonquotes,133.125,15.125,37.25,114.875,70.5,522.375,177.25,1.75,20.25,10.625,254.125,2.75,1.5,32.75,14.75,26.0,30.0,667.625,1469.5,26.625,170.75,23.75,16.0,6.5,794.625,46.5,17.5,23.0,68.5,34.25,7.75,23.25,188.375,94.5,127.75,9.75,13.125,11.0,22.375,38.5,27.875,835.75,51.75,235.875,19.375,57.375,8.25,4.125,39.625,1109.875,14.75,60.875,27.75,67.75,2.0,8.125,6.375,113.0,211.5,5.875,17.125,105.0,0.0,35.875,20.875,19.25,10.375,545.125,362.125,758.5,183.375,381.75,799.5,0.0,0.0,5.125,0.0,328.25,1.75,41.25,0.0,969.75,1469.5,526.75,1.75,5.375,0.0,969.375,0.0,167.625,170.375,202.0,166.75,48.0,31.625,1.125,4.165198294462138,0.5178125
19C_pride_quotes,123.14285714285714,25.142857142857142,54.285714285714285,80.14285714285714,144.0,530.4285714285714,241.28571428571428,6.857142857142857,9.571428571428571,41.57142857142857,200.14285714285714,7.428571428571429,4.142857142857143,23.714285714285715,21.857142857142858,522.5714285714286,15.285714285714286,763.1428571428571,1143.142857142857,43.142857142857146,170.57142857142858,59.857142857142854,10.428571428571429,1.4285714285714286,218.85714285714286,29.571428571428573,6.142857142857143,15.571428571428571,101.28571428571429,111.28571428571429,2.5714285714285716,503.7142857142857,246.85714285714286,130.28571428571428,68.57142857142857,263.42857142857144,9.0,7.714285714285714,25.142857142857142,39.714285714285715,26.571428571428573,364.0,37.57142857142857,127.57142857142857,8.714285714285714,80.14285714285714,4.571428571428571,5.857142857142857,42.714285714285715,848.4285714285714,27.714285714285715,69.14285714285714,36.714285714285715,81.42857142857143,5.428571428571429,3.0,9.285714285714286,97.85714285714286,128.28571428571428,1.8571428571428572,42.0,146.85714285714286,0.14285714285714285,58.42857142857143,15.285714285714286,17.142857142857142,14.714285714285714,333.7142857142857,429.42857142857144,965.7142857142857,216.28571428571428,285.7142857142857,584.7142857142857,0.0,0.0,52.285714285714285,0.0,554.5714285714286,42.285714285714285,42.142857142857146,0.0,1302.4285714285713,1143.142857142857,289.7142857142857,29.0,10.285714285714286,0.0,1299.857142857143,0.0,158.85714285714286,138.71428571428572,211.42857142857142,96.85714285714286,43.857142857142854,30.571428571428573,2.4285714285714284,3.709688698997222,0.49571428571428566
19C_Prof_nonquotes,79.875,6.25,25.125,60.0,61.5,662.75,131.875,5.875,9.375,14.375,245.0,12.25,6.0,27.875,12.0,491.75,27.875,602.75,1284.625,13.75,123.375,14.5,13.25,16.75,717.125,70.5,15.0,25.875,35.75,33.25,12.875,112.375,166.25,99.875,71.875,18.375,13.125,8.25,27.5,39.75,24.0,424.75,49.375,175.375,6.75,43.375,5.0,3.25,19.875,1405.125,13.0,68.25,18.25,45.0,3.875,17.25,3.125,99.75,160.125,14.125,15.25,64.125,0.0,45.25,12.75,11.5,5.625,637.5,251.625,665.0,138.75,385.5,835.0,0.0,0.125,6.5,0.0,255.25,7.375,49.5,0.0,1041.5,1284.625,214.875,8.375,30.875,0.0,1039.5,0.0,115.5,238.625,173.875,152.625,30.625,18.125,3.25,3.935638684237833,0.535625
19C_Prof_quotes,71.0,12.0,15.666666666666666,46.666666666666664,106.33333333333333,505.3333333333333,177.33333333333334,7.333333333333333,7.0,34.666666666666664,185.33333333333334,64.66666666666667,7.666666666666667,19.666666666666668,15.333333333333334,427.0,14.0,606.6666666666666,1012.6666666666666,26.666666666666668,135.33333333333334,39.0,9.666666666666666,4.666666666666667,179.33333333333334,44.666666666666664,8.333333333333334,12.0,63.0,122.33333333333333,6.333333333333333,530.0,192.33333333333334,102.33333333333333,45.666666666666664,366.0,3.3333333333333335,6.666666666666667,20.0,21.666666666666668,35.0,258.3333333333333,39.0,124.0,5.666666666666667,56.666666666666664,1.6666666666666667,3.3333333333333335,16.333333333333332,1132.6666666666667,21.333333333333332,56.666666666666664,34.666666666666664,46.666666666666664,4.0,4.333333333333333,2.6666666666666665,84.33333333333333,133.33333333333334,2.6666666666666665,37.0,91.66666666666667,0.0,57.666666666666664,11.666666666666666,10.0,6.666666666666667,425.6666666666667,306.0,973.0,155.33333333333334,311.3333333333333,613.3333333333334,0.0,0.0,45.333333333333336,0.0,501.0,66.0,44.333333333333336,0.0,1164.0,1012.6666666666666,453.3333333333333,47.666666666666664,20.333333333333332,0.0,1158.6666666666667,0.0,156.0,215.33333333333334,138.0,89.33333333333333,36.333333333333336,18.666666666666668,47.666666666666664,3.7819584933947046,0.5633333333333334
19C_sybil_nonquotes,103.0,8.454545454545455,21.727272727272727,82.54545454545455,47.90909090909091,645.8181818181819,132.9090909090909,1.5454545454545454,13.363636363636363,11.818181818181818,213.8181818181818,5.545454545454546,2.1818181818181817,26.727272727272727,20.818181818181817,34.54545454545455,29.545454545454547,453.09090909090907,1295.8181818181818,15.363636363636363,90.9090909090909,12.090909090909092,13.181818181818182,15.454545454545455,777.4545454545455,73.45454545454545,24.545454545454547,15.818181818181818,32.27272727272727,21.09090909090909,22.09090909090909,93.36363636363636,93.36363636363636,77.63636363636364,204.0909090909091,10.727272727272727,13.181818181818182,11.545454545454545,14.0,35.63636363636363,15.545454545454545,490.72727272727275,34.27272727272727,192.27272727272728,11.545454545454545,36.72727272727273,10.0,17.272727272727273,19.363636363636363,1428.0,22.272727272727273,75.0,26.727272727272727,37.81818181818182,2.272727272727273,15.636363636363637,4.818181818181818,108.54545454545455,159.1818181818182,8.545454545454545,6.7272727272727275,58.0,0.0,13.181818181818182,22.0,40.90909090909091,2.090909090909091,859.3636363636364,273.3636363636364,813.1818181818181,128.63636363636363,399.90909090909093,1101.1818181818182,0.0,0.0,6.818181818181818,0.0,180.9090909090909,2.6363636363636362,49.27272727272727,0.0,616.0909090909091,1295.8181818181818,579.4545454545455,7.545454545454546,13.272727272727273,0.0,615.5454545454545,0.0,178.63636363636363,260.54545454545456,94.63636363636364,144.0909090909091,30.727272727272727,17.727272727272727,0.18181818181818182,4.279096453552976,0.5184090909090909
19C_sybil_quotes,105.0,18.625,32.625,64.5,128.125,480.0,214.375,3.75,8.625,42.25,169.75,60.375,8.75,26.625,28.625,526.625,9.625,648.375,1087.25,37.375,124.875,54.5,6.875,2.875,224.875,36.875,9.5,10.0,73.125,122.875,8.125,635.5,205.375,127.125,65.75,242.0,3.5,5.375,28.0,33.625,34.75,300.25,46.0,116.0,6.625,53.25,10.625,12.375,27.375,1162.5,46.75,101.25,32.5,52.5,3.5,4.5,3.625,100.25,146.25,1.75,42.5,105.875,0.0,69.375,18.625,29.875,11.25,570.125,393.75,1182.125,180.875,342.125,842.375,0.0,0.0,39.875,0.0,504.875,68.75,72.125,0.0,1203.625,1087.25,399.625,24.625,19.25,0.0,1201.375,0.0,185.625,217.625,156.625,73.125,35.25,25.75,1.0,3.7304749172290967,0.5053125
19C_Tess_nonquotes,78.46153846153847,8.692307692307692,10.846153846153847,71.15384615384616,60.53846153846154,606.7692307692307,133.6153846153846,2.1538461538461537,13.538461538461538,21.0,270.84615384615387,4.538461538461538,2.3076923076923075,30.0,16.307692307692307,15.0,26.46153846153846,611.1538461538462,1471.923076923077,17.53846153846154,116.46153846153847,9.23076923076923,17.615384615384617,9.846153846153847,766.6153846153846,53.0,23.076923076923077,52.46153846153846,46.76923076923077,31.0,30.384615384615383,39.76923076923077,150.53846153846155,95.92307692307692,75.84615384615384,11.76923076923077,15.153846153846153,13.923076923076923,27.692307692307693,34.61538461538461,18.0,749.6923076923077,44.84615384615385,155.6153846153846,10.538461538461538,38.92307692307692,14.692307692307692,7.769230769230769,26.307692307692307,1498.0,18.923076923076923,75.0,27.076923076923077,46.07692307692308,2.3846153846153846,15.23076923076923,6.0,136.53846153846155,159.92307692307693,17.923076923076923,15.461538461538462,72.53846153846153,0.23076923076923078,26.23076923076923,22.53846153846154,29.0,6.076923076923077,812.4615384615385,273.0769230769231,563.1538461538462,193.3846153846154,331.7692307692308,1032.2307692307693,0.0,0.0,4.846153846153846,0.0,237.76923076923077,3.5384615384615383,56.69230769230769,0.0,875.6923076923077,1471.923076923077,264.15384615384613,6.538461538461538,12.923076923076923,0.0,875.0769230769231,0.0,162.0,216.84615384615384,158.46153846153845,181.6153846153846,45.23076923076923,15.923076923076923,0.6153846153846154,4.072109578890232,0.5440384615384616
19C_Tess_quotes,90.4,20.4,27.0,46.4,199.6,448.2,174.6,12.0,9.6,47.0,164.0,246.2,20.8,24.6,21.8,635.4,8.4,859.8,1068.8,34.6,152.0,50.2,15.0,3.4,249.8,33.2,2.6,25.4,80.4,119.2,9.8,578.4,245.6,153.4,62.6,356.8,9.4,2.8,43.2,27.6,19.4,255.6,68.4,47.8,4.6,49.6,8.8,3.2,28.6,925.2,47.4,87.0,44.8,75.6,3.0,4.2,5.8,87.6,142.4,7.0,64.4,153.4,0.2,87.2,17.4,14.0,19.0,361.4,336.8,1212.8,246.0,309.0,580.4,0.0,0.0,83.2,0.0,596.4,147.0,41.4,0.0,1420.6,1068.8,270.6,35.8,95.2,0.0,1416.2,0.0,191.6,158.6,196.2,112.6,44.6,18.0,2.8,3.40368722260921,0.47750000000000004
19C_vanity_nonquotes,91.03448275862068,11.137931034482758,32.241379310344826,74.44827586206897,50.51724137931034,651.8620689655172,128.68965517241378,1.3793103448275863,8.068965517241379,14.068965517241379,246.3793103448276,11.655172413793103,2.5172413793103448,19.06896551724138,13.275862068965518,58.13793103448276,20.06896551724138,521.2758620689655,1375.6206896551723,16.03448275862069,119.79310344827586,16.448275862068964,12.655172413793103,7.9655172413793105,677.551724137931,86.65517241379311,29.482758620689655,23.75862068965517,33.13793103448276,34.44827586206897,18.482758620689655,120.62068965517241,124.27586206896552,61.793103448275865,99.0,18.344827586206897,5.137931034482759,13.89655172413793,21.310344827586206,33.241379310344826,13.551724137931034,619.7931034482758,30.93103448275862,130.10344827586206,8.931034482758621,34.310344827586206,8.068965517241379,3.2413793103448274,27.82758620689655,1454.448275862069,13.517241379310345,84.13793103448276,37.37931034482759,44.827586206896555,2.1724137931034484,10.655172413793103,4.0,91.55172413793103,210.31034482758622,11.137931034482758,11.448275862068966,51.13793103448276,0.0,19.344827586206897,25.448275862068964,19.93103448275862,6.620689655172414,747.9655172413793,274.58620689655174,918.1379310344828,167.89655172413794,452.37931034482756,986.4827586206897,0.0,0.0,10.172413793103448,0.034482758620689655,253.6206896551724,8.03448275862069,52.827586206896555,0.0,760.3103448275862,1375.6206896551723,642.7241379310345,13.172413793103448,16.82758620689655,0.0,759.6896551724138,0.0,201.17241379310346,210.3793103448276,134.58620689655172,144.31034482758622,25.24137931034483,29.620689655172413,3.103448275862069,4.00636389931796,0.5261206896551724
19C_vanity_quotes,81.14285714285714,20.857142857142858,25.714285714285715,42.57142857142857,131.85714285714286,479.85714285714283,161.14285714285714,4.714285714285714,6.142857142857143,32.42857142857143,165.57142857142858,169.85714285714286,4.571428571428571,19.857142857142858,21.571428571428573,531.2857142857143,6.285714285714286,592.1428571428571,982.7142857142857,29.714285714285715,115.71428571428571,39.42857142857143,7.714285714285714,1.7142857142857142,236.14285714285714,45.142857142857146,8.0,16.428571428571427,53.42857142857143,112.14285714285714,5.285714285714286,571.0,167.0,107.28571428571429,50.857142857142854,309.7142857142857,4.285714285714286,4.285714285714286,33.42857142857143,30.285714285714285,20.142857142857142,340.14285714285717,33.0,51.714285714285715,4.0,43.285714285714285,7.428571428571429,3.7142857142857144,24.0,1070.2857142857142,27.142857142857142,76.71428571428571,39.42857142857143,47.714285714285715,2.7142857142857144,3.2857142857142856,2.5714285714285716,67.28571428571429,155.0,1.2857142857142858,38.857142857142854,94.85714285714286,0.0,59.142857142857146,21.857142857142858,13.571428571428571,9.571428571428571,459.14285714285717,302.14285714285717,1440.857142857143,188.42857142857142,321.7142857142857,655.7142857142857,0.0,0.0,37.42857142857143,0.0,521.7142857142857,58.0,68.28571428571429,0.0,1304.0,982.7142857142857,676.0,47.714285714285715,19.142857142857142,0.0,1300.2857142857142,0.0,188.0,198.28571428571428,201.57142857142858,64.14285714285714,28.142857142857142,24.0,7.0,3.523136983878806,0.5153571428571427
19C_VivianG_nonquotes,84.0,6.166666666666667,22.25,89.41666666666667,52.166666666666664,680.75,142.25,1.25,8.75,9.083333333333334,215.66666666666666,6.25,2.0833333333333335,29.916666666666668,11.25,42.916666666666664,33.083333333333336,481.4166666666667,1281.5833333333333,12.083333333333334,89.25,12.666666666666666,8.083333333333334,14.666666666666666,645.6666666666666,47.583333333333336,22.666666666666668,13.75,26.833333333333332,17.0,13.333333333333334,114.41666666666667,100.33333333333333,62.333333333333336,88.75,21.083333333333332,13.833333333333334,16.833333333333332,20.75,40.666666666666664,15.583333333333334,487.25,43.916666666666664,169.58333333333334,15.25,36.25,9.583333333333334,2.0833333333333335,23.916666666666668,1382.5833333333333,12.166666666666666,62.916666666666664,27.5,46.666666666666664,1.4166666666666667,13.166666666666666,4.833333333333333,77.58333333333333,189.0,8.5,8.0,63.666666666666664,0.0,11.666666666666666,21.666666666666668,20.333333333333332,2.0833333333333335,876.4166666666666,290.75,862.0833333333334,118.91666666666667,366.5,1094.5833333333333,0.0,0.0,23.75,0.0,175.33333333333334,5.166666666666667,52.166666666666664,0.0,611.5833333333334,1281.5833333333333,591.1666666666666,7.916666666666667,14.333333333333334,0.0,611.4166666666666,0.0,146.75,243.83333333333334,76.25,157.58333333333334,29.833333333333332,28.666666666666668,2.3333333333333335,4.1971183049272875,0.49937499999999996
19C_VivianG_quotes,93.66666666666667,15.083333333333334,31.416666666666668,64.75,99.16666666666667,575.1666666666666,208.66666666666666,3.25,8.833333333333334,27.333333333333332,177.08333333333334,32.166666666666664,9.0,25.833333333333332,19.666666666666668,480.0,17.083333333333332,602.0,1125.25,24.5,115.33333333333333,39.333333333333336,7.083333333333333,4.083333333333333,211.5,27.25,17.5,9.833333333333334,65.25,78.66666666666667,7.75,505.5,199.83333333333334,90.33333333333333,55.0,243.58333333333334,6.916666666666667,9.25,29.916666666666668,39.166666666666664,25.333333333333332,228.91666666666666,46.416666666666664,123.83333333333333,7.833333333333333,50.75,11.5,3.0,39.333333333333336,1120.8333333333333,32.0,98.41666666666667,36.083333333333336,67.08333333333333,1.0833333333333333,4.75,8.75,93.08333333333333,129.91666666666666,2.75,24.416666666666668,92.91666666666667,0.0,45.0,25.166666666666668,18.083333333333332,8.5,570.9166666666666,378.0833333333333,1102.0,191.91666666666666,279.5,827.5833333333334,0.0,0.0,96.83333333333333,0.0,412.6666666666667,57.25,50.833333333333336,0.0,1042.5,1125.25,493.0833333333333,30.166666666666668,31.916666666666668,0.0,1041.25,0.0,180.83333333333334,204.08333333333334,134.41666666666666,91.0,32.583333333333336,38.416666666666664,2.1666666666666665,3.800701579713023,0.49541666666666667
19C_wh_nonquotes,60.0,7.25,16.5,55.5,64.875,508.75,100.75,3.625,8.875,21.0,192.5,53.5,3.5,21.75,10.375,425.125,42.125,563.375,1249.5,15.125,160.125,19.25,17.375,10.125,879.5,52.5,5.625,30.0,44.375,44.625,20.75,84.25,162.75,98.125,115.125,21.0,12.5,6.75,38.0,49.0,19.875,698.5,34.125,144.0,4.125,39.625,9.875,8.125,18.625,1283.75,15.875,48.125,16.375,33.125,1.75,10.625,2.25,71.75,262.125,30.25,12.75,66.375,0.0,60.625,13.5,11.875,6.625,608.875,208.625,714.875,150.25,441.5,752.375,0.0,0.0,20.75,0.0,339.0,7.875,43.625,0.0,1248.5,1249.5,270.5,9.25,35.875,0.0,1247.0,0.0,106.5,208.875,211.125,232.5,34.5,10.75,0.625,3.949752471995449,0.551875
19C_wh_quotes,61.285714285714285,11.285714285714286,14.714285714285714,44.42857142857143,146.85714285714286,393.2857142857143,144.42857142857142,9.857142857142858,7.428571428571429,46.285714285714285,152.85714285714286,212.57142857142858,10.0,23.142857142857142,11.857142857142858,537.8571428571429,13.571428571428571,639.2857142857143,969.8571428571429,28.142857142857142,147.0,46.714285714285715,13.571428571428571,2.7142857142857144,272.85714285714283,31.0,2.0,18.857142857142858,60.57142857142857,149.85714285714286,7.571428571428571,480.7142857142857,166.42857142857142,114.14285714285714,48.0,322.14285714285717,5.285714285714286,1.8571428571428572,37.142857142857146,24.714285714285715,18.142857142857142,394.2857142857143,50.42857142857143,64.71428571428571,2.857142857142857,49.714285714285715,6.571428571428571,4.285714285714286,19.428571428571427,888.1428571428571,25.714285714285715,65.57142857142857,26.428571428571427,44.285714285714285,1.0,3.142857142857143,4.428571428571429,56.42857142857143,206.85714285714286,6.0,36.285714285714285,119.14285714285714,0.0,55.57142857142857,9.714285714285714,10.428571428571429,9.285714285714286,344.14285714285717,274.85714285714283,1010.8571428571429,186.71428571428572,352.42857142857144,506.14285714285717,0.0,0.0,91.28571428571429,0.0,598.1428571428571,56.42857142857143,37.714285714285715,0.2857142857142857,1378.2857142857142,969.8571428571429,294.42857142857144,41.57142857142857,75.57142857142857,0.0,1374.4285714285713,0.0,120.85714285714286,142.85714285714286,245.0,119.0,37.857142857142854,9.142857142857142,3.142857142857143,3.5059727695429523,0.535
19C_wwhite_nonquotes,83.65,8.0,16.65,73.55,43.55,579.5,127.1,2.2,2.8,23.45,271.95,3.85,2.7,23.15,13.15,517.8,26.6,590.85,1529.0,18.0,162.6,16.5,15.2,9.7,722.3,55.5,19.25,33.9,51.3,22.35,13.7,113.55,171.25,93.05,108.15,8.2,11.95,11.35,22.8,42.1,22.5,484.45,60.7,175.1,8.9,37.1,12.8,9.3,36.2,1340.65,13.3,79.7,25.35,45.45,1.2,13.15,4.15,136.35,155.0,11.2,13.85,67.15,0.0,34.0,31.85,30.0,8.45,748.8,264.4,883.5,163.1,312.3,988.5,0.0,0.0,11.5,0.0,284.2,5.2,51.55,0.0,1109.8,1529.0,346.55,12.85,6.75,0.0,1105.9,0.0,167.8,154.85,247.45,153.95,36.1,25.95,2.05,3.958375142578408,0.5081249999999999
19C_wwhite_quotes,85.77777777777777,15.777777777777779,20.444444444444443,54.888888888888886,98.0,468.3333333333333,165.55555555555554,6.555555555555555,1.7777777777777777,53.0,200.66666666666666,88.77777777777777,4.777777777777778,20.666666666666668,20.11111111111111,588.8888888888889,14.222222222222221,617.2222222222222,1230.111111111111,33.55555555555556,167.88888888888889,30.22222222222222,9.444444444444445,2.5555555555555554,252.77777777777777,36.55555555555556,5.222222222222222,23.333333333333332,68.55555555555556,84.0,6.777777777777778,536.8888888888889,233.22222222222223,124.11111111111111,89.44444444444444,335.22222222222223,4.555555555555555,6.0,32.22222222222222,40.77777777777778,28.0,299.0,53.333333333333336,108.66666666666667,4.444444444444445,53.111111111111114,9.11111111111111,6.0,32.111111111111114,1057.888888888889,21.444444444444443,80.77777777777777,34.22222222222222,50.333333333333336,1.6666666666666667,4.888888888888889,4.222222222222222,97.44444444444444,136.0,3.4444444444444446,43.55555555555556,86.22222222222223,0.0,67.55555555555556,23.11111111111111,25.333333333333332,17.88888888888889,469.6666666666667,318.55555555555554,1209.2222222222222,197.66666666666666,273.77777777777777,690.7777777777778,0.0,0.0,43.666666666666664,0.0,547.8888888888889,62.111111111111114,49.0,0.6666666666666666,1356.3333333333333,1230.111111111111,406.0,45.333333333333336,39.22222222222222,0.0,1352.5555555555557,0.0,177.77777777777777,130.11111111111111,236.77777777777777,96.88888888888889,41.666666666666664,20.77777777777778,0.0,3.6410471993361537,0.49916666666666665
DNov_BH_nonquotes,101.68,16.08,31.48,68.04,52.68,620.04,138.36,2.68,9.68,24.64,264.12,8.56,4.28,19.52,18.32,314.24,25.04,637.76,1442.32,26.64,132.4,14.64,12.52,7.96,534.28,69.4,17.72,33.8,41.92,26.08,22.92,335.92,157.52,117.68,156.84,7.36,16.92,11.48,28.76,29.52,17.48,538.72,48.4,130.0,8.24,36.16,14.0,8.48,32.04,1339.24,17.8,77.4,27.92,53.44,3.56,8.72,6.08,91.48,150.36,20.48,19.32,59.36,0.0,48.8,22.52,17.44,9.2,650.2,284.72,861.36,201.36,418.16,863.0,0.0,0.0,8.76,0.0,253.4,7.84,46.32,0.04,980.44,1442.32,464.12,6.0,8.52,0.0,979.0,0.0,160.16,217.96,182.8,210.72,36.12,17.52,0.16,3.9319102019682055,0.5017
DNov_BH_quotes,95.94117647058823,23.941176470588236,35.411764705882355,67.05882352941177,138.11764705882354,511.7647058823529,197.35294117647058,7.9411764705882355,6.705882352941177,46.411764705882355,186.8235294117647,128.41176470588235,14.235294117647058,15.117647058823529,18.88235294117647,616.6470588235294,13.470588235294118,731.1764705882352,1136.1176470588234,38.411764705882355,152.94117647058823,39.05882352941177,10.882352941176471,3.0588235294117645,207.94117647058823,40.05882352941177,8.470588235294118,20.352941176470587,67.88235294117646,94.58823529411765,8.352941176470589,629.2352941176471,232.0,172.7058823529412,75.52941176470588,309.0,5.117647058823529,6.352941176470588,39.05882352941177,34.705882352941174,23.41176470588235,262.3529411764706,51.588235294117645,91.58823529411765,5.470588235294118,57.1764705882353,10.941176470588236,6.9411764705882355,30.705882352941178,1027.5294117647059,46.05882352941177,95.17647058823529,38.1764705882353,61.76470588235294,3.7058823529411766,4.0,6.882352941176471,91.05882352941177,137.88235294117646,4.117647058823529,55.88235294117647,106.47058823529412,0.0,72.29411764705883,20.0,17.764705882352942,14.823529411764707,430.6470588235294,367.1764705882353,1299.235294117647,222.2941176470588,328.94117647058823,670.4705882352941,0.0,0.0,52.05882352941177,0.0,520.5882352941177,76.41176470588235,48.76470588235294,0.058823529411764705,1370.764705882353,1136.1176470588234,381.4117647058824,32.94117647058823,22.764705882352942,0.0,1368.1176470588234,0.0,176.7058823529412,188.35294117647058,192.0,90.3529411764706,41.76470588235294,18.41176470588235,1.8235294117647058,3.539096550075358,0.4747058823529412
DNov_BR_nonquotes,116.75,10.1,26.55,76.05,34.95,627.65,107.8,1.8,13.7,18.45,270.1,13.45,3.45,15.85,16.1,13.55,31.8,578.0,1468.0,18.25,118.2,9.1,10.1,14.95,789.5,83.15,21.6,34.7,31.35,26.1,21.1,39.45,117.4,97.4,115.25,5.15,14.45,18.35,32.85,27.65,19.9,642.7,45.5,126.95,9.4,35.0,8.45,5.6,30.95,1463.65,24.75,89.9,30.1,45.35,4.1,11.3,2.75,94.6,252.45,27.6,14.15,44.4,0.0,18.55,13.15,22.6,5.2,731.7,244.05,517.55,189.45,483.4,1002.1,0.0,0.0,6.4,0.0,224.1,4.25,52.4,0.0,760.2,1468.0,317.4,2.3,8.8,0.0,760.1,0.0,164.75,218.55,146.05,236.0,36.95,25.05,0.1,4.02035549811673,0.5211249999999998
DNov_BR_quotes,104.1,16.3,29.4,57.4,133.8,518.1,171.9,5.3,10.3,55.3,185.4,152.1,8.6,14.5,22.5,591.9,10.2,713.0,1125.4,35.5,132.9,35.9,8.5,3.5,226.9,46.5,9.1,22.8,64.5,118.9,6.5,645.4,228.2,144.4,58.5,370.6,3.9,7.9,48.2,32.8,34.8,289.9,48.6,77.3,4.4,55.1,8.7,8.3,33.8,1143.8,52.0,107.0,49.6,53.7,4.7,3.4,3.8,90.8,167.2,5.5,63.4,96.0,0.0,66.6,15.9,21.6,14.0,440.8,335.8,1187.9,246.7,353.1,724.4,0.0,0.0,55.7,0.0,577.3,89.6,48.5,0.3,1414.9,1125.4,267.8,43.8,17.4,0.0,1410.0,0.0,206.3,194.0,220.4,84.4,44.1,20.0,0.4,3.463555548911443,0.49675
DNov_DC_nonquotes,97.96551724137932,18.482758620689655,29.724137931034484,63.55172413793103,49.6551724137931,526.8620689655172,133.86206896551724,2.689655172413793,7.827586206896552,28.379310344827587,254.24137931034483,31.620689655172413,4.172413793103448,15.862068965517242,16.620689655172413,574.7586206896551,20.413793103448278,610.3448275862069,1426.1379310344828,28.103448275862068,130.6551724137931,17.24137931034483,12.344827586206897,7.586206896551724,813.0689655172414,45.13793103448276,17.344827586206897,33.58620689655172,42.0,26.103448275862068,20.0,100.55172413793103,179.9655172413793,111.62068965517241,152.89655172413794,4.551724137931035,13.724137931034482,17.0,39.03448275862069,27.620689655172413,18.0,453.2413793103448,46.86206896551724,115.79310344827586,6.931034482758621,38.89655172413793,10.0,7.413793103448276,46.93103448275862,1211.6896551724137,24.20689655172414,74.75862068965517,35.51724137931034,48.48275862068966,3.8275862068965516,6.793103448275862,3.1379310344827585,102.48275862068965,232.58620689655172,19.551724137931036,20.344827586206897,61.206896551724135,0.034482758620689655,59.44827586206897,16.93103448275862,12.862068965517242,9.172413793103448,583.8275862068965,280.9310344827586,869.2068965517242,218.3793103448276,391.1034482758621,808.2758620689655,0.0,0.0,10.068965517241379,0.0,258.2413793103448,6.689655172413793,42.172413793103445,0.0,1149.0,1426.1379310344828,360.3448275862069,4.241379310344827,22.862068965517242,0.0,1146.4827586206898,0.0,168.0,215.6551724137931,221.31034482758622,201.68965517241378,35.758620689655174,17.517241379310345,0.2413793103448276,3.744265321526719,0.4862931034482758
DNov_DC_quotes,99.42857142857143,25.071428571428573,33.285714285714285,58.285714285714285,136.35714285714286,516.2857142857143,203.92857142857142,6.785714285714286,6.428571428571429,55.07142857142857,178.85714285714286,137.42857142857142,10.571428571428571,15.142857142857142,24.0,630.9285714285714,11.428571428571429,720.4285714285714,1127.857142857143,37.214285714285715,156.78571428571428,44.214285714285715,9.5,3.857142857142857,225.85714285714286,37.92857142857143,7.571428571428571,21.785714285714285,70.5,101.71428571428571,6.714285714285714,616.9285714285714,234.21428571428572,149.57142857142858,72.64285714285714,302.42857142857144,4.928571428571429,5.5,38.785714285714285,31.0,25.214285714285715,289.7142857142857,52.0,95.14285714285714,4.857142857142857,66.35714285714286,8.071428571428571,7.071428571428571,39.285714285714285,986.7142857142857,39.857142857142854,77.71428571428571,38.785714285714285,61.57142857142857,4.0,3.9285714285714284,5.928571428571429,100.71428571428571,152.64285714285714,4.5,55.714285714285715,105.35714285714286,0.0,70.21428571428571,17.142857142857142,14.428571428571429,16.0,399.85714285714283,388.42857142857144,1318.5,237.85714285714286,310.85714285714283,621.2142857142857,0.0,0.0,68.14285714285714,0.0,536.5714285714286,89.78571428571429,40.07142857142857,0.21428571428571427,1381.857142857143,1127.857142857143,405.07142857142856,27.0,35.0,0.0,1379.357142857143,0.0,179.85714285714286,186.14285714285714,212.92857142857142,83.92857142857143,41.0,19.928571428571427,2.0,3.5020360478323864,0.46750000000000014
DNov_DS_nonquotes,89.13793103448276,12.586206896551724,26.655172413793103,63.06896551724138,44.96551724137931,612.4827586206897,109.34482758620689,0.9655172413793104,8.551724137931034,25.896551724137932,269.7241379310345,28.896551724137932,3.6206896551724137,18.586206896551722,17.862068965517242,27.06896551724138,29.06896551724138,584.1034482758621,1459.5862068965516,20.655172413793103,114.06896551724138,10.0,9.827586206896552,12.586206896551724,709.0344827586207,80.06896551724138,20.620689655172413,36.06896551724138,36.0,30.24137931034483,23.310344827586206,106.86206896551724,136.44827586206895,110.17241379310344,138.0,12.620689655172415,15.206896551724139,12.96551724137931,35.241379310344826,27.551724137931036,21.79310344827586,663.9655172413793,48.48275862068966,149.31034482758622,9.586206896551724,34.3448275862069,7.9655172413793105,13.793103448275861,36.06896551724138,1331.8275862068965,22.0,76.72413793103448,32.172413793103445,43.6551724137931,2.6206896551724137,9.482758620689655,2.7586206896551726,90.6896551724138,244.0344827586207,20.379310344827587,15.620689655172415,51.793103448275865,0.034482758620689655,26.103448275862068,12.931034482758621,20.896551724137932,6.0344827586206895,703.8620689655172,243.58620689655172,791.3793103448276,190.17241379310346,452.0,922.1034482758621,0.0,0.0,10.448275862068966,0.0,232.3793103448276,5.586206896551724,37.3448275862069,0.0,816.0344827586207,1459.5862068965516,561.4827586206897,5.137931034482759,20.344827586206897,0.0,815.7586206896551,0.0,159.0344827586207,206.79310344827587,162.6551724137931,229.24137931034483,40.275862068965516,13.862068965517242,0.20689655172413793,3.9934793332731178,0.5090517241379311
DNov_DS_quotes,97.3076923076923,24.846153846153847,39.30769230769231,63.30769230769231,139.6153846153846,518.0769230769231,188.76923076923077,4.923076923076923,9.076923076923077,56.69230769230769,182.15384615384616,141.76923076923077,9.461538461538462,19.46153846153846,31.076923076923077,631.3076923076923,8.923076923076923,773.4615384615385,1142.6153846153845,44.76923076923077,150.30769230769232,37.53846153846154,7.923076923076923,3.8461538461538463,200.3846153846154,48.69230769230769,11.307692307692308,26.076923076923077,78.07692307692308,107.07692307692308,7.538461538461538,637.2307692307693,244.46153846153845,141.23076923076923,71.6923076923077,337.9230769230769,4.615384615384615,5.923076923076923,45.15384615384615,38.92307692307692,30.76923076923077,254.69230769230768,53.76923076923077,90.53846153846153,4.923076923076923,60.92307692307692,6.6923076923076925,6.769230769230769,47.38461538461539,928.1538461538462,42.53846153846154,92.76923076923077,46.76923076923077,64.38461538461539,3.0,3.3076923076923075,5.538461538461538,95.76923076923077,152.53846153846155,3.230769230769231,49.53846153846154,106.0,0.07692307692307693,69.38461538461539,14.461538461538462,17.0,18.923076923076923,371.38461538461536,372.3076923076923,1444.0,271.7692307692308,333.15384615384613,605.8461538461538,0.0,0.0,67.84615384615384,0.0,553.8461538461538,96.92307692307692,34.15384615384615,0.23076923076923078,1380.2307692307693,1142.6153846153845,547.3076923076923,28.53846153846154,22.307692307692307,0.0,1376.5384615384614,0.0,209.0,172.23076923076923,207.84615384615384,82.76923076923077,43.84615384615385,20.53846153846154,1.0769230769230769,3.5063564333745845,0.47423076923076923
DNov_ED_nonquotes,76.42857142857143,11.428571428571429,22.0,69.57142857142857,33.57142857142857,608.7142857142857,95.57142857142857,2.2857142857142856,10.0,26.142857142857142,253.71428571428572,23.0,3.5714285714285716,16.857142857142858,12.571428571428571,15.142857142857142,29.142857142857142,543.8571428571429,1359.142857142857,20.285714285714285,97.0,10.857142857142858,8.857142857142858,8.0,433.2857142857143,60.0,12.857142857142858,29.857142857142858,32.857142857142854,26.142857142857142,24.571428571428573,269.14285714285717,108.0,113.57142857142857,124.14285714285714,7.714285714285714,11.714285714285714,8.142857142857142,37.57142857142857,28.857142857142858,15.857142857142858,557.2857142857143,49.714285714285715,121.71428571428571,9.714285714285714,26.571428571428573,7.285714285714286,6.428571428571429,28.428571428571427,1309.857142857143,16.0,71.71428571428571,19.285714285714285,37.142857142857146,3.7142857142857144,11.571428571428571,3.4285714285714284,85.28571428571429,187.0,19.714285714285715,10.857142857142858,45.857142857142854,0.0,19.285714285714285,12.714285714285714,12.0,3.7142857142857144,672.0,219.57142857142858,800.4285714285714,162.57142857142858,360.42857142857144,854.8571428571429,0.0,0.0,7.571428571428571,0.0,203.71428571428572,5.571428571428571,43.857142857142854,0.0,695.7142857142857,1359.142857142857,509.2857142857143,6.714285714285714,19.714285714285715,0.0,695.5714285714286,0.0,107.57142857142857,214.14285714285714,122.57142857142857,216.57142857142858,33.0,15.0,0.7142857142857143,4.0406174215525565,0.5132142857142857
DNov_ED_quotes,88.2,15.4,28.4,64.8,136.0,506.6,178.8,9.0,6.6,40.2,176.8,94.2,6.2,15.6,17.6,636.4,18.0,746.2,1145.8,26.8,146.8,41.2,8.2,3.6,200.2,44.2,8.8,20.8,79.2,102.4,8.4,588.4,227.6,170.4,76.4,343.6,6.8,6.0,42.2,38.2,28.8,226.6,48.0,95.6,5.2,52.8,13.2,6.6,47.2,992.6,42.6,78.0,39.8,59.0,3.4,5.8,7.0,84.6,158.6,6.8,49.6,101.8,0.0,72.0,18.0,14.6,13.6,407.6,357.0,1288.0,239.8,328.6,630.2,0.0,0.0,47.8,0.0,530.6,68.2,31.2,0.0,1396.0,1145.8,361.0,30.4,27.0,0.0,1390.4,0.0,173.0,178.4,205.6,103.2,40.2,18.4,0.6,3.543240506649295,0.483
DNov_GE_nonquotes,87.5625,15.4375,23.5,68.5,49.0625,503.3125,126.3125,3.0,7.8125,30.5625,250.625,8.9375,3.75,13.875,16.75,550.875,24.0,598.1875,1473.9375,24.5,125.5625,21.0,17.5625,5.1875,845.3125,54.5,14.3125,30.25,38.875,29.75,18.8125,38.0,174.4375,115.8125,130.1875,3.875,13.375,9.875,48.5,28.25,18.125,412.5625,50.5,112.9375,7.8125,33.1875,15.5625,9.1875,52.125,1228.9375,24.625,75.25,28.1875,41.75,3.75,7.9375,4.1875,122.1875,224.625,17.1875,20.4375,64.75,0.0,56.625,22.1875,15.1875,9.125,624.5625,273.75,817.5625,230.25,414.375,823.5625,0.0,0.0,3.625,0.0,248.5625,4.625,44.875,0.0,1087.375,1473.9375,290.4375,4.625,7.625,0.0,1085.3125,0.0,151.75,204.25,214.1875,199.1875,35.1875,17.625,0.125,3.786644315378483,0.49656249999999996
DNov_GE_quotes,82.0,15.571428571428571,23.285714285714285,62.714285714285715,137.42857142857142,440.42857142857144,168.28571428571428,6.857142857142857,5.428571428571429,44.57142857142857,154.57142857142858,177.28571428571428,12.285714285714286,13.428571428571429,25.428571428571427,507.7142857142857,10.714285714285714,706.2857142857143,1040.2857142857142,28.428571428571427,138.28571428571428,38.142857142857146,10.714285714285714,2.4285714285714284,259.7142857142857,38.285714285714285,5.0,17.857142857142858,67.42857142857143,96.14285714285714,7.285714285714286,572.1428571428571,226.28571428571428,162.85714285714286,70.71428571428571,391.14285714285717,3.7142857142857144,6.857142857142857,43.285714285714285,24.142857142857142,24.0,284.2857142857143,59.857142857142854,63.714285714285715,4.714285714285714,45.57142857142857,8.0,4.857142857142857,34.142857142857146,913.0,48.142857142857146,81.85714285714286,34.57142857142857,49.857142857142854,2.142857142857143,2.857142857142857,4.428571428571429,84.0,154.57142857142858,4.428571428571429,66.71428571428571,104.14285714285714,0.14285714285714285,78.71428571428571,13.714285714285714,12.571428571428571,14.571428571428571,384.7142857142857,339.7142857142857,1276.857142857143,215.57142857142858,331.0,609.0,0.0,0.0,47.0,0.0,537.2857142857143,95.85714285714286,56.57142857142857,0.2857142857142857,1358.0,1040.2857142857142,362.14285714285717,33.57142857142857,38.42857142857143,0.0,1354.857142857143,0.0,180.28571428571428,175.28571428571428,207.57142857142858,91.42857142857143,41.0,14.428571428571429,1.5714285714285714,3.426089568282774,0.445
DNov_HT_nonquotes,101.14285714285714,13.571428571428571,26.0,73.85714285714286,46.142857142857146,606.2857142857143,118.28571428571429,2.5714285714285716,9.857142857142858,25.0,257.0,54.142857142857146,3.2857142857142856,18.142857142857142,14.857142857142858,49.57142857142857,27.285714285714285,584.8571428571429,1416.857142857143,22.857142857142858,114.85714285714286,10.285714285714286,12.0,12.714285714285714,779.1428571428571,62.57142857142857,17.571428571428573,33.714285714285715,33.285714285714285,29.714285714285715,18.428571428571427,53.142857142857146,136.28571428571428,115.28571428571429,136.85714285714286,15.142857142857142,13.714285714285714,9.857142857142858,40.42857142857143,30.857142857142858,21.285714285714285,672.4285714285714,44.57142857142857,132.14285714285714,7.571428571428571,30.857142857142858,7.428571428571429,8.428571428571429,27.285714285714285,1357.4285714285713,18.0,79.0,25.142857142857142,51.42857142857143,3.2857142857142856,8.428571428571429,2.4285714285714284,94.0,198.85714285714286,17.857142857142858,15.142857142857142,49.42857142857143,0.0,28.0,15.571428571428571,17.857142857142858,6.571428571428571,663.5714285714286,259.14285714285717,799.8571428571429,185.28571428571428,385.42857142857144,886.4285714285714,0.0,0.0,7.0,0.0,235.85714285714286,16.0,56.42857142857143,0.0,853.7142857142857,1416.857142857143,485.42857142857144,8.571428571428571,43.714285714285715,0.0,853.0,0.0,141.71428571428572,222.85714285714286,153.28571428571428,199.0,42.57142857142857,16.142857142857142,3.4285714285714284,3.943890681576828,0.5071428571428571
DNov_HT_quotes,86.33333333333333,19.5,30.166666666666668,62.666666666666664,133.83333333333334,437.3333333333333,164.33333333333334,7.0,8.833333333333334,47.166666666666664,172.16666666666666,170.0,10.0,18.0,16.666666666666668,554.1666666666666,11.5,694.8333333333334,1082.0,33.0,155.66666666666666,33.166666666666664,9.333333333333334,3.0,209.33333333333334,30.833333333333332,8.833333333333334,17.666666666666668,68.5,95.83333333333333,9.166666666666666,552.1666666666666,230.0,130.83333333333334,65.83333333333333,329.3333333333333,6.666666666666667,4.666666666666667,41.0,32.333333333333336,23.333333333333332,254.0,50.333333333333336,77.5,5.333333333333333,49.333333333333336,7.833333333333333,7.5,37.666666666666664,948.5,39.666666666666664,82.16666666666667,38.666666666666664,56.0,3.1666666666666665,4.0,3.8333333333333335,105.83333333333333,138.66666666666666,4.666666666666667,47.833333333333336,110.66666666666667,0.16666666666666666,64.5,14.166666666666666,17.666666666666668,17.166666666666668,378.0,323.1666666666667,1104.5,226.16666666666666,273.1666666666667,597.0,0.0,0.0,34.5,0.0,514.1666666666666,83.66666666666667,41.666666666666664,0.0,1284.0,1082.0,333.6666666666667,26.5,66.83333333333333,0.0,1281.0,0.0,175.83333333333334,173.33333333333334,187.33333333333334,86.5,40.5,15.0,5.0,3.491996097694235,0.46916666666666657
DNov_LD_nonquotes,96.08,14.12,22.88,71.68,51.16,630.48,132.96,3.16,9.44,27.16,277.08,20.08,3.4,16.0,18.36,58.96,29.76,585.0,1528.68,25.04,134.12,13.0,12.04,11.16,770.56,63.08,19.8,29.84,38.64,35.08,22.16,52.52,136.28,127.96,135.84,20.84,13.32,11.28,34.64,29.56,19.76,678.4,45.84,153.08,9.52,36.76,12.2,10.08,39.04,1355.08,22.84,88.28,31.44,47.2,2.76,10.56,4.64,113.96,188.96,20.08,20.64,60.44,0.0,28.56,16.72,21.4,6.76,714.04,276.8,809.16,203.88,383.84,942.68,0.0,0.0,7.84,0.0,258.64,7.04,49.72,0.0,889.6,1528.68,515.96,8.24,13.6,0.08,889.0,0.0,156.76,221.96,171.52,213.48,37.32,18.72,0.44,4.024588294910323,0.49810000000000004
DNov_LD_quotes,101.4,22.333333333333332,34.93333333333333,62.13333333333333,148.26666666666668,499.1333333333333,188.53333333333333,7.4,7.6,46.6,166.46666666666667,100.06666666666666,9.466666666666667,17.666666666666668,17.466666666666665,606.0,12.733333333333333,772.6666666666666,1129.0666666666666,41.0,164.53333333333333,39.4,7.8,2.6,209.53333333333333,41.333333333333336,9.533333333333333,20.466666666666665,70.6,98.46666666666667,9.0,595.5333333333333,245.86666666666667,175.26666666666668,76.2,321.2,5.333333333333333,5.133333333333334,43.333333333333336,41.93333333333333,28.866666666666667,245.0,45.6,94.13333333333334,4.266666666666667,61.733333333333334,10.933333333333334,6.2,43.13333333333333,921.2,41.6,89.33333333333333,39.0,65.0,3.3333333333333335,4.133333333333334,5.733333333333333,102.86666666666666,130.4,4.666666666666667,52.06666666666667,113.2,0.0,78.4,19.133333333333333,16.4,18.133333333333333,396.1333333333333,367.26666666666665,1228.4,231.4,304.1333333333333,632.0666666666667,0.0,0.0,55.333333333333336,0.0,546.6,95.06666666666666,39.53333333333333,0.5333333333333333,1359.8666666666666,1129.0666666666666,346.6666666666667,31.533333333333335,15.2,0.0,1357.0,0.0,182.53333333333333,173.06666666666666,211.93333333333334,98.4,43.733333333333334,19.333333333333332,1.0,3.5488449523911267,0.45249999999999996
DNov_MC_nonquotes,103.41666666666667,12.708333333333334,32.625,70.16666666666667,45.541666666666664,640.625,121.29166666666667,2.875,10.875,24.125,282.4166666666667,21.5,3.375,17.208333333333332,16.583333333333332,12.5,27.625,589.6666666666666,1466.2916666666667,22.125,117.70833333333333,9.875,9.625,8.958333333333334,799.1666666666666,60.541666666666664,18.791666666666668,31.166666666666668,40.208333333333336,26.708333333333332,19.708333333333332,50.125,129.58333333333334,114.95833333333333,168.58333333333334,10.5,13.166666666666666,17.625,31.291666666666668,31.416666666666668,18.791666666666668,637.1666666666666,47.041666666666664,151.16666666666666,8.333333333333334,33.166666666666664,10.291666666666666,6.25,37.291666666666664,1385.25,21.333333333333332,88.04166666666667,29.0,48.583333333333336,3.7916666666666665,9.333333333333334,3.7916666666666665,97.58333333333333,208.58333333333334,25.708333333333332,16.416666666666668,56.208333333333336,0.0,25.083333333333332,13.25,17.208333333333332,4.958333333333333,706.7083333333334,259.625,761.0833333333334,192.75,406.2083333333333,959.7916666666666,0.0,0.0,15.958333333333334,0.0,225.33333333333334,7.166666666666667,47.0,0.0,776.1666666666666,1466.2916666666667,529.75,4.416666666666667,14.25,0.0,775.875,0.0,143.41666666666666,231.29166666666666,136.33333333333334,218.875,36.5,22.875,0.08333333333333333,4.031472789009825,0.5202083333333333
DNov_MC_quotes,98.0625,18.0,40.875,53.8125,158.625,527.9375,179.5625,4.875,7.625,52.75,194.625,159.9375,10.3125,18.1875,24.75,603.0,11.25,761.3125,1111.4375,30.875,142.4375,37.6875,8.9375,2.5,209.3125,33.875,7.875,18.0,70.0625,106.875,5.0,629.6875,235.3125,157.3125,71.5625,335.8125,3.5,8.0,40.0625,32.0,26.875,273.6875,46.625,89.125,4.0625,56.8125,7.3125,5.0,36.0625,1016.375,52.5625,84.3125,42.1875,60.9375,5.0,3.3125,5.3125,87.6875,133.375,4.75,51.6875,115.625,0.0,76.8125,19.4375,17.0,14.6875,428.0,350.6875,1281.4375,241.4375,288.5625,679.75,0.0,0.0,74.375,0.0,540.0625,100.5625,45.75,0.1875,1385.3125,1111.4375,345.25,29.9375,35.8125,0.0,1381.375,0.0,191.0625,193.25,197.6875,89.125,41.75,22.0,1.3125,3.4812409943705864,0.48609375
DNov_NN_nonquotes,109.52173913043478,12.173913043478262,37.69565217391305,74.91304347826087,40.04347826086956,645.2173913043479,100.0,1.4782608695652173,8.956521739130435,20.304347826086957,242.43478260869566,24.304347826086957,2.739130434782609,22.0,20.130434782608695,13.130434782608695,37.34782608695652,569.0,1385.3478260869565,19.695652173913043,124.0,11.695652173913043,10.695652173913043,15.434782608695652,784.7391304347826,73.3913043478261,24.130434782608695,27.91304347826087,34.47826086956522,24.08695652173913,21.652173913043477,46.08695652173913,118.95652173913044,79.17391304347827,195.43478260869566,5.3478260869565215,14.0,17.565217391304348,33.78260869565217,34.34782608695652,19.565217391304348,524.0869565217391,41.130434782608695,171.91304347826087,9.521739130434783,26.47826086956522,8.130434782608695,4.6521739130434785,37.52173913043478,1353.4782608695652,22.869565217391305,76.26086956521739,30.26086956521739,50.78260869565217,2.0434782608695654,11.173913043478262,3.130434782608696,99.17391304347827,214.65217391304347,31.0,12.608695652173912,53.95652173913044,0.0,19.217391304347824,17.0,22.17391304347826,5.826086956521739,703.3478260869565,236.8695652173913,766.2608695652174,181.56521739130434,409.04347826086956,962.3478260869565,0.0,0.0,6.173913043478261,0.0,221.69565217391303,3.9130434782608696,58.08695652173913,0.0,622.0434782608696,1385.3478260869565,607.1304347826087,2.9130434782608696,28.043478260869566,0.0,621.9565217391304,0.0,161.47826086956522,224.30434782608697,112.6086956521739,230.82608695652175,36.69565217391305,26.043478260869566,0.17391304347826086,4.200597698016435,0.5108695652173914
DNov_NN_quotes,101.375,22.6875,45.0625,53.25,144.3125,512.8125,168.3125,6.75,7.6875,53.875,161.0,144.625,9.6875,21.0,21.875,524.8125,9.9375,732.875,1043.5,39.5625,131.375,46.0625,7.375,3.0,227.25,44.8125,8.125,20.5625,62.9375,116.6875,5.1875,575.875,229.1875,148.125,66.3125,298.5,5.125,6.4375,37.0,28.0625,24.125,301.5,54.75,79.3125,3.1875,48.25,9.9375,8.75,37.1875,1064.875,56.125,92.875,39.4375,57.375,2.8125,3.4375,4.0625,81.375,161.3125,4.0,52.8125,110.5625,0.0,76.125,17.4375,20.5625,15.8125,431.0,332.0,1088.6875,236.625,331.9375,697.4375,0.0,0.0,48.75,0.0,551.8125,97.0,62.875,0.3125,1284.0,1043.5,295.375,28.375,34.875,0.0,1281.125,0.0,194.0625,191.0625,191.25,80.75,38.0,24.4375,1.8125,3.5327709436035764,0.49671875
DNov_OCS_nonquotes,104.72222222222223,11.444444444444445,33.5,69.55555555555556,40.0,671.7777777777778,114.11111111111111,2.2777777777777777,8.944444444444445,21.0,251.61111111111111,15.722222222222221,3.7777777777777777,16.333333333333332,15.666666666666666,24.61111111111111,32.833333333333336,582.1111111111111,1431.5555555555557,21.0,131.44444444444446,11.333333333333334,11.222222222222221,13.777777777777779,755.3888888888889,81.44444444444444,23.055555555555557,34.27777777777778,32.333333333333336,28.22222222222222,24.5,57.666666666666664,129.72222222222223,99.05555555555556,130.33333333333334,4.555555555555555,15.277777777777779,17.333333333333332,30.11111111111111,26.444444444444443,23.444444444444443,617.1111111111111,43.72222222222222,142.05555555555554,8.944444444444445,33.94444444444444,8.88888888888889,7.722222222222222,34.166666666666664,1474.5555555555557,22.555555555555557,82.44444444444444,31.0,41.388888888888886,4.055555555555555,10.666666666666666,3.611111111111111,96.61111111111111,228.38888888888889,26.0,13.666666666666666,53.166666666666664,0.0,24.0,17.555555555555557,23.333333333333332,5.277777777777778,763.8888888888889,251.61111111111111,520.2777777777778,195.94444444444446,478.55555555555554,1023.7777777777778,0.0,0.0,7.333333333333333,0.0,243.16666666666666,5.111111111111111,45.166666666666664,0.05555555555555555,747.7222222222222,1431.5555555555557,318.3888888888889,3.611111111111111,11.61111111111111,0.05555555555555555,747.2777777777778,0.0,168.61111111111111,216.38888888888889,142.11111111111111,246.05555555555554,38.5,17.833333333333332,0.1111111111111111,4.053906612701419,0.5258333333333334
DNov_OCS_quotes,93.25,20.625,39.25,47.5,137.0,513.375,160.75,5.125,7.0,61.0,155.125,182.625,8.25,19.125,26.0,532.875,10.5,780.875,1029.0,37.0,136.25,40.375,9.875,2.625,217.25,48.125,7.375,23.75,61.875,127.625,5.625,626.625,242.5,154.875,58.5,341.5,4.5,4.75,46.75,24.875,24.625,302.125,64.125,63.75,3.125,53.625,7.375,10.375,39.125,1017.0,58.875,91.25,41.5,53.625,3.0,2.5,3.875,84.0,144.625,4.625,61.25,104.75,0.0,75.5,15.75,21.375,18.125,412.5,328.375,1123.375,263.625,331.25,661.5,0.0,0.0,44.625,0.0,592.125,108.875,50.875,0.125,1343.75,1029.0,259.875,34.25,16.125,0.0,1340.5,0.0,200.25,180.0,204.75,88.75,45.0,17.0,0.75,3.449018408171951,0.483125
DNov_OMF_nonquotes,76.38095238095238,11.333333333333334,23.095238095238095,68.0,40.04761904761905,586.7142857142857,99.71428571428571,2.7142857142857144,8.523809523809524,26.095238095238095,262.6190476190476,24.904761904761905,3.4285714285714284,13.476190476190476,15.142857142857142,26.61904761904762,34.61904761904762,548.1904761904761,1437.6190476190477,18.333333333333332,110.0952380952381,10.714285714285714,10.571428571428571,10.285714285714286,693.8095238095239,61.57142857142857,17.666666666666668,25.904761904761905,32.523809523809526,27.333333333333332,28.476190476190474,120.76190476190476,119.66666666666667,112.0,174.28571428571428,13.714285714285714,13.571428571428571,8.19047619047619,34.095238095238095,38.333333333333336,16.428571428571427,606.0952380952381,46.80952380952381,129.38095238095238,9.238095238095237,27.095238095238095,10.238095238095237,7.095238095238095,29.523809523809526,1357.0,19.714285714285715,76.47619047619048,22.238095238095237,36.61904761904762,3.238095238095238,11.571428571428571,3.0,82.23809523809524,189.8095238095238,28.19047619047619,16.428571428571427,44.95238095238095,0.0,22.428571428571427,14.80952380952381,15.666666666666666,5.333333333333333,722.047619047619,229.66666666666666,908.2380952380952,168.9047619047619,381.3333333333333,916.8571428571429,0.0,0.0,7.0,0.0,213.71428571428572,5.380952380952381,46.142857142857146,0.047619047619047616,761.3809523809524,1437.6190476190477,637.047619047619,7.619047619047619,19.19047619047619,0.0,760.952380952381,0.0,123.47619047619048,230.8095238095238,136.9047619047619,254.85714285714286,32.42857142857143,17.047619047619047,0.09523809523809523,4.082748219141084,0.5014285714285714
DNov_OMF_quotes,87.27777777777777,19.72222222222222,28.38888888888889,63.22222222222222,164.66666666666666,481.05555555555554,170.0,11.166666666666666,6.277777777777778,50.111111111111114,179.44444444444446,160.66666666666666,11.222222222222221,15.38888888888889,21.166666666666668,645.6111111111111,11.444444444444445,752.7777777777778,1195.2777777777778,34.94444444444444,160.16666666666666,41.05555555555556,9.166666666666666,3.388888888888889,225.44444444444446,35.611111111111114,6.5,20.72222222222222,73.38888888888889,104.11111111111111,8.722222222222221,618.4444444444445,246.72222222222223,184.5,81.27777777777777,377.6666666666667,6.333333333333333,5.555555555555555,46.05555555555556,35.388888888888886,25.11111111111111,245.0,49.111111111111114,77.77777777777777,5.944444444444445,49.22222222222222,12.0,7.5,38.611111111111114,972.4444444444445,42.94444444444444,83.61111111111111,36.94444444444444,59.72222222222222,2.888888888888889,4.444444444444445,4.166666666666667,91.05555555555556,148.0,5.444444444444445,60.55555555555556,120.22222222222223,0.0,76.22222222222223,18.72222222222222,17.333333333333332,17.61111111111111,423.8888888888889,345.72222222222223,1397.5,248.16666666666666,326.3333333333333,643.6111111111111,0.0,0.0,51.388888888888886,0.05555555555555555,582.8888888888889,84.72222222222223,40.55555555555556,0.2222222222222222,1467.7222222222222,1195.2777777777778,410.3333333333333,34.44444444444444,26.944444444444443,0.0,1463.4444444444443,0.0,185.33333333333334,182.83333333333334,218.22222222222223,108.83333333333333,43.0,18.333333333333332,0.9444444444444444,3.4912235579725595,0.4705555555555556
DNov_OT_nonquotes,91.92307692307692,7.6923076923076925,29.846153846153847,74.0,31.23076923076923,604.0,91.23076923076923,1.5384615384615385,7.3076923076923075,19.0,222.46153846153845,17.615384615384617,2.923076923076923,19.0,18.384615384615383,14.0,30.23076923076923,519.2307692307693,1320.6153846153845,14.0,108.23076923076923,8.615384615384615,9.153846153846153,16.76923076923077,791.2307692307693,66.38461538461539,23.46153846153846,35.15384615384615,27.46153846153846,20.846153846153847,18.76923076923077,49.61538461538461,105.76923076923077,76.15384615384616,169.69230769230768,5.153846153846154,13.307692307692308,20.46153846153846,36.15384615384615,29.46153846153846,18.76923076923077,529.7692307692307,37.69230769230769,134.23076923076923,9.846153846153847,27.153846153846153,6.153846153846154,7.3076923076923075,30.692307692307693,1422.8461538461538,20.615384615384617,63.07692307692308,32.92307692307692,41.30769230769231,1.1538461538461537,10.538461538461538,3.4615384615384617,90.46153846153847,202.0,36.15384615384615,9.846153846153847,48.23076923076923,0.0,19.23076923076923,12.384615384615385,23.307692307692307,3.8461538461538463,822.0,228.30769230769232,628.8461538461538,158.0,367.2307692307692,1049.923076923077,0.0,0.0,7.461538461538462,0.0,192.07692307692307,3.0,50.0,0.15384615384615385,627.3076923076923,1320.6153846153845,408.38461538461536,2.076923076923077,12.76923076923077,0.0,627.0,0.0,155.07692307692307,222.92307692307693,112.61538461538461,237.53846153846155,36.23076923076923,19.153846153846153,0.23076923076923078,4.023340682138132,0.5234615384615385
DNov_OT_quotes,100.0,22.0,26.285714285714285,51.0,150.71428571428572,468.0,133.57142857142858,5.0,5.142857142857143,55.142857142857146,143.28571428571428,172.71428571428572,8.0,22.0,20.142857142857142,471.42857142857144,6.285714285714286,714.2857142857143,1006.2857142857143,40.857142857142854,125.28571428571429,33.857142857142854,6.714285714285714,2.0,223.57142857142858,34.0,6.857142857142857,25.571428571428573,61.285714285714285,120.42857142857143,4.428571428571429,544.7142857142857,209.85714285714286,153.14285714285714,52.857142857142854,302.85714285714283,3.4285714285714284,6.285714285714286,53.285714285714285,22.0,18.714285714285715,315.7142857142857,51.42857142857143,58.42857142857143,4.428571428571429,36.714285714285715,7.714285714285714,9.857142857142858,28.142857142857142,1037.4285714285713,59.0,86.42857142857143,41.142857142857146,44.57142857142857,2.2857142857142856,3.5714285714285716,4.428571428571429,85.57142857142857,136.57142857142858,4.285714285714286,56.714285714285715,100.71428571428571,0.2857142857142857,70.0,20.428571428571427,25.714285714285715,14.714285714285714,438.7142857142857,288.0,1073.4285714285713,222.57142857142858,284.42857142857144,688.4285714285714,0.0,0.0,74.57142857142857,0.0,565.0,107.14285714285714,51.42857142857143,0.8571428571428571,1271.4285714285713,1006.2857142857143,223.71428571428572,25.0,16.857142857142858,0.0,1267.7142857142858,0.0,196.42857142857142,176.0,210.57142857142858,72.71428571428571,40.714285714285715,16.0,1.0,3.3886055199441225,0.4803571428571428
DNov_PP_nonquotes,81.91666666666667,10.833333333333334,34.291666666666664,75.83333333333333,32.291666666666664,617.25,85.125,1.2916666666666667,3.625,16.625,216.45833333333334,73.95833333333333,3.4583333333333335,15.25,15.875,39.333333333333336,30.916666666666668,497.2916666666667,1250.4583333333333,17.083333333333332,98.45833333333333,10.0,7.708333333333333,13.5,732.5416666666666,60.208333333333336,22.333333333333332,30.5,25.583333333333332,21.5,18.333333333333332,87.91666666666667,94.54166666666667,66.25,224.625,18.125,8.625,15.791666666666666,30.625,25.0,13.333333333333334,412.7916666666667,34.291666666666664,153.25,9.958333333333334,21.0,6.541666666666667,4.958333333333333,24.583333333333332,1412.5,18.25,59.291666666666664,31.416666666666668,40.708333333333336,1.9166666666666667,11.791666666666666,1.9166666666666667,80.625,198.41666666666666,23.041666666666668,12.5,49.208333333333336,0.0,22.416666666666668,11.75,19.625,3.7916666666666665,807.75,220.79166666666666,906.5,124.91666666666667,348.375,1016.2083333333334,0.0,0.0,7.166666666666667,0.0,187.0,7.916666666666667,54.75,0.041666666666666664,538.9166666666666,1250.4583333333333,683.6666666666666,5.541666666666667,85.5,0.0,538.4166666666666,0.0,135.70833333333334,231.625,82.04166666666667,189.66666666666666,29.25,21.916666666666668,1.2916666666666667,4.023953468258086,0.48822916666666666
DNov_PP_quotes,84.71428571428571,15.928571428571429,46.214285714285715,46.214285714285715,118.0,503.2142857142857,122.57142857142857,3.142857142857143,5.142857142857143,36.07142857142857,154.07142857142858,208.92857142857142,9.642857142857142,16.642857142857142,19.071428571428573,436.5,11.357142857142858,651.2142857142857,986.0714285714286,31.214285714285715,117.64285714285714,30.5,5.071428571428571,5.642857142857143,265.7857142857143,36.285714285714285,9.0,25.0,45.857142857142854,88.5,8.214285714285714,486.2857142857143,188.85714285714286,134.21428571428572,69.57142857142857,239.92857142857142,5.357142857142857,6.285714285714286,46.285714285714285,30.285714285714285,21.642857142857142,281.2857142857143,46.42857142857143,86.57142857142857,4.285714285714286,36.142857142857146,5.857142857142857,5.428571428571429,27.285714285714285,1214.857142857143,50.0,87.0,31.5,44.142857142857146,2.642857142857143,4.785714285714286,2.4285714285714284,64.0,127.07142857142857,5.071428571428571,44.0,86.0,0.0,67.92857142857143,16.142857142857142,16.785714285714285,9.571428571428571,505.92857142857144,258.42857142857144,1175.857142857143,170.85714285714286,253.92857142857142,742.5714285714286,0.0,0.0,30.857142857142858,0.14285714285714285,454.07142857142856,102.64285714285714,54.785714285714285,0.35714285714285715,1104.9285714285713,986.0714285714286,425.7142857142857,18.214285714285715,126.42857142857143,0.07142857142857142,1103.2142857142858,0.0,149.57142857142858,194.85714285714286,145.21428571428572,83.07142857142857,30.857142857142858,16.357142857142858,1.8571428571428572,3.537221252369983,0.4769642857142857
DNov_TTC_nonquotes,93.45454545454545,10.0,18.0,76.81818181818181,36.90909090909091,577.0909090909091,111.0,1.6363636363636365,6.909090909090909,17.818181818181817,260.54545454545456,1.8181818181818181,3.5454545454545454,14.636363636363637,17.454545454545453,9.545454545454545,24.0,502.45454545454544,1386.909090909091,18.727272727272727,93.0909090909091,7.545454545454546,10.454545454545455,12.818181818181818,721.2727272727273,78.0,15.272727272727273,32.54545454545455,27.363636363636363,19.181818181818183,20.181818181818183,32.90909090909091,101.54545454545455,114.36363636363636,92.0,2.090909090909091,8.0,10.181818181818182,38.0,27.272727272727273,18.818181818181817,571.8181818181819,39.27272727272727,123.63636363636364,6.909090909090909,30.545454545454547,8.818181818181818,15.181818181818182,25.90909090909091,1402.8181818181818,19.727272727272727,68.0,23.545454545454547,36.54545454545455,2.3636363636363638,13.181818181818182,2.090909090909091,99.9090909090909,192.72727272727272,15.818181818181818,12.454545454545455,41.72727272727273,0.0,15.545454545454545,14.090909090909092,27.272727272727273,5.090909090909091,766.0909090909091,250.1818181818182,647.0,147.0,394.1818181818182,973.1818181818181,0.0,0.0,5.090909090909091,0.0,174.1818181818182,3.727272727272727,66.36363636363636,0.0,700.2727272727273,1386.909090909091,378.6363636363636,6.181818181818182,2.8181818181818183,0.0,699.9090909090909,0.0,133.72727272727272,204.72727272727272,139.36363636363637,181.8181818181818,32.09090909090909,14.727272727272727,0.36363636363636365,3.97195120770257,0.48727272727272725
DNov_TTC_quotes,95.5,12.166666666666666,19.5,76.16666666666667,119.0,490.0,205.83333333333334,4.0,6.833333333333333,45.5,186.16666666666666,73.66666666666667,9.5,12.833333333333334,26.333333333333332,588.8333333333334,12.333333333333334,650.5,1184.8333333333333,29.333333333333332,135.83333333333334,29.333333333333332,10.0,5.166666666666667,248.33333333333334,42.333333333333336,9.0,21.666666666666668,71.0,97.33333333333333,7.5,575.5,244.66666666666666,182.33333333333334,66.33333333333333,301.6666666666667,4.166666666666667,5.666666666666667,43.833333333333336,36.333333333333336,34.666666666666664,284.0,49.833333333333336,101.5,5.5,64.5,12.833333333333334,9.166666666666666,43.666666666666664,1078.6666666666667,40.0,105.33333333333333,36.666666666666664,50.0,1.8333333333333333,3.8333333333333335,5.666666666666667,98.33333333333333,143.83333333333334,7.833333333333333,48.666666666666664,94.16666666666667,0.0,66.83333333333333,19.5,20.333333333333332,13.833333333333334,488.1666666666667,402.6666666666667,1237.3333333333333,228.0,305.8333333333333,749.0,0.0,0.0,66.33333333333333,0.3333333333333333,519.5,66.16666666666667,54.666666666666664,0.16666666666666666,1370.6666666666667,1184.8333333333333,320.1666666666667,32.333333333333336,42.0,0.0,1366.5,0.0,176.33333333333334,174.5,220.33333333333334,93.83333333333333,43.5,15.0,2.3333333333333335,3.521136700058522,0.46166666666666667
