doc_id,corpus,subcorpus,f_01_past_tense,f_02_perfect_aspect,f_03_present_tense,f_04_place_adverbials,f_05_time_adverbials,f_06_first_person_pronouns,f_07_second_person_pronouns,f_08_third_person_pronouns,f_09_pronoun_it,f_10_demonstrative_pronoun,f_11_indefinite_pronouns,f_12_proverb_do,f_13_wh_question,f_14_nominalizations,f_15_gerunds,f_16_other_nouns,f_17_agentless_passives,f_18_by_passives,f_19_be_main_verb,f_20_existential_there,f_21_that_verb_comp,f_22_that_adj_comp,f_23_wh_clause,f_24_infinitives,f_25_present_participle,f_26_past_participle,f_27_past_participle_whiz,f_28_present_participle_whiz,f_29_that_subj,f_30_that_obj,f_31_wh_subj,f_32_wh_obj,f_33_pied_piping,f_34_sentence_relatives,f_35_because,f_36_though,f_37_if,f_38_other_adv_sub,f_39_prepositions,f_40_adj_attr,f_41_adj_pred,f_42_adverbs,f_43_type_token,f_44_mean_word_length,f_45_conjuncts,f_46_downtoners,f_47_hedges,f_48_amplifiers,f_49_emphatics,f_50_discourse_particles,f_51_demonstratives,f_52_modal_possibility,f_53_modal_necessity,f_54_modal_predictive,f_55_verb_public,f_56_verb_private,f_57_verb_suasive,f_58_verb_seem,f_59_contractions,f_60_that_deletion,f_61_stranded_preposition,f_62_split_infinitive,f_63_split_auxiliary,f_64_phrasal_coordination,f_65_clausal_coordination,f_66_neg_synthetic,f_67_neg_analytic
AgnesG,19C,nonquotes,77.46600474854306,9.842434707532917,7.921433196632852,3.0865529894236996,4.295273041225988,60.932441182818906,1.1439671918843082,57.50053960716598,11.159076192531836,3.410317289013598,2.5685301100798617,3.453485862292251,0.9928771854090223,16.943665011871357,3.064968702784373,164.3427584718325,8.849557522123893,0.9712928987696957,21.433196632851285,1.5972372113101663,2.352687243686596,0.25901143967191886,1.2303043384416146,23.48370386358731,2.8059572631124543,0.38851715950787824,0.5827757392618174,0.49643859270451113,1.4029786315562272,0.25901143967191886,1.5109000647528599,0.4316857327865314,1.1223829052449816,1.5756529246708397,0.7554500323764299,1.2303043384416146,3.2376429958989856,11.353334772285775,106.02201597237212,49.21217353766458,4.921217353766458,80.05611914526224,0.7379310419415543,4.359092681658651,2.8491258363911074,3.453485862292251,0.19425857975393912,3.582991582128211,6.7127131448305635,0.5180228793438377,4.057845888193396,7.058061731059788,3.582991582128211,6.453701705158645,9.734513274336283,17.677530757608462,3.367148715734945,1.5324843513921864,0.38851715950787824,0.8202028922944097,1.3382257716382473,0,4.8564644938484784,9.086984675156486,16.231383552773583,2.8922944096697605,8.676883229009281
AgnesG,19C,quotes,31.225434535767317,7.729932745217923,61.09703904271115,1.9215652022010656,5.502663988121233,63.498995545462485,38.955367280985236,48.25748973709494,17.163071010568608,5.0659446239846275,3.974146213643113,7.3368853174949775,1.6158616473054415,8.25399598218185,1.7468774565464233,137.21722421172154,5.677351733775875,0.17468774565464232,35.28692462223775,2.22726875709669,1.6158616473054415,0.30570355489562406,3.362739103851865,22.753078871517165,0.6987509826185693,0.08734387282732116,0.30570355489562406,0.30570355489562406,0.9607826011005328,0.21835968206830292,0.9171106646868722,0.2620316184819635,0.43671936413660584,0.8734387282732117,0.6550790462049088,0.9607826011005328,8.122980172940869,9.78251375665997,72.18971089178095,30.04629225259848,7.729932745217923,100.7074853699013,0.7186082722926445,3.898429459931093,1.7905493929600838,3.886802340815792,0.4803913005502664,4.105162022884095,9.738841820246309,0.9171106646868722,4.803913005502664,12.315486068652284,6.72547820770373,17.730806183946196,7.46790112673596,28.168398986811074,3.1007074853699015,0.829766791859551,20.39479430517949,1.4848458380644598,1.7032055201327627,0,3.1880513581972223,6.157743034326142,24.06323696392698,3.6684426587474888,20.176434623111188
alli,19C,nonquotes,86.68737978990976,21.13922177836958,9.9541352271046,2.6927060216008285,4.840952803669182,6.835330670217488,2.6098535286284954,96.37520343246042,11.362627607634266,3.4857227400503032,2.686787986388519,2.982689747003995,1.1954431128865217,9.019085663559698,2.7459683385116143,193.5315875129457,10.58144695960941,1.09483651427726,27.270306258322236,2.5210830004438525,6.586773191300488,1.201361148098831,1.2723775706465454,15.759727770380234,4.095280366918183,0.23080337328007103,0.7279183311140701,0.38467228880011833,0.7101642254771416,0.46160674656014206,3.722444148542684,1.5150170143512354,2.3317058736499483,0.6509838733540465,0.46752478177245155,1.763574493268235,2.4145583666222814,12.345021452877644,110.96907826601569,32.51368545642847,6.740642106820536,75.70942447107561,0.7053510860039319,4.230636792031312,2.3376239088622577,3.6040834442964935,0.218967302855452,4.811362627607634,5.3203136558662525,0.3905903240124279,7.326527592839177,7.29101938156532,4.178132859890517,8.504216600088771,18.144695960940968,17.499630122799232,4.101198402130493,0.9172954579079745,0.7930167184494747,0.437934605710904,0.2663115845539281,0,4.9297233318538245,3.112886521674804,16.16807220002959,3.172066873797899,10.871430685012577
alli,19C,quotes,22.18764653224775,13.949869985932905,82.30316722792958,2.1846626028389955,5.765377893345837,77.443625047956,40.03793853105418,42.69150432669764,21.750714011679953,6.234281086150305,5.584210750671384,7.896756042457053,1.513278485868963,3.186410332921267,1.7264163007800843,134.3940491922077,5.445671170979155,0.38364806684001873,42.92595592309988,2.930644955027921,5.424357389488043,0.9378063856089347,3.474146383051281,19.896415021953196,0.5328445372778038,0.09591201671000468,0.21313781491112152,0.20248092416556546,1.0550321838100516,0.554158318768916,1.0763459653011638,0.5861289910055842,0.4049618483311309,0.138539579692229,1.1829148727567245,0.8845219318811544,7.662304446054819,8.983758898503773,72.690651775438,17.22153544481862,8.717336629864871,104.24570527302954,0.6938900327512082,3.694477578970621,0.7672961336800375,2.9945862995012575,0.8951788226267104,5.9998294897480715,9.005072679994885,0.7566392429344815,5.552240078434716,10.017477300822712,8.66405217613709,22.76311863250778,8.50419881495375,32.72731147960271,3.2610085681401593,0.6926978984611449,31.789505093993775,1.5772198303422993,0.5861289910055842,0,4.102902937039089,2.046123023146767,19.161089560509826,2.1633488213478835,26.983247367747985
Antoni,19C,nonquotes,75.92136087335977,12.486411171165653,6.193443677175361,3.9503299597311328,7.739890676915068,2.786666870818086,0.2985714504447949,73.37202002725421,11.062455022890477,1.2172528364287791,0.8038462127359863,0.11483517324799804,0.7272894305706542,23.770880862335595,3.2306962073770116,204.84298203977892,8.612637993599852,1.209597158212246,10.725605181363017,0.9186813859839843,0.9569597770666504,0.2143589900629297,0.4669963712085254,12.11893861677206,3.4220881627903417,1.5387913215231737,2.227802361011162,0.9952381681493163,3.016337217314082,1.056483593881582,3.735970969668203,1.3091209750271777,1.737838955153037,1.7225275987199706,0.007655678216533203,0.8421246038186523,1.2631869057279785,10.472967800217422,141.99751956025784,63.09044418245012,2.870879331199951,59.124802866285926,0.7206781233427771,4.7353855625673384,1.515824286873574,2.2967034649599607,0.07655678216533203,1.2708425839445117,4.003919707246865,0.7732234998698535,4.5551285388372555,2.5034067768063575,0.6201099355391895,1.6536264947711719,2.7636998361684864,8.926520800477714,2.8479122965503514,2.1359342224127635,0.015311356433066406,0.32153848509439453,0.4287179801258594,0,4.562784217053789,11.797400131677666,7.755202033348135,2.419194316424492,2.373260247125293
Antoni,19C,quotes,35.99323617038409,16.131196822073704,53.30541911587084,2.6035375902514963,5.985452398207048,78.77714255039321,31.53769761387122,37.89891832407333,10.09206323643879,2.4693346216818317,1.7714791851195748,0.9662613737015863,1.154145529699117,13.259253294682878,2.0398851222589043,182.7844431918834,9.90417908044126,1.0467831548433852,24.424940279678985,1.5835950291220442,3.220871245671954,0.5368118742786591,1.3151890919827147,15.299138416941783,0.9125801862737204,0.7515366239901227,0.9394207799876533,0.18788415599753067,2.657218777679362,2.3351316531121666,3.301393026813753,1.5299138416941782,0.9662613737015863,0.5368118742786591,0.40260890570899427,0.8320584051319215,3.1403494645301553,8.857395925597874,118.36701827844432,27.377405588211612,6.844351397052903,55.21110126956008,0.691194628343829,4.1767191495088145,0.9125801862737204,1.1273049359851839,0,0.7515366239901227,4.777625681080066,0.5636524679925919,5.743887054781652,5.3949593365005235,4.616582118796468,14.681804761521326,3.408755401669485,17.63427007005395,3.301393026813753,0.5368118742786591,0.08052178114179885,0.4562900931368602,0.5636524679925919,0,3.6503207450948816,6.602786053627506,10.81675926671498,3.1135088708162226,6.790670209625037
arma,19C,nonquotes,83.06231025879949,15.69629384712495,15.197330848537678,3.3184045207249993,6.642820643842616,22.54350897231657,3.270311701584057,71.1473143166311,10.261805284198504,1.1241696474195197,2.5008265953289848,1.31052932159067,1.0640536234933422,12.924945144128168,2.723255883855842,211.79476389431602,6.149869247647961,0.6853226727584237,17.469716552947187,1.84556193453365,1.3706453455168475,0.2945685172382699,1.478854188583967,15.32357449878265,3.510775797288767,0.6432414560100995,1.2744597072349635,0.6432414560100995,1.917701163245063,0.6011602392617752,3.1440680513390844,1.4367729718356428,1.430761369443025,1.1482160569899906,0.10820884306711955,0.24647569809732783,2.7112326790706063,8.897171541074274,124.15762421473444,44.00492951396195,3.7271934834230063,62.37037482340918,0.7051055062978959,4.3908118198233375,0.8897171541074274,1.6171210436141754,0.1502900598154438,1.4187381646577895,4.869397938020379,0.36069614355706514,5.157954852866031,4.743154287775407,1.1301812498121375,3.426613363792119,11.590369412967027,15.21536565571553,4.009738795876041,1.0339956115302533,1.502900598154438,0.8596591421443386,0.5470558177282154,0,3.5588686164297094,5.272175298325768,8.34410412095344,1.7133066818960594,3.907541555201539
arma,19C,quotes,39.341829420282544,15.150314460877897,55.450295009689576,2.391775749411061,6.029868380292344,73.55430843821367,31.50372094028485,35.646103638813045,13.961630729995894,2.881657529410917,4.228832424410521,3.638092630881283,1.4696453399995677,9.754410737055954,2.4205923247051704,175.15434878141906,5.9722352297041255,0.5186983552939651,29.277640498814918,2.4782254752933888,2.2548970167640427,0.3818196226469465,2.723166365293317,20.834383937640933,1.0157842791173484,0.1945118832352369,0.7780475329409476,0.3674113349998919,1.4192163332348766,0.46106520470574675,2.435000612352225,1.231908593823167,0.8572931149997478,0.8212723958821114,0.23053260235287337,0.3746154788234192,6.202767832056999,8.666585019703334,102.7310909234992,33.095836725284386,5.489557593527797,69.42633402733252,0.7098048410709429,4.028570583756533,0.7852516767644749,2.8672492417638624,0.3313906158822555,2.2981218797052065,5.734498483527725,0.49708592382338324,6.807915913233292,8.990771491762061,3.0761694126461543,9.898493613526501,9.754410737055954,21.87178064822886,4.697101772939795,0.8572931149997478,12.981867169996182,0.95815112852913,1.0373967105879303,0,3.4868056105872096,3.5804594802930647,11.822000014408287,1.9811395514700056,11.180831214114358
basker,19C,nonquotes,91.00038624951719,15.488605639242952,14.484356894553882,6.0641174198532255,4.36461954422557,48.70606411741986,2.8968713789107765,47.27694090382387,14.638856701429123,1.969872537659328,2.5878717651602936,1.1587485515643106,0.7338740826573967,9.92661259173426,1.7767477790652761,198.33912707609116,6.373117033603708,1.08149864812669,23.483970645036695,3.205870992661259,3.630745461568173,1.2359984550019312,0.8497489378138278,10.274237157203553,2.4719969100038623,0.3862495171881035,1.429123213595983,0.6952491309385863,0.23174971031286212,0.2703746620316725,6.1413673232908454,1.7381228273464657,2.2788721514098107,1.1587485515643106,0.19312475859405176,0.23174971031286212,2.317497103128621,9.965237543453071,118.6558516801854,52.336809578988024,5.407493240633449,60.60254924681344,0.7311895622503974,4.242274029896987,1.5063731170336037,2.008497489378138,0.0772499034376207,2.742371572035535,5.5233680957898805,0.3862495171881035,6.373117033603708,6.1027423715720355,2.5106218617226728,3.1286210892236386,10.621861722672847,14.522981846272693,2.742371572035535,1.6222479721900347,0,0.6952491309385863,0.2703746620316725,0,3.3217458478176902,7.029741212823484,16.49285438393202,1.969872537659328,3.978370027037466
basker,19C,quotes,41.66051987135987,15.873484200277343,59.30428111999528,2.50789248517393,4.396188003422536,57.12093942702033,28.26542353878382,38.88708582893223,20.505709143480956,5.428849614964742,4.278169533531997,4.307674151004632,2.2423509279202194,8.143274422447114,1.1506800814327443,180.06668043548817,5.428849614964742,0.5310831145074204,39.9787566754197,4.543711090785708,7.376154368158617,1.2982031687959166,1.6817631959401647,15.78497034785944,0.6195969669253238,0.05900923494526893,0.6195969669253238,0.2655415572537102,0.5900923494526893,0.6491015843979583,4.455197238367805,1.770277048358068,1.2391939338506477,0.5605877319800548,0.7081108193432272,0.6786062018705927,4.661729560676246,8.644852919481899,90.9922402856047,31.392912990883072,6.9335851060691,74.58767297081994,0.7256909510564006,4.019652215340638,1.5342401085769923,2.5669017201191986,0.11801846989053787,4.69123417814888,6.2254742867258726,1.0326616115422063,8.821880624317705,11.064231552237926,4.8682618829846875,10.50364382025787,7.1106128109049065,25.344466408993007,3.2455079219897915,1.4162216386864543,5.782905024636356,0.501578497034786,0.32455079219897914,0,3.216003304517157,3.1274894520992533,15.696456495441536,2.891452512318178,11.064231552237926
cran,19C,nonquotes,91.16571025312459,15.135476442513045,7.372741285494085,2.3213920924099765,3.93708098872732,36.046576410942116,0.6128475123962338,60.78333054766282,10.641261351607332,2.0056827678422198,2.284249818931417,2.284249818931417,1.2999795717495868,10.399836573996694,2.4513900495849352,204.61678459338495,8.449867216372315,0.8728434267461511,24.291046854977992,1.374264118706706,2.8785261945883707,0.6314186491355136,2.0428250413207794,18.441138782104854,2.2099652719742977,0.4642784184819953,1.2999795717495868,0.35285159804631644,1.0399836573996695,0.4642784184819953,3.324233476331086,0.9656991104425502,2.135680725017178,2.0985384515386185,0.5385629654391145,1.2628372982710272,4.531357364384274,13.334076178802905,107.41545489999443,39.50080784444816,5.627054432001783,74.09883558972645,0.7413321425913523,4.265861875350926,1.7271157167530224,3.472802570245325,0.44570728174271546,4.252790313295077,6.165617397440897,0.389993871524876,4.605641911341393,6.425613311790815,2.562816870020614,4.289932586773636,9.91698701877542,18.961130610804688,4.401359407209315,1.2999795717495868,0.9099857002247107,0.9656991104425502,1.2071238880531878,0.018571136739279813,4.327074860252196,6.90846286701209,15.321187809905844,1.4671198024031051,7.7627351570189616
cran,19C,quotes,56.14682884448306,13.846655082536925,50.6624674196351,2.0634231103388356,4.615551694178975,72.11120764552562,17.321894005212858,46.20981754995656,17.10469157254561,2.1177237185056472,2.8779322328410077,3.69244135534318,1.0317115551694178,4.5069504778453515,2.0634231103388356,177.0199826238054,5.91876629018245,0.38010425716768026,34.589487402258904,1.9005212858384013,2.0091225021720245,0.10860121633362294,3.1494352736750653,18.84231103388358,1.1946133796698524,0.05430060816681147,0.4887054735013032,0.6516072980017377,1.0317115551694178,0.21720243266724587,1.4661164205039097,0.38010425716768026,0.38010425716768026,0.8688097306689835,0.43440486533449174,0.8688097306689835,5.7558644656820155,10.099913119026933,78.89878366637706,28.50781928757602,6.516072980017376,89.0529973935708,0.7305825189714473,3.885508451094486,0.43440486533449174,3.4209383145091223,0.5973066898349262,5.973066898349262,8.579496090356212,1.1946133796698524,5.212858384013901,8.742397914856646,4.887054735013032,12.054735013032145,6.461772371850564,29.15942658557776,3.366637706342311,1.0860121633362294,12.652041702867072,1.5747176368375326,1.520417028670721,0,3.366637706342311,4.561251086012163,23.512163336229367,2.823631624674196,16.181581233709817
Deronda,19C,nonquotes,79.63721669450352,15.303136286419894,8.941104814111624,2.9121639948037856,4.45389787440579,3.326148092104324,0.9659628937012558,79.70383482510361,9.902309269912873,1.793931088302332,2.740860230403563,1.3085704225017012,1.2942951088016825,21.213116158227578,4.6156847630060005,195.04361108335357,7.827630345510176,1.151541971801497,22.954704429629842,2.150813930802796,3.121535262404058,0.7899006914010269,1.1848510371015404,17.772765556523105,3.9019190780050725,0.3568828425004639,1.0849238412014104,0.894586325201163,1.7701388988023012,0.49963597950064953,6.043216133007856,1.0849238412014104,1.865307656802425,1.6178688860021033,0.39970878360051965,0.5329450448006928,2.812236798903656,9.188543584911946,125.0802986395626,50.981903660666276,6.095558949907924,64.97171108668446,0.7424281375265408,4.571608884281655,1.636902637602128,2.764652419903594,1.0040303969013051,1.9319257874025115,5.719642355807435,0.22364658130029075,7.156690601609304,6.385823661808302,2.3078423815030003,5.010635108706514,13.418794878017444,17.044724557822157,3.226220896204194,2.4696292701032103,0.06185969270008042,0.4472931626005815,0.6804566197008846,0.004758437900006186,3.7924750063049304,6.447683354508382,11.677206606615181,1.9557179769025423,7.989417234110387
Deronda,19C,quotes,34.55311431432188,13.517087639090926,67.16037254642661,2.465380764362496,4.996882851907128,76.44569550186084,34.91205864016776,33.28736327054956,18.22114748833431,4.921315625413258,6.725483157954395,4.628492622749514,1.577465853059528,8.03846371828538,3.0510267696899853,149.88759375059036,7.764532522245102,0.39672793909281545,40.67405966032532,3.315512062418529,3.192715319365991,0.7745640715621634,3.0888103829369205,21.073810288477887,0.5762001020157558,0.028337709935201103,0.5289705854570873,0.39672793909281545,1.6813707894885987,0.43451155233975025,2.6637447339089038,0.5289705854570873,0.32116071259894585,0.5950919086392231,1.2185215272136474,0.5950919086392231,5.4880698241172805,7.490601326204825,87.10067443749645,26.56188011259517,9.67260499121531,76.35123646874351,0.7121450925146785,3.92599560388931,1.0862788808493755,2.5503938941680993,0.8595772013677668,2.7582037670262407,6.158728959250373,0.47229516558668505,4.996882851907128,11.013923261481496,7.112765193735477,16.549222602157446,6.819942191071732,26.94916214837625,3.2777284491715943,1.1807379139667127,8.633555626924602,1.1901838172784462,1.2751969470840496,0,3.551659645211872,5.063004175089263,17.569380159824686,2.6165152173502353,17.493812933330815
dorian,19C,nonquotes,109.63225870058169,15.552597850734497,6.013999802819678,4.337967070886325,2.9823523612343488,2.587991718426501,0.29577048210588586,87.0551118998324,15.527950310559007,2.883762200532387,2.7605244996549345,1.3556147096519768,1.4049097900029577,8.478753820368727,2.02109829439022,217.53918958887903,6.506950606329489,0.8873114463176575,22.72503204180223,3.4753031647441586,1.577442571231391,0.5422458838607906,1.109139307897072,12.126589766341318,4.855565414571625,0.49295080350980974,1.2570245489500147,0.714778665089224,5.05274573597555,1.774622892635315,2.5633441782510107,0.19718032140392389,1.6020901114068815,0.29577048210588586,0.14788524105294293,0.5668934240362812,1.6513851917578626,8.404811199842255,116.18850438726216,51.414768806073155,5.471753918958888,52.79503105590062,0.7180510463765968,4.336293474496611,0.29577048210588586,2.3168687764961056,0.1725327812284334,1.774622892635315,4.04219658878044,0.12323770087745244,2.933057280883368,3.499950704919649,0.7394262052647146,4.06684412895593,8.355516119491275,12.003352065463867,2.440106477373558,2.9823523612343488,0.024647540175490486,0.5422458838607906,0.6654835847382431,0,2.883762200532387,6.901311249137336,11.239278320023661,1.4788524105294292,3.647835945972592
dorian,19C,quotes,32.384142936906755,13.47647327546825,86.87376275315974,2.6394599258920866,5.075884472869397,71.92528298055936,42.53591188264555,34.05918481295366,21.750164966245368,5.30429927414852,7.0554794172884625,4.6444342926754985,1.7004212984112481,6.700167504187605,1.3958682300390843,156.18496523019135,4.847469671590274,0.2284148012791229,47.383381554235825,3.0709101060859854,2.9440129942642503,0.48220902492259277,2.8678747271712095,16.978833561748136,0.30455306837216384,0.10151768945738796,0.27917364600781686,0.1776559565504289,2.081112633876453,1.4720064971321252,2.182630323333841,0.38069133546520484,0.5837267143799807,0.27917364600781686,0.8375209380234506,0.38069133546520484,4.060707578295518,6.014923100350236,82.00091365920511,31.394345464697224,10.989289883762245,89.38632556723009,0.7085494745948147,3.934909109634894,0.7867620932947567,3.375463174458149,0.5837267143799807,4.4160194913963755,8.324450535505813,0.7867620932947567,4.263742957210294,6.674788081823258,6.3194761687223995,11.776051977057001,6.649408659458911,24.643419115780926,3.1724277955433733,1.3451093853103904,10.963910461397898,1.3197299629460433,1.0151768945738795,0.02537942236434699,3.629257398101619,2.588701081163393,13.628749809654332,2.1064920562408,19.592914065275874
dracula,19C,nonquotes,85.81869186475713,11.184113391407058,26.43769378414292,4.3278458585560315,6.293370736748856,59.66706038683006,1.7994241842610366,54.33338254835376,13.611029086077071,2.316181898715488,2.768344898863133,2.242359368079138,0.7105418573748709,7.345341798316846,5.186032777203603,180.34844234460357,6.219548206112505,0.6920862247157833,25.791746641074855,3.6911265318175106,3.4881145725675475,0.9873763472611841,1.605640041340617,15.696515576553963,2.177764653772331,0.2399232245681382,0.6551749593976082,0.5813524287612579,0.9966041635907279,0.4706186328067326,2.5468773069540824,0.8858703676362025,0.8766425513066588,1.4118558984201979,0.12918942861361288,1.4764506127270043,3.2389635316698655,14.570721984349623,102.65022884984498,35.82238299128894,7.022368226782814,76.02797873911118,0.7224951740572093,4.049095295536791,1.2088439391702348,2.9990403071017275,0.7474531226930459,2.2515871844086814,6.18263694079433,0.38756828584083863,3.3773807766130224,8.351173778237118,3.1651410010335153,5.324450022146759,8.738742064077957,20.845637088439393,3.525025837885723,3.2851026133175845,0.6274915104089768,1.0981101432157094,0.6644027757271519,0.05536689797726266,2.8790786948176583,6.560977410305625,16.047172597076628,1.864018898567843,7.889782961759929
dracula,19C,quotes,28.768202972526648,10.264975228944603,68.21423209728269,2.60846719711755,6.1927638492718815,68.49572136315868,28.768202972526648,42.99279387479358,15.744632937997297,4.841615373067107,3.11514787569434,5.123104638943102,1.4449782314967723,4.428764449782315,1.820297252664765,161.5560726617625,5.404593904819096,0.469148776459991,38.470199669719264,4.503828254015914,3.2652754841615375,0.7881699444527849,2.7398288545263476,17.24590902266927,0.5629785317519892,0.11259570635039784,0.39408497222639244,0.3190211679927939,2.10178651854076,0.7881699444527849,2.2706800780663565,0.8632337486863835,0.5066806785767902,0.6943401891607867,0.7694039933943853,1.0696592103287794,5.72361507281189,10.715358054346193,85.85422609217835,28.74943702146825,8.538507731571835,85.66656658159435,0.7088236289458346,3.7749824767461684,1.0696592103287794,2.4395736375919532,0.39408497222639244,1.9704248611319621,8.594805584747036,1.0884251613871792,7.1122954511334635,12.160336285842966,5.70484912175349,14.59990992343492,5.029274883651103,22.93199219336436,2.6647650502927487,0.938297552919982,5.817444828103889,0.938297552919982,1.2010208677375769,0.05629785317519892,2.758594805584747,5.4984236601110945,18.897312715808436,2.702296952409548,16.420207176099684
emma,19C,nonquotes,83.80803455080233,15.165617980316965,2.891644017523611,2.1470146567879174,5.584720205517703,1.439616764089008,0.6825769140077194,83.21233106221378,14.619556449110789,1.675416061655311,2.631023741266118,2.134604167442322,1.439616764089008,19.608573166039935,3.6983258249872795,184.73013390918004,11.988532707844671,1.2286384452138948,29.648659046626207,2.4324559117365996,2.5689712945381435,0.5336510418605805,1.5016692108169825,21.929334673666183,1.9112153592216141,0.23579929756630305,0.6701664246621244,0.3474937016766571,0.7446293607356939,0.27303076560308776,2.643434230611713,1.0052496369931867,0.6081139779341499,1.9112153592216141,0.16133636149273367,1.427206274743413,1.7002370403465008,8.736984499298808,105.5263909055934,39.30401975749904,6.726485225312434,86.63762612159798,0.728964437486021,4.469773331327416,2.308351018280651,4.045819526663936,0.4715985951326061,7.942713181180734,9.593308264144856,0.27303076560308776,3.5618104421857355,9.915980987130322,4.76562790870844,4.864911823473199,10.946051602814698,18.814301847921865,4.306439802921429,2.4820978691189794,0.024820978691189793,0.7942713181180734,1.3899748067066284,0,6.503096417091726,7.111210395025876,14.756071831912333,2.9785174429427754,9.915980987130322
emma,19C,quotes,28.632296548785686,12.53880333556516,62.98618296913993,1.838212916184795,4.272932010469292,62.2070728589689,28.839247671799868,44.177977965792195,18.114310061476658,3.2990443727554934,3.384259541055451,5.064215716111754,2.00864325278471,10.91971513786597,2.2521151622131597,151.8047355286384,7.048511777953618,0.48694381885689936,42.13281392659322,2.9581836995556636,2.3129831395702722,0.779110110171039,2.6051494308844116,19.307322417676062,0.803457301113884,0.13390955018564732,0.2921662913141396,0.12173595471422484,0.8399780875281514,0.5112910097997444,1.5216994339278105,0.5478117962140118,0.24347190942844968,0.9495404467709538,0.4625966279140544,0.6573741554568142,4.35814717876925,9.069328626209751,81.52656887211639,30.653113397041817,8.570211211881428,103.91381094406233,0.7227662530775418,4.015082120607717,1.4486578610992757,3.092093249741311,0.6817213463996591,11.126666260880151,11.236228620122953,0.9738876377137987,4.005112910097997,12.258810639722443,7.93718424736746,14.620488161178404,7.693712337939011,29.314017895185344,3.67642583236959,1.3877898837421632,0.5112910097997444,1.3025747154422058,1.3756162882707408,0,5.112910097997443,4.01728650556942,16.434353886420354,2.8729685312557063,18.406476352790797
frank,19C,nonquotes,85.9203580195955,13.425734830874845,15.098520562229801,3.4324694227803003,4.040755143273012,81.40166409593535,2.9979796224283635,35.06332688840129,9.298081727531446,2.8241837022875886,1.1513979709326323,0.651734700527905,1.5424387912493753,20.46446959657622,3.866959223132237,182.52916512784861,9.493602137689818,2.107275531706893,19.465143055766767,0.803806130651083,3.0197041124459605,0.4779387803871304,0.9124285807390672,16.032673632986466,1.868306141513328,0.8907040907214703,1.1513979709326323,0.4779387803871304,2.7155612521996044,0.651734700527905,3.3890204427451067,2.085551041689296,2.1941734917772804,1.8248571614781344,0.10862245008798418,0.6951836805630988,2.259346961830071,8.820142947144316,115.16152158328083,43.318633095088096,5.930785774803937,61.15443939953509,0.7240289993904032,4.454183440322054,2.085551041689296,3.584540852903478,0.2824183702287589,1.607612261302166,5.452846994416806,0.30414286024635573,7.516673546088506,6.647693945384632,2.9762551324107664,4.496969433642545,5.648367404575177,16.68440833351437,3.975581673220221,1.8248571614781344,0,0.6082857204927115,0.3475918402815494,0,4.822836783906498,11.166387869044774,18.68306141513328,2.172449001759684,6.234928635050292
frank,19C,quotes,65.13987931980252,11.828030718595722,35.31267142073505,2.3998902907295667,4.7312122874382885,76.83077345035656,25.507405375754253,33.049917718047176,9.051014810751509,3.9083927591881515,1.6456390565002743,0.994240263302249,1.7484914975315413,17.347778387273724,3.0170049369171696,173.03208996160174,8.982446516730663,1.6799232035106966,25.19884805266045,0.5828304991771804,3.9083927591881515,0.5142622051563357,1.43993417443774,15.325013713658803,1.268513439385628,0.8228195282501372,0.6513987931980252,0.3771256171146462,2.1256171146461877,1.0628085573230939,3.256993965990126,2.2970378496982997,2.1941854086670323,1.3370817334064728,0.4114097641250686,0.71996708721887,3.256993965990126,7.679648930334613,102.06390565002742,41.17526055951728,9.051014810751509,65.03702687877126,0.7207822766521036,4.356552173763854,2.3998902907295667,3.0170049369171696,0.17142073505211192,2.708447613823368,5.62260010970927,0.27427317608337903,8.159626988480527,7.988206253428415,3.1884256719692816,9.35957213384531,4.3540866703236425,20.26193088315963,4.2512342292923755,1.6456390565002743,0.06856829402084476,0.4114097641250686,0.17142073505211192,0,5.176906198573779,11.828030718595722,20.02194185408667,2.3313219967087218,9.22243554580362
jane,19C,nonquotes,103.6767691682971,10.834656133485916,9.062719184909003,3.820739045368969,7.096976632581491,63.4574919709107,1.5781313448263132,52.93661633873528,13.547934585994316,1.7165639189338846,1.956513714053675,1.4950718003617705,0.6921628705378567,13.095721510576249,2.9809147624497028,192.34744730333347,7.549189707999557,0.6829340322640186,20.469563291372882,1.5873601831001514,1.2274354904204658,0.22149211857211415,1.3197238731588468,15.227583151832848,3.3592971316770646,0.8767396360146185,1.3750969028018754,0.82136660637159,0.8121377680977518,0.07383070619070471,1.8273099782199416,0.23072095684595223,1.2089778138727898,1.3012661966111705,0.5906456495256377,0.6737051939901805,1.864225331315294,9.41341503931485,101.26804237882536,41.529772232271405,5.7034220532319395,72.34486322861679,0.7387828038833516,4.297672307592556,1.6058178596478276,3.230093395843331,0.35992469267968547,2.27029421536417,4.826682417217321,0.62756100262099,5.758795082874967,4.725165196205102,1.9103695226844846,3.848425560190483,8.878142419432242,17.42404666100631,4.014544649119569,2.6486765845915317,0.1753479272029237,1.328952711432685,0.6644763557163424,0,3.7376795009044264,10.234781645686441,14.424674222008933,3.0732031451880837,6.847797999187862
jane,19C,quotes,34.266342360962334,9.754376236625541,65.5206744886514,2.545715762013384,6.124840892764874,66.80613492293539,45.10453817943515,33.270740652056105,15.816204363003944,3.125433212768907,3.175843425878083,4.058022155288661,1.865177885039509,10.031632408726008,1.8021651186530392,174.10427352581632,6.931404302511689,0.49149957781446524,35.45098236902796,2.0038059710897427,1.5375114998298656,0.28985872537776153,2.0920238440308006,17.567959268547806,0.7813583031922268,0.2520510655458796,0.8191659630241087,0.40328170487340737,0.7939608564695207,0.21424340571399766,1.6005242662163355,0.5293072376463471,0.8317685163014027,0.642730217141993,1.0838195818472822,0.604922557310111,4.310073220834541,8.166454523686498,83.64314610140015,31.46857553340307,8.809184740828492,80.5807256550177,0.7241068769716088,4.003049632773386,1.0460119220154003,2.6717412947863237,0.4410893647052893,2.9616000201640853,5.9988153599919345,0.8191659630241087,5.935802593605464,8.29248005645944,5.330880036295353,14.871012867206897,6.17525110587405,21.68899419022294,3.163240872600789,0.8443710695786967,4.625137052766891,1.1090246884018702,0.8947812826878726,0,3.3774842783147867,7.397698773771566,17.202485223506283,3.6043302373060784,14.27869286317408
Jekyll,19C,nonquotes,94.66493168510084,11.927998265018434,6.4519626978963345,3.0362177401865105,6.831489915419649,36.05508566471481,0.9759271307742355,41.2058121882455,11.711125569290827,3.1988722619822165,1.5181088700932552,0.9759271307742355,0.8674907829104316,14.476252439817827,2.494036000867491,204.29407937540662,10.084580351333766,0.7048362611147256,20.765560615918456,1.7349815658208632,1.2470180004337454,0.32530904359141183,0.48796356538711777,13.7714161787031,2.5482541747993928,0.48796356538711777,1.4096725222294513,0.5963999132509217,2.331381479071785,0.48796356538711777,1.3012361743656473,0.8674907829104316,2.114508783344177,1.4096725222294513,0.32530904359141183,1.0301453047061375,1.4096725222294513,8.2411624376491,123.72587291260031,41.58533940576881,5.313381045326393,72.43548037302104,0.712631234668847,4.2955399444535205,2.331381479071785,2.5482541747993928,0.2168726957276079,2.331381479071785,5.530253741054001,0.7048362611147256,8.2411624376491,3.8494903491650403,1.4638906961613534,3.1988722619822165,11.54847104749512,11.440034699631317,2.3855996530036867,2.114508783344177,0.054218173931901974,0.8132726089785296,0.32530904359141183,0,5.638690088917805,9.759271307742356,13.934070700498808,1.789199739752765,3.8494903491650403
Jekyll,19C,quotes,32.417950435365036,11.922304085733423,73.81111855324849,1.8754186202277294,5.492297387809779,69.25653047555258,37.508372404554585,25.184192900200937,23.710649698593436,7.9035498995311455,4.822505023442733,4.018754186202277,1.3395847287340925,4.956463496316142,1.607501674480911,171.86872069658406,8.037508372404554,0.40187541862022774,40.72337575351641,4.286671131949096,2.2772940388479572,0.40187541862022774,2.4112525117213663,17.81647689216343,0.8037508372404555,0.2679169457468185,0.535833891493637,0.9377093101138647,1.3395847287340925,1.2056262558606832,1.4735432016075016,0.535833891493637,0.535833891493637,0.40187541862022774,0.535833891493637,0.6697923643670463,7.367716008037508,6.697923643670462,84.25987943737441,23.844608171466845,7.635632953784327,76.08841259209645,0.7153353244637524,3.791717583163612,1.071667782987274,2.4112525117213663,0.9377093101138647,4.822505023442733,6.5639651707970526,1.607501674480911,9.778968519758875,10.984594775619557,5.760214333556598,11.386470194239786,5.492297387809779,29.73878097789685,4.152712659075687,1.4735432016075016,8.573342263898192,2.5452109845947755,0.6697923643670463,0,4.018754186202277,3.348961821835231,17.54855994641661,2.5452109845947755,11.520428667113196
Jude,19C,nonquotes,98.68553868239833,15.275565824005742,3.9254390884008883,4.867544469617101,5.731141069065297,2.310401292030237,1.323433749803728,93.60489894798232,9.959399744285681,2.243108050514793,2.06365940647361,2.018797245463314,0.8748121397007694,12.348309818083937,4.587155963302752,194.9821672909984,7.290101164173079,1.0766918642471008,19.40288463695296,1.704762118391243,2.949687086426953,0.661716874901864,1.30100266929858,15.073686099459412,3.8917924676431666,0.42619052959781073,1.0879074044996748,1.4468046925820417,1.0991229447522488,0.49348377111325453,3.5553262600659474,0.7065790359121599,1.8842107624324265,2.030012785715888,0.21309526479890536,1.659899957380947,1.9627195442004441,10.48653013615666,117.28090442116597,43.79668468630134,5.181579596689173,71.11774074157152,0.7365142651830726,4.429008512656084,2.018797245463314,3.375877616024764,0.31403512707207104,1.4580202328346157,5.069424194163433,0.24674188555662727,4.789035687849084,4.564724882797605,1.3795114510665978,3.387093156277338,12.348309818083937,15.309212444763464,3.9478701689060363,2.422556694555977,0.4710526906081066,0.7626567371750297,0.5495614723761244,0.011215540252573966,3.8917924676431666,6.919988335838137,13.380139521320743,1.2449249680357102,7.065790359121599
Jude,19C,quotes,32.183062074502786,13.63263804091464,74.80387401100647,2.5425288125386816,7.293043172808323,80.7754712878243,37.85357041299366,32.19978923774317,21.51113192713648,6.858136928558285,4.767241523510028,8.179582824548785,1.8901694461636251,6.038505929779369,2.4756201595771374,128.86606560393423,6.205777562183229,0.43490624425003765,40.79755114330161,2.2748942006925046,1.856715119682853,0.43490624425003765,2.9941622200291054,20.13950454142482,0.7359951825769868,0.1839987956442467,0.4683605707308098,0.3178161015673352,1.070538447384708,0.267634611846177,1.4050817121924293,0.4516334074904237,0.3512704280481073,0.535269223692354,0.9032668149808474,1.3047187327501129,5.436328053125471,9.584664536741213,77.37985715002593,26.612916715454226,8.11267417158724,105.6153086997976,0.7238826151062261,3.7936849410131854,1.2378100797885687,3.7636117290868643,0.41817908100965157,2.8770720773464027,9.634846026462371,1.856715119682853,5.2690564207216095,9.467574394058511,7.761403743539133,13.950454142481977,7.259588846327551,26.027466002040715,2.8101634243848586,1.1039927738654802,30.192529648896844,1.3883545489520432,1.2879915695097268,0.03345432648077212,3.0610708729906495,4.014519177692655,17.964973320174632,2.12434973152903,25.375106635665656
LadyAud,19C,nonquotes,88.47884788478848,14.356435643564357,5.828082808280828,4.162916291629163,2.812781278127813,5.198019801980198,0.6413141314131413,76.01260126012602,7.718271827182718,1.7776777677767777,1.428892889288929,1.0463546354635465,1.1026102610261026,11.172367236723673,2.689018901890189,235.44104410441045,5.378037803780378,1.0576057605760576,16.2016201620162,1.9014401440144015,1.9576957695769577,0.38253825382538253,0.8550855085508551,11.903690369036903,4.174167416741674,0.5963096309630963,1.3051305130513051,1.248874887488749,1.968946894689469,0.2925292529252925,4.804230423042304,0.9900990099009901,3.0603060306030603,1.5751575157515751,0.22502250225022502,0.3712871287128713,1.9801980198019802,9.810981098109812,120.29702970297029,61.47614761476147,3.814131413141314,54.984248424842484,0.7311964271634697,4.495493345154068,1.1026102610261026,2.7115211521152114,0.14626462646264626,3.217821782178218,3.4653465346534653,0.23627362736273627,8.35958595859586,3.712871287128713,1.2376237623762376,2.238973897389739,10.756075607560756,11.003600360036003,2.677767776777678,1.3613861386138615,0.27002700270027,0.9675967596759676,0.2925292529252925,0.011251125112511251,2.992799279927993,7.290729072907291,9.25967596759676,1.7326732673267327,3.499099909990999
LadyAud,19C,quotes,35.06853534575697,13.583859541044202,58.78638533805637,2.6490066225165565,3.034036654859079,74.18758663175727,32.66594794393963,40.428153395964884,11.8897273987371,3.89650392730633,3.2650546742645927,4.1737255505929465,1.8173417526567073,7.46958262744494,1.9867549668874172,176.4361620206376,5.914061296781149,0.5544432465732327,31.618666255967966,2.2793777914677347,3.650084706607115,0.24641922069921454,2.587401817341753,19.32850762359464,0.8470660711535499,0.12320961034960727,0.6006468504543354,0.23101801940551364,1.2937009086708764,0.30802402587401817,3.2958570768519944,1.001078084090559,1.170491298321269,0.47743724010472816,0.8008624672724473,0.50823964269213,6.129678114892962,9.179115971045741,89.68119513322038,35.13014015093177,7.700600646850455,70.99953796396119,0.7011449769400441,3.9365124420474973,0.6006468504543354,2.695210226397659,0.3696288310488218,4.3123363622362545,5.529031264438626,0.2156168181118127,8.362852302479594,10.133990451255197,4.497150777760665,13.799476359156014,5.6984444786693365,24.05667642076082,3.1264438626212843,0.7546588633913445,13.891883566918219,1.0780840905590636,0.6468504543354382,0.015401201293700909,3.72709071307562,4.712767595872478,16.43308178037887,2.1561681811181272,12.166949022023719
mary,19C,nonquotes,88.80530285358837,12.975274084441335,7.095093694113988,4.208459684316927,5.569162584557966,2.9157919290879404,1.4967731902651427,88.29017961278284,9.92341186532929,2.10908949537361,1.6036855609983671,1.7883523831739367,1.584246948137781,11.84783453852733,4.208459684316927,197.80732446932586,7.328357048441023,1.1080009330534173,20.284192520021772,1.9438612860586268,1.4384573516833838,0.3693336443511391,1.380141513101625,18.068190653914936,3.547546847056994,0.49568462794494983,1.0496850944716585,0.8261410465749164,1.0302464816110721,0.32073711219967344,3.683617137081098,0.6706321436902263,1.8758261410465749,1.7591944638830572,0.21382474146644895,1.4190187388227975,3.382318637742011,10.924500427649482,110.38216312883912,44.942072933675455,5.384495762382397,73.0503071300832,0.7387777875064452,4.348724227435232,1.3412642873804526,3.2365290412876138,0.5151232408055361,1.9438612860586268,6.550812534017573,0.5345618536661224,5.122074488764482,6.375865018272296,2.0702122696524374,4.694425005831584,8.203094627167406,17.58222533240028,3.771090894953736,1.730036544592178,0.4762460150843636,0.7678252079931576,0.7581059015628645,0.009719306430293135,3.6155819920690457,8.543270352227665,14.199906694658269,2.0604929632221443,6.813233807635487
mary,19C,quotes,42.28504695635249,8.4667412777967,61.82991906314373,3.130423499261999,5.7418130504598315,66.53366421747522,26.0165766467163,51.076184451689294,17.030801420855433,4.217150828021345,2.1734546575186933,5.660713996074806,1.6868603312085382,2.0112565487486416,2.5302904968128073,165.44207094545277,6.877199811850194,0.35683583929411383,37.45154331500495,2.4654112533047865,0.6650122459572121,0.08109905438502588,3.7954357452192107,18.977178726096053,1.297584870160414,0.40549527192512935,0.34061602841710864,0.5352537589411708,0.7785509220962483,0.11353867613903622,0.9731886526203104,0.275736784909088,0.19463773052406208,0.373055650171119,0.2919565957860931,1.1678263831443725,6.179747944138971,12.229737401261902,73.11890743353932,23.8269021783206,6.893419622727199,89.69555414983861,0.7293772947330799,3.6899277287883145,0.551473569818176,2.31943295541174,1.0056282743743208,2.335652766288745,8.288323358149643,1.7030801420855433,4.5902064781924645,11.013251585486513,4.249590449775356,18.393265534523866,7.590871490438421,28.627966197914134,2.4491914424277814,0.7947707329732535,33.20195286522959,1.5408820333154916,1.4435631680534604,0,3.4872593385561124,5.07680080450262,22.058942792727038,3.3250612297860607,16.690185392438323
mill,19C,nonquotes,82.7599525083325,13.897034631725006,9.362438668516743,3.325847196990287,4.827842705308481,3.147038207904788,1.6593474187134336,71.62372866808761,10.914500693778878,2.0241177564478523,2.9324674210021886,1.3947101148668946,1.4519289913742544,16.407512838485417,4.169825625473844,209.44254509562705,7.431301586393351,1.0227874175690561,24.167822964796088,2.57484944283119,2.3888880941822705,0.6508647202712174,1.2087487662179752,16.493341153246455,4.641881356659562,0.32185618035389874,1.037092136695896,0.6007982033272776,2.4604116898164703,0.24318022515627905,4.298568097615403,0.6508647202712174,1.7308710143476334,1.7523280930378933,0.6007982033272776,0.6437123607077975,2.9896862975095484,10.056217546168481,118.7506258314618,53.82150571473529,6.000829673709357,69.74265810290815,0.7340284865619296,4.4263445952296605,1.1801393279642953,2.882400904058249,0.4219892142417784,3.154190567468208,5.528773942523639,0.27894202297337894,8.003490351466949,4.885061581815841,2.6249159597751297,4.9494328178866205,14.347633284220464,15.69942924170684,2.6249159597751297,1.7737851717281532,0.7223883159054172,0.40768449511493843,0.6007982033272776,0,3.9194930407541446,6.780436866122134,12.116097100433432,2.0098130373210124,7.560044058534911
mill,19C,quotes,24.157122116470397,10.364574931440554,73.26450502769264,2.9305802011077056,5.5922998333064475,72.33693606495672,41.91536269290746,31.510458676130558,18.618594396945745,4.987363553261279,6.022476743560789,6.103134914233478,1.4652901005538528,4.61095875678873,2.769263859762327,161.22224014626016,7.380222616551056,0.2957466257998602,39.051997634026996,4.140452761198043,1.0216701618540625,0.24197451201806744,3.1859977415712213,20.0569984406087,0.6990374791633059,0.22853148357261924,0.2957466257998602,0.282303597354412,1.0754422756358553,0.33607571113620477,1.0082271334086144,0.24197451201806744,0.12098725600903372,0.18820239823627466,1.3980749583266119,0.6318223369360649,7.339893531214712,12.448244340485024,70.34736785503038,25.891272785933214,8.012044953487122,81.97558746034306,0.7158835089986404,3.730065387532014,0.6721514222724095,2.3659730063988818,0.3629617680271012,3.199440770016669,6.331666397806098,1.0888853040813034,4.866376297252245,10.203258590095176,7.097919019196644,18.161531429800505,6.304780340915201,24.74861536807012,2.0164542668172287,0.6318223369360649,41.60617303866215,1.0351131902995108,1.6803785556810238,0,3.3607571113620476,5.041135667043071,17.717911491100715,3.4414152820347366,18.994999193418295
native,19C,nonquotes,97.27363366529526,14.015746226750249,5.3404233374207815,5.924890269198593,5.546705783930597,1.6617197079957369,0.8709703297081104,71.76337111358141,11.208012927033314,2.8994143870546303,2.039904193263732,1.3064554945621656,0.8595101937908983,13.626101605565042,4.148569202030736,211.39366712889216,8.560721530157348,1.2949953586449536,21.751337970868335,1.592958892492465,2.25764677569076,0.515706116274539,1.1803939994728339,13.935525275329766,3.8506056681832246,0.4354851648540552,1.2606149508933175,1.077252776217926,0.8022095142048384,0.41256489301963123,4.916398308483939,0.7678291064532026,1.7075602516645847,1.9711433777604603,0.2177425824270276,1.3522960382310134,1.8221616108367045,8.64094248157783,125.47702815755395,44.51116790245133,5.15706116274539,68.68059455185139,0.7353015144561725,4.5028549676437,1.7534007953334327,3.5068015906668655,0.3323439415991474,1.4210568537342854,4.561134095050368,0.19482231059260363,6.062411900205136,4.882017900732302,1.031412232549078,2.979635338475114,13.534420518227346,13.798003644323222,3.0483961539783864,2.074284601015368,0.09168108733769582,0.6532277472810828,0.44694530077126715,0,3.9079063477692846,6.154092987542832,11.18509265519889,1.6158791643268888,5.707147686771565
native,19C,quotes,33.80000350440679,16.190359376916472,68.89663752168352,3.1714881463440276,7.832349179092709,74.5387324560635,38.89891538609802,34.74619333812269,18.853708538487147,7.008813583080724,5.151477983564332,6.202800021026441,2.488128821993657,3.3992745877941513,1.9624678032626026,137.3727462283822,5.799793239999299,0.42052881498484346,39.266878099209755,3.504406791540362,3.066355942597817,0.5256610187310543,3.609538995286573,20.080250915526275,0.5256610187310543,0.1752203395770181,0.42052881498484346,0.28035254332322895,1.384240682658443,0.3329186451963344,1.8573355995163918,0.4030067810271416,0.12265423770391266,0.3329186451963344,1.2615864449545304,0.9637118676735995,6.167755953111037,8.81358308072401,76.30845788579138,23.269261095828004,8.252877994077553,101.25983424155876,0.7248506283788527,3.744200660729675,0.8060135620542832,4.012545776313715,0.45557288290024706,2.7860033992745876,7.008813583080724,1.7872474636855846,6.342976292688055,11.459410208336983,6.7635051076728985,17.20663734646318,6.553240700180477,27.61472551733805,3.0838779765555184,1.0863661053775122,16.908762769182246,1.3141525468276358,1.3141525468276358,0.03504406791540362,3.995023742356013,2.8385695011476932,17.399379719997896,2.593261025739868,21.079006851115277
NorthS,19C,nonquotes,91.42009380672866,13.895927977073562,7.123045309202827,3.8517890546530165,4.137448051529197,6.321357156679352,1.0044138922420545,93.82515826429908,11.33421181153878,1.9627537527298864,1.695524368555395,2.2207683305535335,1.1887100192589453,12.384699735535058,2.902664000516029,199.6019203656435,6.957178794887626,0.9030510223827646,21.820661438799863,1.9258945273265082,2.193123911501,0.5068143492964495,1.7968872384146848,18.024161222251916,3.925507505459773,0.46074031754222683,0.875406603330231,0.6634660572608067,1.492798628836815,0.2856589968761806,2.451138489324647,1.013628698592899,1.8798204955722855,1.7876724320638402,0.3962366730863151,1.1979248256097899,4.229596115037642,11.435574681398071,109.97871379732955,42.544760921849225,6.1647054487149955,72.90754784788197,0.7375881278707274,4.32336389385808,1.2255692446623234,3.5108412196717684,0.46995512389307137,2.7091530671482937,6.514868090047088,0.5621031874015168,4.957565816754361,6.173920255065839,2.0641166225891765,5.510454197805033,12.172759189465634,18.042590834953604,3.999225956266529,1.612591111397794,2.672293841744916,0.7463993144184075,0.7648289271200965,0.009214806350844536,3.704352153039504,7.583785626745054,13.637913399249914,2.1654794924484664,7.7588669474111
NorthS,19C,quotes,31.618079153785228,11.484708347172896,67.66907687983853,2.171746850967066,4.867267942461483,68.98489997189505,28.373233858810906,41.22486522394543,17.45062469659419,3.7813945169779504,2.989345665448785,5.263292368226066,1.6862975548685455,6.017016275326401,2.184521832443343,163.851912414727,5.77429162727714,0.6259740923375661,38.75929379902399,2.4911213878739877,1.826822351107591,0.2938245739543678,3.2065203505454916,19.200797158844118,1.0475484810547024,0.20439970362042975,0.6515240552901198,0.4087994072408595,1.085873425483533,0.24272464804926033,2.082321980633128,0.5109992590510744,0.7026239811952273,0.7664988885766115,0.7792738700528884,0.9581236107207645,6.694090293569074,8.572012570581773,82.43695546641457,29.49743222872327,9.376836403587214,87.15092363116074,0.7337165990867113,3.8513442691682824,0.907023684815657,3.564219831881244,0.6515240552901198,3.832494442883058,8.227088070722298,0.9708985921970413,6.106441145660339,10.577684662357239,5.352717238560004,16.10925164158512,6.272515904851938,27.9899844145226,3.5897697948337974,0.9581236107207645,17.910524029740156,1.532997777153223,1.4180229438667313,0,3.474794961547306,5.339942257083727,17.463399678070466,2.7466210173995247,18.447073251743785
persuasion,19C,nonquotes,79.49905206358466,17.281610033542364,2.843809246025959,2.5703660492926934,5.541782120460843,0.5468863934665306,0.21875455738661223,80.72043167565991,12.195566574303632,1.6406591803995916,3.882893393612367,2.2604637596616595,1.3307568907685576,20.034271547323904,4.010500218754557,189.13154440717514,11.429925623450488,1.458363715910748,28.966749307277237,2.38807058480385,2.789120606679306,0.4557386612221088,1.0937727869330611,22.49526031792329,2.2969228525594283,0.309902289631034,0.8385591366486802,0.3281318360799183,0.5104273005687618,0.10937727869330612,3.208400175003646,1.239609158524136,1.0026250546886393,1.9323319235817413,0.21875455738661223,1.5130523552574011,1.348986437217442,9.369986874726557,111.65597199941665,41.72743182149628,6.289193524865102,81.86889310193962,0.734116368683456,4.530301361817715,2.552136502843809,4.739682076709931,0.29167274318214964,6.19804579262068,8.786641388362257,0.29167274318214964,3.463613825288027,9.096543677993292,4.283943415487823,3.6459092897768706,8.330902727140149,19.578532886101794,3.4453842788391427,2.2604637596616595,0.07291818579553741,0.5286568470176461,1.604200087501823,0,5.687618492051918,7.528802683389237,13.90914394049876,3.354236546594721,9.114773224442176
persuasion,19C,quotes,33.775220087007156,14.010207926557737,58.91823382317679,2.1237968006028844,4.898434556229233,62.001164662761624,25.82810947829959,44.29143972870209,15.551673346350153,3.836536155927791,5.6862946596786905,5.069708491761724,1.7812489295379028,8.186894118453054,2.4320898845613677,161.5798307813517,8.563696776624534,0.7536053163429589,40.865961018052275,2.603363820093858,2.3635803103483712,0.5823313808104683,2.295070736135375,20.1760696057274,0.6508409550234645,0.34254787106498136,0.37680265817147945,0.34254787106498136,0.8221148905559552,0.5823313808104683,2.603363820093858,0.7193505292364608,0.3082930839584832,1.3701914842599254,0.47956701949097386,0.9248792518754496,4.521631898057754,8.118384544240058,89.54201349638612,31.95971637036276,8.974754221902511,93.99513582023087,0.7286866707912284,4.0255412894564735,1.815503716644401,3.5282430719693076,0.5823313808104683,8.700715925050526,9.522830815606481,0.513821806597472,4.521631898057754,12.126194635700339,7.981365395814065,12.640016442297812,7.193505292364608,29.116569040523412,3.7337717946082964,1.301681910046929,0.513821806597472,1.4387010584729216,1.6784845682184084,0,4.898434556229233,4.932689343335731,16.68208132086459,3.322714349330319,16.476552598225602
Pomp,19C,nonquotes,87.04134063919152,8.517578832910475,10.436432637571157,4.456004946378696,5.052981685606464,5.031661087776901,2.2386627721041297,62.72519881457476,11.513122827964096,2.0147964948937167,1.0553695925633755,0.30914866852866557,0.7995224186086178,12.77103809990832,2.3239451634223824,222.56572074280962,7.611453425154041,1.1726328806259727,14.583288915421189,1.140651983881628,1.1832931795407544,0.20254567938084983,0.5010340489947338,10.617657719122445,3.6778031255996417,1.0553695925633755,1.4604609513250753,0.6502782338016758,2.0680979894676246,0.3837707609321365,3.795066413662239,0.9061254077564335,2.6224335330362663,2.4945099460588875,0.149244184806942,0.6396179348868942,1.364518261092041,8.251071360040935,125.96209197705903,50.77500373110462,3.1341278809457815,62.24548536340959,0.7150702722315302,4.566339512904398,1.5990448372172357,2.185361277530222,0.19188538046606826,1.1726328806259727,6.04438948468115,0.5863164403129864,7.568812229494915,3.070166087457092,0.75688122294949145,1.5990448372172357,10.713600409355479,10.79888280067373,1.982815598149372,1.758949320938959,0.074622092403471,0.8315033153529625,0.522354646824297,0,3.1980896744344713,12.376607040061403,11.012088778969362,1.6416860328763618,4.829115408396051
Pomp,19C,quotes,22.20206100859324,9.705912561196891,68.6774624259646,2.310931562189736,4.2966209045157315,62.189736040261565,25.300421103084666,33.140470402957995,13.677291245848883,4.827279263240782,1.8487452497517889,1.5063850183162724,1.5748570646033757,8.730185901605669,1.2324968331678592,203.4133315074121,6.539080420418364,0.4621863124379472,32.438631928515186,1.934335307610668,1.934335307610668,0.34236023143551647,1.4721489951727207,12.136670204389057,0.5991304050121538,0.29100619672018896,0.479304324009723,0.18829812728953405,1.9000992844671163,0.5135403471532747,3.0298880482043207,0.8045465438734637,1.5235030298880483,0.8045465438734637,0.34236023143551647,0.35947824300729225,4.0740867540826455,5.631825807114246,92.14625629086925,33.02064432195556,6.778732582423226,69.58471703926872,0.7352382585435279,4.116330558654424,1.4036769488856173,1.9856893423259954,0.0684720462871033,1.2324968331678592,5.20387551781985,0.9414906364476703,9.089664144612962,7.617515149440241,3.2524221986374062,10.801465301790545,5.066931425245643,18.11085624293882,2.6361737820534765,0.7360744975863603,0.39371426615084393,0.7018384744428087,0.39371426615084393,0,2.6532917936252525,6.076894107980417,12.90698072511897,2.2595775274744088,12.41055838953747
pride,19C,nonquotes,92.95557398757293,13.140088182651592,2.5028739395526842,2.6192866809272273,5.369537695900816,3.0267312757381295,1.1204726357299806,96.86995241629197,10.97190087455072,1.236885377104524,3.0849376464254012,1.5861236012281543,1.0331630796990732,22.99151642147233,3.2159019804717626,190.7131735568458,11.626722544782526,2.0372229740545102,25.974592919195008,1.7461911206181517,3.477830648564485,0.7421312262627144,1.6152267865717902,20.066646294436925,1.644329971915426,0.3346866314518124,0.6257184848881711,0.36378981679544825,0.8003375969499862,0.2764802607645407,3.521485426579939,1.3096433404636136,1.7316395279463337,1.280540155119978,0.20372229740545103,2.1245325300854176,1.236885377104524,10.011495758210737,117.57686878828888,32.37729369479489,6.912006519113517,77.77826283086684,0.7370722217364694,4.609372475878578,3.361417907189942,3.79796568734448,0.2473770754209048,4.321823023529926,7.916066413468954,0.17461911206181516,4.118100726124474,7.930618006140772,2.750251014973589,3.972584799406295,13.081881811964319,18.713348175957858,3.972584799406295,1.644329971915426,0.01455159267181793,0.9313019309963475,0.8003375969499862,0,6.315391219568982,5.0494026571208215,14.522489486474294,3.2450051658153987,8.177995081561678
pride,19C,quotes,27.269582946498463,12.760999763348078,63.56834689530883,1.8568073835399486,4.1323066280742,65.17029836346094,32.58514918173047,45.783044800029124,16.292574590865236,3.021862996741485,5.4065862050133795,4.22332659785557,2.0752553110152365,13.143283636429834,2.767007081353649,142.40984471993156,9.35685289352484,0.8919957038574263,41.10461835326671,2.785211075309923,3.385942875866965,0.9830156736387964,2.876231045091293,21.38969289862196,0.38228387308175416,0.10922396373764404,0.21844792747528807,0.12742795769391804,1.2378715890266325,0.38228387308175416,2.0206433291464148,1.1104436313327144,0.6189357945133163,0.9830156736387964,0.8737917099011523,1.1286476252889883,5.1881382775380915,8.95636502648681,88.01631077858482,30.091202009720934,9.557096827043853,95.5891722643948,0.7356102053470475,4.093471947316821,2.1662752807966066,2.9490470209163893,0.6917517703384123,6.844701727559026,10.0850126517758,0.5097118307756722,4.7876504105000635,12.651775799610435,7.500045509984891,13.94425937050589,7.4818415160286165,27.633662825623944,4.332550561593213,1.1650556132015364,0.30946789725665813,0.8555877159448783,1.0740356434201663,0.018203993956274006,6.189357945133162,4.023082664336555,16.31077858482151,3.1674949483916772,18.04015801066754
Prof,19C,nonquotes,86.45754788116423,11.536721459809984,13.16543507766551,2.8954908761876035,5.459206756145377,59.1011913738501,2.216860202081134,50.91238123963203,11.989141909214297,1.6588749811491479,1.6437942995023376,1.38742271150656,0.34685567787664,16.724475946312772,2.9859749660684662,194.01296938621627,6.741064696124265,0.7238727190469009,20.841502035892024,1.417584074800181,1.9906499773789774,0.2563715879957774,1.206454531744835,14.899713467048711,3.4685567787664002,0.9802443070426783,1.3723420298597497,0.7087920374000904,0.5278238576383653,0.12064545317448348,1.6136329362087167,0.4524204494043131,1.7493590710300106,0.9953249886894887,0.7087920374000904,1.0858090785703514,1.7191977077363896,9.395264665962902,110.75252601417584,47.89624491026994,5.836223797315639,72.74920826421354,0.7466093247345608,4.412314591760981,2.292263610315186,3.347911325591917,0.49766249434474435,3.0312170110088976,5.4139647112049465,0.7238727190469009,5.730659025787966,4.252752224400543,1.7493590710300106,4.056703362992007,7.706228321520133,16.95068617101493,3.951138591464334,1.6136329362087167,0.30161363293620874,1.0858090785703514,0.7540340823405218,0,3.4836374604132105,9.757201025486353,13.19559644095913,3.3026692806514855,7.389534006937113
Prof,19C,quotes,22.26973098164974,11.17940495278817,66.00748262960984,1.469802244788883,4.765722430073045,54.11544628540887,45.875645822198464,32.781044004988416,13.00552289328345,2.8059861036878675,3.3404596472474615,3.607696419027258,2.137894174238375,12.738286121503652,2.3605914840548725,198.5569214323891,5.344735435595938,0.6235524674861928,32.55834669517192,1.9151968644218778,1.6034206306787815,0.3117762337430964,2.004275788348477,17.414929627650096,0.9798681631925886,0.2672367717797969,0.7126313914127917,0.3563156957063959,0.5790130055228933,0.13361838588989844,1.469802244788883,0.3563156957063959,0.9353287012292891,0.8462497773026901,0.9353287012292891,0.66809192944949225,4.364867272403349,7.705326919650811,84.40228042045253,32.64742561909852,7.705326919650811,76.87511134865491,0.7437815953115913,4.191201047924477,1.7815784785319793,2.494209869944771,0.4899340815962943,2.004275788348477,5.879208979155532,0.9798681631925886,5.522893283449136,8.195261001247104,4.854801353999644,15.677890611081418,5.077498663816141,21.824336362016748,2.226973098164974,0.4453946196329948,6.680919294494923,0.8907892392659896,0.66809192944949225,0,4.008551576696954,6.458221984678425,15.321574915375022,4.721182968109745,13.450917512916444
sybil,19C,nonquotes,92.62813214932396,13.130360298821412,10.951002396209436,1.702284530895922,3.5888928645003197,4.098493966106106,1.268581465699509,58.11621073631938,9.216190135423782,2.3745242819503627,1.8215528738249358,0.6505545977946199,1.0951002396209435,16.99031757906949,2.5588480846588384,240.29318327207278,8.82585737674701,1.2035260059200468,20.503312407160436,2.4612648949896454,1.6155439178566395,0.5096011016057856,0.4445456418263236,10.972687549469256,1.929978640124039,0.9107764369124679,1.3553220787387914,0.7264526342039922,2.417894588470004,0.4445456418263236,5.779093343742207,1.1276279695106746,2.721486734107493,1.3770072319986122,0.18432380270847565,1.507118151557536,1.3986923852584328,6.180268679048889,117.70701189430656,52.60818180832493,4.651465374231532,53.19368094634009,0.7027372191468577,4.6642718172233515,1.9408212167539494,3.166032375933817,0.2710644157477583,2.580533237918659,4.456298994893147,0.26022183911784796,6.440490518166738,3.8057443970985263,1.4312201151481638,2.5696906612887487,22.86699411248089,8.771644493597458,3.079291762894534,1.5721736113369982,0.45538821845623395,0.3361198755272203,0.3361198755272203,0,4.055123659586464,8.923440566416204,11.688297607043339,1.9082934868642185,5.6923527307029245
sybil,19C,quotes,26.68585160352449,12.564155813332542,74.64324917672887,1.0383599845729374,4.628118788382235,61.856587652416415,28.376895006971846,35.3190731895452,14.967217491915626,5.354970777583291,4.40561307740232,4.21277479455306,1.6613759753167,9.627080428397662,1.928382828492598,185.7626012400985,6.912510754442698,0.6971845610704008,39.81368855133948,3.3375856646987274,2.284391966060462,0.4005102797638473,2.1360548254071854,14.789212923131693,0.3708428516331919,0.10383599845729374,0.459845136025158,0.3708428516331919,2.0322188269498915,0.5191799922864687,3.115079953718812,0.5933485626131071,0.9938588423769543,0.6378497048090901,0.4450114219598303,0.9048565579849883,4.9841279259501,5.755481057347138,85.94653929450855,30.972794968404187,6.719672471593437,76.02278458480434,0.7224057045235088,4.046840762419331,1.0383599845729374,3.1447473818494673,0.4301777078945026,3.841931942919868,6.259827335568279,1.0383599845729374,8.81122615480464,9.152401578307176,6.408164476221557,15.026552348176937,6.5120004746788505,22.176402527664877,3.1002462396534844,0.4301777078945026,7.995371881211618,1.5278725487287508,0.6675171329397455,0,3.708428516331919,4.034770225769128,18.823983148900822,3.901266799181179,15.07105349037292
Tess,19C,nonquotes,89.49843400048185,15.597533662297336,4.399075569515209,5.478767544994602,4.648921646485647,1.7399994646155494,1.32953805244983,86.75012715380703,11.091381202651938,2.1415378026037533,2.02553783829605,1.5347687585326897,1.133230420544486,14.419687870865271,3.7119988578465053,202.866091425818,7.2366131579651825,1.035076604591814,20.933532020451686,1.9095378739883464,2.6679991790771758,0.6424613407811259,1.1510765688995173,13.687995788308989,4.3009217535625375,0.4729229314083288,1.2938457557397676,1.356307274982377,1.1243073463669704,0.32123067039056297,3.7476911545565676,0.8030766759764074,2.4270761762842534,1.6061533519528148,0.1873845577278284,1.4366149425800177,2.4270761762842534,9.842150817799748,123.37934665250872,46.1055242752233,4.961229242698694,70.9295166370718,0.7387106367777083,4.449719037986064,2.123691654248722,3.471075855053583,0.2855383736805004,1.2670765332072205,5.291382987266773,0.26769222532546916,5.889228957160321,5.327075283976836,1.0707689013018766,3.6138450418938333,7.995074463054011,14.27691868402502,3.4264604841660047,1.82030713221319,0.11599996430770329,0.5710767473610008,0.5532305990059695,0.017846148355031274,3.8726141930417866,6.531690297941447,11.55538105988275,1.847076354745737,7.004613229349776
Tess,19C,quotes,30.03902127764007,12.761675706186958,68.74125702505705,2.969543770093504,7.730630475863253,76.69276265737355,42.82523866787739,30.848896851301937,18.553513142071807,5.914545856136648,4.172086288561121,6.724421429798513,2.7732102976906274,4.2457113407122,2.8222936657913467,143.59339337865364,6.184504380690603,0.46629199695683116,36.51802586693499,2.6014185093381106,2.871377033892066,0.6626254693597075,3.386752398949616,18.33263798561857,0.8589589417625837,0.2945002086043144,0.3926669448057526,0.3435835767050335,0.7117088374604266,0.4172086288561121,1.8651679878273246,0.36812526075539304,0.2945002086043144,0.3435835767050335,1.3007092546690553,1.104375782266179,5.669129015633053,8.4914226814244,76.64367928927282,26.063268461481826,6.822588165999951,104.76844921098485,0.7192068490454635,3.750050648298217,0.8344172577122242,2.9940854541438635,0.4172086288561121,3.288585662748178,9.104964782683387,2.4541684050359533,6.748963113848872,10.700174245956758,6.061795960438805,15.633052740079025,7.166171742704984,27.143102559697645,3.067710506294942,1.1780008344172577,22.038432277222864,1.006209046064741,1.2270842025179767,0.024541684050359537,3.484919135151054,4.442044813115076,18.50442977397109,2.012418092129482,24.14901710555378
vanity,19C,nonquotes,78.0772106972861,10.413987663064766,13.67825051337952,2.6391070559514436,2.951684953133099,6.663052896884904,2.0891282242014424,71.09366653873394,7.086417896865121,1.5708028503938878,1.8398572429046796,1.1870046728417287,1.4521023831097148,12.075794205043188,2.433359579325544,239.39905910096266,7.739270466928072,0.9060802336025197,20.301736587836366,1.5114526167518012,2.1603485045719464,0.4352350467086339,1.135567803685254,14.04226527971765,2.9081614484622356,0.3600580840953244,0.850686682203239,0.7122028037050373,0.4748018691366915,0.1899207476546766,4.842979065194253,1.6895033176780605,3.0980821961169123,1.5945429438507224,0.15035392522661897,0.8309032709892101,1.614326355064751,7.9608446725251945,114.63695462081135,48.97581280144973,3.9566822428057624,59.76568527758104,0.7343167694487766,4.439285985750119,1.2582249532122325,2.1880452802715866,0.2532276635395688,3.699497897023388,5.1911671025611605,0.28883780372482065,7.501869532359725,3.7667614951510857,1.8873374298183487,4.0081191119622375,10.263633737838148,12.107447662985633,3.177215840973027,0.6132857476348932,0.7952931308039582,0.45106177567985695,0.4945852803507203,0,2.4254462148399325,9.98270929859894,12.404198831196066,1.416492242924463,5.796539485710442
vanity,19C,quotes,28.473063884351234,9.994554811965362,69.59301610721751,1.9672937415467846,3.214417452705907,64.48156540373435,37.57179743900511,41.330733695174864,13.033321037747449,3.0212011030897052,3.6184152746306935,3.881892115016423,1.9848588642391667,4.9182343538669615,1.6686866557762905,210.43016985473645,5.533013648100332,0.45669319000193215,37.6771881751594,2.634768403857301,1.9672937415467846,0.2634768403857301,2.423986931548717,14.19261913544466,0.4391280673095502,0.05269536807714602,0.3337373311552581,0.17565122692382007,0.5796490488486062,0.31617220846287614,2.476682299625863,0.9485166253886284,0.8079956438495723,0.5269536807714602,0.5620839261562242,0.6147792942333702,3.9521526057859515,6.288313923872758,78.88496601148759,30.229576153589434,6.534225641566106,72.49126135146054,0.7300007038288289,3.925587823462021,0.3688675765400221,2.423986931548717,0.42156294461716814,3.1265918392439973,5.8140556111784445,0.5620839261562242,6.8328327273366005,7.430046898877588,4.795278495020288,15.053310147371379,5.708664875024152,18.864941771618273,3.196852330013525,0.5445188034638422,24.116913456640496,1.1241678523124483,0.7553002757724263,0,2.582073035780155,5.3749275438688935,14.403400607753245,2.4064218088563347,16.036957018144772
VivianG,19C,nonquotes,79.38816398344301,9.203982629389689,13.97378136218943,1.5967130086344543,4.861330051766046,5.196944887975835,2.288282974157658,59.05804102637119,7.546248741444364,1.4645011034609008,1.4645011034609008,0.813611724144945,0.9966743620775576,15.743386862204684,2.4510053189866468,240.17818096758774,9.326024388011431,1.7187547672561962,22.06921801743163,1.3729697844945945,2.3493038534685287,0.5796983534532733,0.45765659483153154,11.034609008715815,2.3493038534685287,0.9966743620775576,0.9458236293184985,0.6000386465568969,0.376295422417037,0.24408351724348348,4.983371810387788,1.2102474396656056,2.5120261982975176,2.044199456914174,0.15255219827717717,1.0068445086293694,1.0983758275956756,7.332675663856316,118.80765201826559,56.28159101772656,4.9020106379732935,58.47834267291792,0.7147701266441341,4.65447587081986,1.8611368189815616,3.620572172445005,0.1728924913808008,2.69508883623013,5.715622362118238,0.2542536637952953,5.5732403103928725,3.2035961638207207,1.5356921293235835,2.0645397500177975,9.865042155257457,10.261677870778119,4.088398913828348,1.7492652069116317,0.030510439655435435,0.2644238103471071,0.5898685000050851,0,4.454524189693574,5.400347819012072,10.698994172506026,2.156071068984104,6.336001301778759
VivianG,19C,quotes,26.262563076024854,11.979231827849368,62.846657491972145,1.1468368155469368,5.108636723799991,59.53125651611827,29.47370615955628,28.49368197172526,11.218149213895492,3.7220067559114227,3.0443304558155053,2.3353767880228533,1.6785520663914257,11.614329204720798,1.9496225864297927,200.48792693606907,7.3293298302681515,0.9174694524375495,36.4485591559281,2.4604862588097918,3.763709912840402,1.0425789232244882,1.5534425956044873,14.512698611284874,0.8444889278118354,0.29192209850285666,0.42745735852204014,0.2710705200383669,0.5942699862379582,0.4483089369865299,3.2841236081571377,1.5013136494432628,1.9079194295008133,1.1468368155469368,0.4066057800575504,0.9904499770632637,3.398807289711831,5.7550356561991745,97.58538721381208,42.59977480295258,6.651653530172234,75.20121773218233,0.7217998893724495,4.246301441677589,1.834938904875099,3.2111430835314234,0.18766420618040786,3.9096709620918304,8.361482964260395,1.1155594478502022,8.37190875349264,8.111264022686518,4.879269360690604,9.831519246006923,5.7550356561991745,22.519704741648944,4.118186746736728,0.8653405062763251,1.313649443262855,0.8340631385795905,0.6568247216314275,0,4.660327786813462,3.576045706659994,11.885399724759164,3.065182034279995,12.323282872513449
wh,19C,nonquotes,105.1186943620178,8.17507418397626,9.332344213649852,3.234421364985163,3.4421364985163203,50.23738872403561,2.477744807121662,82.6112759643917,11.602373887240356,1.7359050445103859,1.7952522255192878,1.4094955489614243,0.6676557863501483,13.41246290801187,2.922848664688427,182.89317507418397,6.097922848664688,0.43026706231454004,17.106824925816024,1.231454005934718,1.6617210682492582,0.2522255192878338,1.5281899109792285,18.87240356083086,6.7804154302670625,0.5637982195845698,0.6379821958456974,0.9050445103857567,1.083086053412463,0.44510385756676557,1.3649851632047478,0.41543026706231456,0.6528189910979229,0.8011869436201781,0.41543026706231456,0.9940652818991098,2.492581602373887,9.56973293768546,98.94658753709199,36.86943620178042,5.474777448071217,66.60237388724036,0.7643818071053922,4.423600922238524,1.543026706231454,2.5667655786350148,0.20771513353115728,1.9584569732937684,3.8724035608308607,0.41543026706231456,3.6943620178041545,5.267062314540059,2.28486646884273,5.29673590504451,12.626112759643917,16.91394658753709,5.281899109792285,1.513353115727003,3.0415430267062313,2.373887240356083,0.5192878338278932,0,2.2403560830860534,7.121661721068249,17.893175074183976,2.685459940652819,7.670623145400594
wh,19C,quotes,35.80927417800563,9.713602898662453,63.40824114404656,2.274216551670971,5.91681763866939,70.6356242531704,42.34282850865359,52.017885364067375,15.013683845353274,3.68114713024708,3.7004201518714104,4.432794973595961,1.7345719461897235,6.5142813090236285,2.139305400300659,155.49473846509656,6.4950082873992985,0.2698223027406237,35.94418532937594,1.5611147515707513,2.0236672705546774,0.4625525189839263,2.5247658327872644,19.253748602705933,1.4647496434490999,0.23127625949196315,0.28909532436495394,0.3854604324866053,0.7131018001002197,0.3469143892379447,0.9443780595921829,0.23127625949196315,0.2120032378676329,0.25054928111629343,1.3105654704544578,0.8480129514705316,6.128820876537024,8.634313687699958,76.30189261072351,23.744362641174884,9.463053617546159,83.97255521720696,0.7418167161107561,3.950939186901181,1.2142003623328066,3.0451374166441814,0.13491115137031184,1.9465751840573564,5.8204525305477395,1.2912924488301276,5.993909725166712,8.74995181744594,6.167366919785684,21.25814285163628,5.781906487299079,19.639209035192536,2.9680453301468606,0.6938287784758894,27.92660833365455,1.1178352542111551,0.5974636703542381,0,2.8331341787765485,4.644798211463593,21.701422348995877,2.6211309409089156,19.407932775700573
wwhite,19C,nonquotes,82.36390604843064,15.435063053028193,12.74131493552622,3.631445247012156,6.109238874081483,58.807817552553665,0.9206480907918142,55.028613969982324,10.570404005387497,1.392338161999966,2.0458846462040317,1.5003154072162899,1.0740894392571165,14.611026181640458,2.8415064530611547,193.37019714371772,7.581139216767161,0.8695009746367134,19.19153458397504,1.5059984201224121,2.2675221495428017,0.42054295505305095,1.2786779038775198,18.691429448236278,2.3414013173223918,0.494422122832641,1.085455465069361,0.5114711615510079,1.2388968135346636,0.659229497110188,3.1881702403346157,1.523047458840779,1.977688491330564,1.2900439296897643,0.2500525678693816,0.3068826969306047,2.6653330529713632,9.871393417934453,123.45208935969494,44.81055676477441,4.324772821559078,67.09365036967999,0.715980757858345,4.329039276308256,1.2786779038775198,2.6312349755346296,0.13639230974693545,1.8981263106448514,5.165858731665179,0.3068826969306047,6.819615487346772,5.864869319118224,1.8753942590203623,2.5459897819427946,10.951165870097691,16.395492234162862,4.233844615061121,1.3809721361877212,0.22163750333877008,0.988844245665282,0.3978109034285617,0,4.563459363616214,6.705955229224325,9.67248796622017,2.3073032398856577,4.949904241232532
wwhite,19C,quotes,30.4187640858851,12.469803910983954,64.80519305253782,2.6990917556242326,5.479156263917192,70.83766312635798,40.41889904047288,36.073361313917864,14.96646378493637,2.5371462502867783,4.06213309221447,3.8866921280988946,1.835382393824478,9.460316603462935,2.1727688632775073,177.06041916894964,6.1674246616013715,0.499331974790483,30.580709591222554,2.4426780388399303,2.496659873952415,0.44535013967799836,2.9420100136304135,20.4051336725192,0.5398183511248464,0.12145912900309046,0.58030472745921,0.2159273404499386,1.0121594083590872,0.5263228923467254,2.3482098273930823,0.9041957381341179,0.44535013967799836,0.7152593152404216,0.7962320679091486,0.1754409641155751,6.396847460829431,7.759888797419668,97.47769875436916,30.000404863763343,6.693747553948096,74.45444607889445,0.7054272972972973,4.016880061282556,0.6882683976841792,2.496659873952415,0.20243188167181744,2.469668956396173,6.086451908932644,0.58030472745921,7.409006869188518,8.893507334781846,3.643773870092714,10.485971470600143,9.541289356131662,24.764166857852334,4.386024102889378,0.5533138099029676,7.287547740185428,1.2280867488090257,0.6477820213498158,0,3.0634691426335037,4.885356077679861,12.861172215549468,2.766569049514838,11.835517348412258
BH,DNov,nonquotes,61.150634227680634,10.27957324195935,39.29966971602908,3.6967983985121187,4.951969106309294,35.93727811193008,0.8291456135448495,61.64079213182041,13.467890076363853,2.0156025964626174,3.0508893846456893,2.0568308313902617,0.8199837835609285,11.223241730303211,2.7943581450959014,205.82509150377697,7.127903727490529,0.7924982936091655,22.14872398612899,2.079735406350064,2.253810176044563,0.6596517588423112,1.7361667819530273,15.341484308075694,4.809960741558519,0.4580914991960494,0.7604318886654421,0.9482494033358223,1.0765150231107161,0.3847968593246815,2.3866567108114176,0.5039006491156544,1.8232041668002767,1.3147226026926617,0.27943581450959015,1.0536104481509136,2.8218436350476646,10.19711677210406,113.35016056107047,46.36802154862412,4.548848587016771,72.74951098732461,0.7146627833435687,4.308658303916237,1.447569137459516,2.235486516076721,0.4214441792603655,3.6005991836809486,6.106359684283339,0.4901579041397729,5.684915505022973,4.878674466437927,1.6720339720655804,3.0004993197341236,16.537103120977385,16.065268876805455,2.945528339830598,2.075154491358104,0.797079208601126,0.9161829983920988,0.5634525440111408,0,3.4906572238738964,7.934144766075576,12.24020485851844,1.7178431219851853,6.02848412942001
BH,DNov,quotes,24.807485767635146,11.638599717809585,75.61579985539497,2.2322525393627553,5.671886955361969,73.32037035737099,36.71283264423651,31.25153555107857,20.560590213187137,5.405139796570193,4.576819671900995,5.706985265729307,1.909348083983237,7.665470984226819,2.0286823392321893,167.65058930063105,7.812883887769643,0.582631952097826,40.18054570852959,2.239272201436223,2.091859297893399,0.6879268831998427,2.555156994742273,18.2160230806489,0.8002414763753273,0.15443256561629123,0.43521904855500254,0.31588479330605024,1.1933425524895231,0.421179724408067,1.6075026148241223,0.5194549934366159,0.8844774212569407,0.7581235039345205,0.9125560695508118,0.6949465452733106,5.524474051819145,7.468920446169721,84.29912184027461,30.009055364074772,7.9181788188716595,87.33161585601269,0.6943657539442813,3.9302016412998175,1.2424801870037976,1.8040531528812203,0.5405139796570193,4.21179724408067,7.335546866773834,1.6917385597057357,7.7777855774023035,9.027285426479569,4.647016292635673,11.81409126964628,7.967316453385934,25.08827225057386,3.6642636023501827,0.6387892486855683,17.591273156110265,1.2705588352976687,1.0810279593140386,0,3.1588479330605024,4.9418420997213195,16.18734074141671,2.527078346448402,16.447068238135017
BR,DNov,nonquotes,92.50227616722435,10.595051003543283,4.337765818637315,3.9260260149966073,4.703112404966394,1.5715702364314337,0.5973126728872239,74.46111378516461,11.285150111053763,2.66760999541867,2.116690539843075,1.6005659972512019,1.1424329762988652,11.122773850463062,2.7024049084023916,206.94274497068528,8.240595224978108,0.9916550200360708,17.165490405302744,1.8847244532849297,1.5773693885953874,0.2899576081976815,1.0612448460035142,13.894768584832898,6.379067380348993,0.6553041945267601,0.8872702810849054,0.7132957161662965,0.8176804551174618,0.19717117357442343,4.650920035490811,0.4175389558046614,2.290665104761684,2.1282888441709824,0.14497880409884076,1.4961812583000365,2.1398871484988895,11.395334002168882,120.1236379241355,48.405523112520946,4.10579973207917,66.42928803808883,0.7344788209353603,4.449721451714412,1.5251770191198046,1.8383312359733006,0.4871287817721049,3.0793497990593774,5.230835251886174,0.40014149931280046,7.707073225894375,3.6186709503070653,1.0554456938395607,3.0445548860756557,12.12602717482704,11.105376393971202,2.5806227129593653,1.8093354751535327,0.7190948683302502,0.6958982596744356,0.8234796072814154,0,3.311315885617523,10.81541878577352,10.310892547509555,2.3080625612535446,4.047808210439634
BR,DNov,quotes,26.037788533134773,11.611131794489948,75.25130305286672,2.5246649292628445,5.084233060312733,68.7825763216679,43.000744601638125,33.693224125093074,16.78844005956813,6.585070737155622,4.130212211466866,6.375651526433358,2.3268801191362622,6.6897803425167535,1.9662137006701415,162.346425912137,6.945737155621742,0.45374162323157113,39.359177215189874,2.652643335815339,2.0941921072226357,0.36066641846612063,2.768987341772152,15.659903201787044,1.0354616530156366,0.15124720774385703,0.2326880119136262,0.30249441548771405,1.2216120625465376,0.25595681310498886,2.1872673119880863,0.5933544303797469,0.9191176470588235,0.9191176470588235,0.5584512285927029,1.0005584512285928,6.4221891288160835,8.178983618763962,81.28955696202532,31.44778481012658,7.259865971705138,83.31394266567386,0.7155914178887167,3.868001052833078,0.7911392405063291,1.68698808637379,0.6049888309754281,3.4205137751303054,6.282576321667908,1.0005584512285928,8.597822040208488,8.144080416976918,4.17674981384959,14.275409530900967,6.073157110945644,23.420048399106477,3.118019359642591,0.47701042442293373,22.09372673119881,1.3961280714817572,1.3612248696947133,0,2.5595681310498883,6.445457930007446,13.914743112434847,3.9091586001489205,15.555193596425912
DC,DNov,nonquotes,96.68879034988598,11.85459559348446,11.768929211012617,3.8590665627791805,4.703492332858769,67.91712389398582,0.5384744041087228,53.57412385727165,13.196702252209988,2.3415477875636888,3.3205921586704576,2.3293097329248544,0.8770605824498138,10.075998319307162,2.6515785050808325,186.1285730020356,6.85738994929366,0.7179658721449639,22.779099034417488,1.966247445306094,2.3170716782860197,0.3304274752485345,1.6684547824277853,15.587202258329016,4.915618613265235,0.3956970999889857,0.5466331072012793,0.6934897628672946,1.101424917495115,0.399776451535264,1.9540093906672595,0.43649061545176776,1.8887397659268084,2.011120312315154,0.29371331133203066,0.8852192855423702,3.3532269710406832,10.875551222377691,114.8786188947405,39.341266312307,4.781000012238055,72.15964950211514,0.7134631363298753,4.1798956567427,1.423693689651093,1.8765017112879736,0.49360153709966265,3.5123216813455334,5.69885411015065,0.49360153709966265,6.302598138999825,5.001284995737078,2.039675773139102,3.0880691205326003,16.888515401591764,18.77725516751857,2.9208157071351937,1.7092482978905674,1.3788208226420329,1.3380273071792508,1.0116791834769945,0.004079351546278203,3.4062585411423,5.629505133863921,14.261413005788599,1.8275494927326352,5.870186875094335
DC,DNov,quotes,26.821433160577374,12.806784597592838,73.79106523322054,2.54422409731443,4.8400222726688655,75.43581616481775,36.12455561742408,34.64256649676618,17.895232792221698,4.548764295198526,4.45453377307577,5.328307705486786,1.8075127425365143,8.626375979783269,1.8075127425365143,166.22264102454278,7.101554803615025,0.445453377307577,44.202681286674945,2.8183492525806315,2.381462286375123,0.6167815993489527,2.7840836081723563,18.914635713367886,0.9765708656358418,0.28269156636827003,0.4625861995117146,0.31695721077654515,1.173598320983424,0.3597892662868891,1.499121942862038,0.5996487771448151,0.728144943675847,0.6596136548592967,0.7966762324923973,0.6596136548592967,6.587570137490898,8.26658671349638,81.79209320255279,29.322825202381463,8.789137790722577,86.04959952028098,0.6983833464796461,3.9335249160356485,1.0279693322482546,1.8160791536385832,0.5653831327365401,3.9833811624619866,7.34998072557502,1.2678288431061806,6.073585471366771,9.174626290315672,5.294042061078511,12.669722019959737,7.675504347453634,25.639268428491885,3.4351308519295842,0.5996487771448151,19.07739752430719,1.293528076412387,1.3620593652289374,0,3.2466698076840705,5.037049728016448,15.385274339315544,2.6384546194371867,16.32757956054311
DS,DNov,nonquotes,82.32063519818152,10.193214061469254,12.498112367766394,4.045493923811189,4.983349096718301,3.1155866760982045,1.4465223853313092,76.49083206828857,12.692836535022533,2.285028493311821,2.380403595641358,1.637272589990383,1.108735564580866,13.11407657031132,2.7976696683330817,218.28579149413045,6.580882060738045,0.9219593225188565,18.34381134804759,2.082356400861555,1.6968820289463435,0.2821513443915466,1.0610480134160978,13.316748662761587,5.7503238779516606,0.7033913796803345,0.7232611926656546,0.9458030981012406,1.7882831686788163,0.2503596436150343,2.924836471439131,0.38944833451227556,2.1658096153999,1.4942099364960777,0.09934906492660091,0.9458030981012406,2.9844459103950913,10.491261256249055,118.92877864233542,46.443700871887394,4.327645268202736,67.42622338438551,0.7170287311311566,4.435217622824473,1.633298627393319,2.1419658398175154,0.3059951199739308,3.0718730875305003,4.983349096718301,0.41726607269172383,6.4974288461997,4.180608652111366,1.1524491531485705,3.5249048235958003,14.556624993045565,13.038571280967103,2.817539481318402,1.8955801587995453,1.3988348341665409,0.755052893442167,0.8544019583687679,0.003973962597064036,3.2824931051748942,9.251384925965077,11.743059474324228,2.1538877276087076,5.182047226571504
DS,DNov,quotes,23.521571947013427,12.003926265455167,74.88720992012391,2.9627094833719054,5.466153970841176,73.7165344403721,39.460768863634314,29.753167577692327,16.51552946049871,5.060920150927085,5.232018874890812,4.943852602951903,1.954127531585725,7.834520518339081,1.7289976316334525,170.72951092780534,7.456302286419264,0.4592649959026358,41.96421335110359,3.638099183228723,3.025745855358542,0.5673273478797266,3.1698289913279964,17.803272488225705,0.7474312678415446,0.24314029194845427,0.37821823191981774,0.2521454879465452,1.1076391077651806,0.39622862391599956,1.783028807621998,0.621358523868272,1.1706754797518168,0.6934000918529992,0.5673273478797266,0.891514403810999,6.627824254594901,7.906562086323809,81.13681594279899,27.907102398083694,8.104676398281809,90.4301782128288,0.7017561854127427,3.9053708439897696,0.8644988158167263,2.2783145875169972,0.4142390159121813,4.5926499590263585,7.555359442398264,1.1076391077651806,6.681855430583447,9.62655452195917,4.3855304510702675,13.255648509189802,7.429286698424991,25.76386575053806,4.070348591137086,0.5493169558835448,20.090592271740796,1.152665087755635,1.593919691662089,0,3.3229173232955413,5.7723306347762655,14.462344772933983,3.277891343305087,16.3264203445388
ED,DNov,nonquotes,55.025491624180624,10.23306627822287,34.86890021849963,3.514202476329206,5.844865258557903,1.9118718135469774,0.9286234522942461,69.93809176984705,14.257101238164603,1.875455207574654,2.530954115076475,1.238164603058995,1.1653313911143481,11.762563729060451,3.459577567370721,230.06190823015294,7.97523670793882,1.0742898761835398,16.933721777130373,1.584122359796067,1.8936635105608157,0.47341587764020393,1.056081573197378,12.053896576839039,5.025491624180626,0.6008739985433358,1.1835396941005099,1.0742898761835398,1.0742898761835398,0.27312454479242537,1.5477057538237435,0.34595775673707213,1.5112891478514203,1.0196649672250546,0.25491624180626365,1.2017479970866716,3.2774945375091042,10.287691187181355,121.84996358339403,50.69191551347414,3.9147851420247632,68.33576110706483,0.7198079203225042,4.520496757885482,1.9118718135469774,2.112163146394756,0.528040786598689,2.749453750910415,4.570284049526584,0.45520757465404227,6.646030589949016,4.1150764748725415,1.3656227239621268,3.2957028404952657,13.89293517844137,10.961398397669337,3.1318281136198105,1.693372177713037,0.5826656955571741,0.6554989075018208,1.0742898761835398,0,3.7873270211216314,8.230152949745083,9.413692643845593,1.7479970866715222,4.20611798980335
ED,DNov,quotes,24.32227627172505,10.95113544696766,71.28015840035201,2.4444498765552813,5.280011733359408,76.82905962013248,41.43342540761202,27.4022831161847,20.53337896306436,4.668899264220587,3.251118335818524,4.742232760517245,1.931115402478672,8.33557407905351,2.34667188149307,161.18702486005523,7.773350607445795,0.513334474076609,36.177858173018166,2.224449387665306,3.3244518321151824,0.8066684592632428,2.6155613679141507,17.72226160502579,0.9777799506221125,0.14666699259331686,0.6111124691388203,0.3422229827177394,1.0511134469187708,0.4400009777799506,1.0022244493876653,0.5377789728421619,0.9288909530910069,0.7088904642010315,1.1000024444498766,0.7577794617321372,4.840010755579457,7.04001564447921,85.92241316091814,30.604512454472122,7.162238138306974,90.12686694859322,0.6983011516785101,3.9400179051029545,1.3933364296365103,1.8822264049475665,0.46444547654550344,3.422229827177394,7.113349140775869,0.7577794617321372,6.062235693857097,9.973355496345548,4.9622332494072205,12.637805861790804,8.213351585225745,24.15116478036618,4.08223129384732,0.8800019555599012,11.90447089882422,1.3933364296365103,1.1244469432154294,0,3.153340340756313,5.500012222249382,17.453372118604708,3.275562834584077,16.40225867168594
GE,DNov,nonquotes,101.05056646723625,14.42188892300089,4.230720270766097,3.46694422188443,5.481216350797847,65.72966820669876,0.45676802923315385,49.2560671523883,13.822848884662328,2.5159681610219624,2.927808187379724,2.3886721528750177,0.7937280507985952,10.003968640253992,2.5983361662935147,181.9733876462968,7.510464480669727,0.8087040517570593,21.071233348558934,1.9918081274757202,3.0401281945682044,0.49420803162931404,1.5275520977633343,15.200640972841022,4.178304267411473,0.33696002156544136,0.6364800407347226,0.7188480460062749,1.2055680771563568,0.6289920402554906,1.6548481059102789,0.4717440301916179,1.452672092971014,1.1831040757186608,0.3294720210862094,0.9060480579870757,3.654144233865231,12.819456820445236,116.6330954645181,38.11392243929104,4.343040277954578,71.24083655941354,0.7081553114321684,4.166420675321546,1.47513609440871,1.6548481059102789,0.486720031150082,2.8080001797120113,4.874688311980052,0.44179202827468983,6.23001639872105,4.620096295686163,2.5084801605427303,3.5568002276352146,14.406912922042427,18.083521157345356,3.0176641931305084,1.6323841044725826,0.8835840565493797,1.220544078114821,1.4152320905748539,0,3.8338562453667997,6.641856425078811,16.248961039933505,1.969344126038024,5.855616374759448
GE,DNov,quotes,32.31070496083551,11.513635044966637,70.96750797795184,2.1214099216710185,6.8719176095155206,63.27966347548593,48.810559907165654,35.52001740644038,20.3437771975631,5.838410211778358,3.5719466202494923,6.763127357122135,1.8494342906875545,5.838410211778358,2.0851465042065565,158.39860748476937,8.141137220771686,0.507687844502466,40.633159268929504,3.154917319408181,2.3389904264577894,0.507687844502466,3.1186539019437194,17.46083550913838,0.9609805628082391,0.253843922251233,0.2901073397156948,0.3263707571801567,0.8340586016826226,0.3445024659123876,1.2873513199883957,0.6527415143603134,0.4714244270380041,0.8521903104148535,0.8340586016826226,0.5620829706991587,5.584566289527125,8.014215259646068,78.34711343196983,25.638236147374528,6.962576153176675,88.80910937046707,0.6794805006085045,3.811255864376367,0.9609805628082391,1.686248912097476,0.2901073397156948,2.919205105889179,6.164780968958515,1.5411952422396287,6.998839570641137,9.138381201044387,4.786771105308964,12.764722947490572,8.141137220771686,25.982738613286916,2.5747026399767914,0.489556135770235,23.31737742964897,1.468668407310705,1.214824485059472,0.018131708732230925,3.13678561067595,5.058746736292428,17.80533797505077,2.5928343487090224,17.20699158688715
HT,DNov,nonquotes,91.9138055747136,11.051861321849715,5.8371322354366075,3.683953773949905,4.710077884502161,5.786667115245513,1.5475970191935673,78.9947348057934,13.541473917943714,1.9849613941830537,2.691473076858378,1.715814086497216,0.9251938701700675,11.69108617760358,2.338217235520716,217.89156727841606,8.444496778643162,0.7737985095967836,19.933722475482362,1.7831009134186755,1.4298450720810134,0.25232560095547296,1.3793799518899188,13.575117331404444,5.113798846030918,0.6896899759449594,0.7906202163271485,0.7737985095967836,1.2448062980469998,0.25232560095547296,2.203643581677797,0.4710077884502162,1.7494574999579457,1.1606977643951755,0.2691473076858378,1.0597675240129865,2.943798677813851,10.042558918027822,118.34070684811681,46.74752300368395,3.9362793749053777,68.6998502868101,0.7197454000134799,4.419170606877151,1.4634884855417432,2.1363567547563376,0.4037209615287567,3.061550624926405,6.072636129661715,0.3868992547983918,6.7959695190674045,3.9362793749053777,1.21116288458627,3.5325584133766212,14.937675576563999,13.65922586505627,3.179302572038959,1.715814086497216,1.21116288458627,0.4710077884502162,0.9420155769004324,0,3.2297676922300536,7.552946321933823,11.65744276414285,2.0186048076437837,5.4165895671774855
HT,DNov,quotes,26.747800201374602,14.161887667994572,71.24720921069913,2.2326314407039356,5.7566869500503435,71.29098629777175,41.67578689314013,32.41693297727969,16.810401435888455,4.968699382743072,4.268265989581053,5.515912971150899,2.1231887230223703,7.792321498927461,1.7510834829050475,164.6675130236834,7.660990237709583,0.5472135884078273,36.22553955259817,2.2545199842402486,2.363962701921814,0.48154795779888804,3.699163857636913,20.11557150987173,0.9193188285251499,0.21888543536313093,0.5253250448715142,0.3939937836536357,1.2476469815698463,0.3721052401173226,1.7510834829050475,0.43777087072626186,1.0068730026704023,0.6128792190167667,0.9193188285251499,0.9193188285251499,6.08501510309504,8.952414306352056,84.2490040712691,26.288140787112024,7.266996454055947,89.96191393424681,0.6990095860662031,3.9076200534819443,1.597863678150856,2.320185614849188,0.43777087072626186,3.8961607494637307,7.201330823447008,1.2695355251061595,7.376439171737513,9.499627894759882,4.268265989581053,12.564023989843715,7.420216258810139,26.966685636737733,3.8304951188547913,0.9193188285251499,17.007398327715276,0.9193188285251499,1.619752221687169,0.021888543536313095,3.8304951188547913,4.59659414262575,14.621547082257146,2.5171825066760056,17.160618132469466
LD,DNov,nonquotes,87.59619737437755,12.66183793571752,5.921231326392032,3.2548664554096876,4.590312358533273,6.672702580353101,2.3449524671797195,76.75418741511996,14.481665912177457,2.154821186057039,2.833861475780896,2.258940697148031,1.181530104119511,12.965142598460842,2.861023087369851,211.95110909913987,7.4830239927569036,0.9416025350837482,20.742417383431416,2.0733363512901763,2.2815753734721596,0.4617473970122227,1.2494341330918968,15.291987324581259,4.694431869624264,0.6247170665459484,0.8420099592575826,0.8963331824354912,1.2947034857401538,0.3259393390674513,2.788592123132639,0.5070167496604798,2.023540063377094,1.2765957446808511,0.33499320959710277,1.0004526935264826,3.073789044816659,10.09506564056134,121.19511090991399,47.881394296061565,4.386600271616116,66.01177003168854,0.7126392090615532,4.424307405131007,1.720235400633771,1.810774105930285,0.3123585332729742,2.5939339067451335,5.337256677229516,0.3847894975101856,7.2974196468990495,4.373019465821638,1.4712539610683568,3.9972838388411045,14.02444545043006,13.141693073789044,2.928927116342236,1.5980081484834767,0.946129470348574,0.6066093254866456,0.9189678587596197,0,3.7573562698053418,7.460389316432775,10.497962879130828,1.8786781349026709,5.789950203712087
LD,DNov,quotes,25.372903561808815,13.044504300699016,72.3103338839747,2.408716951345545,5.077835735268987,73.5716552605239,38.962624199467804,29.734634257488587,21.28784981324306,5.0290103916606315,4.980185048052276,5.395200468723298,1.806537713509159,8.161969939863452,1.717024583560507,155.02860351379724,7.323801541253347,0.4719783215474379,39.50784053642778,2.1239024469634704,2.831869929284627,0.5696290087641491,3.035308860986109,20.189279582055057,0.9358190858268165,0.13833847355700765,0.3824651915987859,0.3661900770626673,1.0822951166518835,0.4882534360835564,1.839087942581396,0.6184543523725048,0.9927819867032315,0.6265919096405641,0.8951312994865201,0.7974806122698088,5.663739858569254,7.079674823211568,83.4832000130201,29.075492118775784,7.909705664553615,93.66328415536225,0.6893054695898622,3.926805168061645,1.4403476364464916,2.1483151187676484,0.4475656497432601,4.272217565731119,7.877155435481377,1.1473955747963576,7.136637724087984,9.39887864460846,4.793021230886913,12.483012849202927,8.365408871564934,27.195716389854095,4.5326193983090155,0.6754172532489198,15.445083694776502,1.3264218346936616,1.6681992399521512,0,3.678175885162792,5.452163369599713,14.842904456940115,3.051583975522228,18.008414234215174
MC,DNov,nonquotes,92.5218157609893,10.828855235303697,5.7137657212372,3.4244279050164277,4.894776669827677,1.43682289720969,1.1159324501661925,73.18217956454687,13.209191835014416,2.260601358276579,2.543176528061151,1.7481345249384561,0.9099878348994703,13.520503462743182,2.6150176729216357,219.9249020565725,7.45711083651829,0.8237784610668889,19.823366571836356,1.9684473691772753,1.8774485856873282,0.3879421822466163,0.8956196059273734,13.673764571778882,5.857448010958169,0.4070998208760788,0.7902525934653295,0.6944644003180168,0.8381466900389858,0.23947048286828165,2.9694339875666924,0.4070998208760788,1.958868549862544,2.025920285065663,0.29694339875666925,1.1255112694809237,2.7730681916147017,11.149745682347193,118.39899613973581,49.896069810435165,3.9991570639003036,67.69351609720586,0.7261298545724622,4.453404050144648,1.3793499813213024,1.9780261884920065,0.45020450779236953,3.750107761717291,5.589241070145694,0.3879421822466163,7.763633054589691,4.6217803193578355,1.135090088795655,3.0891692290008335,17.926760347519565,12.088469975190858,3.0987480483155645,1.6236098738469495,1.1255112694809237,1.0680383535925362,0.7806737741505982,0,3.659108978227344,7.562477848980334,9.952393268005785,1.982815598149372,5.230035345843271
MC,DNov,quotes,25.014008741454667,11.438604355784676,75.04202622436401,2.062086742127087,5.0879748963353135,71.79946953565691,39.98655160820352,32.5675221338115,18.760506556091002,6.5523553363965785,3.6833650864806304,5.102917553886959,1.6885203033359484,8.166162351974299,2.136800029885315,161.08184840673914,6.806380514774553,0.43333706899772123,41.63024393888453,2.9661175240016435,2.4431245096940493,0.5528783294108858,2.7569203182786057,17.04210093765176,1.0982853300459487,0.15689790429227837,0.32126713736037954,0.20919720572303785,0.7695468639097464,0.2764391647054429,2.0172587694721504,0.6500056034965819,0.814374836564683,0.9488587545294931,0.575292315738354,0.7097762337031641,6.283387500466958,8.367888228921514,82.43864171242855,31.2226829541634,8.263289626059995,90.77664462624678,0.7059222913005041,3.886449478826109,1.0011580559602524,2.1666853449886063,0.6350629459449363,4.8862490193880985,7.321902200306324,1.2327692480107588,6.5747693227240465,9.197205723037841,4.467854607942022,13.448391796481005,7.695468639097464,25.44734581045239,3.302327318913669,0.45575105532518956,22.74272479360454,1.4569091112854422,1.1954126041316449,0,3.100601441966454,4.609809854682656,13.5455190705667,2.988531510329112,18.917404460383278
NN,DNov,nonquotes,92.92150341012699,10.976584983216776,5.368594233090711,3.142715978953481,4.176705190829585,1.5382499605250424,0.5348220061428127,61.29060190396634,9.26006102064413,2.3175620266188552,2.302281397871918,1.4109113876338966,1.3141340722366257,15.616802579370132,3.0866870068813763,230.21285915844484,8.154762207948982,0.9524925252257713,17.068462310329195,2.383778084522251,2.3634039128596678,0.37692217575779186,1.0798310981169172,14.730526112047757,6.402583444966815,0.6978153794434795,0.9881473256352922,0.7589378944312295,0.6265057786244378,0.19355463079454177,4.742088454466273,0.7996862377563962,2.582426258232439,2.057791337920918,0.17318045913195843,0.9575860681414171,2.3735909986909594,10.84924641032563,113.05627855567496,52.62648540445277,3.3770189530731893,66.89859265409241,0.7292919461035122,4.646469098848831,1.828581906716855,2.572239172401147,0.24449005995100012,4.411008164949294,5.949258125474336,0.32089320368568763,6.708196019905566,4.028992446275856,1.3599759584774382,2.8320098610990847,21.056706413279883,11.231262128999068,3.570573583867731,1.731804591319584,0.8964635531536671,1.8234883638012092,0.962679611057063,0,3.850718444228252,8.949354902789734,9.789789483871296,1.9049850504515426,4.686059482394169
NN,DNov,quotes,27.47093466784657,10.878520643251655,70.13060327728785,2.4182966647340636,5.164627261908395,63.65384028561838,36.03796039180983,36.60248390345122,18.018980195904916,6.835311708522779,4.813707241158341,5.40874553721278,1.8156296725763632,7.331176955234811,2.0826340361905342,163.71181837600318,6.65222300204449,0.3585487168533154,39.07418144090812,2.6319001556254005,2.433554056940588,0.3738061090598395,3.1659088828537425,16.066033993469837,0.9001861401849196,0.16783131427176468,0.41194958957614963,0.251746971407647,1.4265661713099997,0.4500930700924598,2.1055201245003206,0.6789539531903207,0.8849287479783955,0.7857556986359892,0.8086417869457753,0.6942113453968448,6.545421256598822,8.193219614903422,77.76692807665314,33.543376766043146,6.606450825424918,89.31677397699185,0.7121353590105738,3.9269120436411518,0.7933843947392512,2.547984498489518,0.40432089347288763,5.4850324982454,7.003143022794544,1.1671905037990906,7.727869152604437,8.521253547343688,5.59946293979433,14.944615666290318,7.407463916267432,25.334899758933204,3.0591071374080743,0.6255530804674865,21.1162308138293,1.4647096518263099,1.4265661713099997,0,2.944676695859144,6.2402734124683406,15.40233743248604,2.715815812761283,17.55362973360593
OCS,DNov,nonquotes,88.10823975798596,10.722709326770241,6.582320668615085,3.8583807619340615,4.512126339537507,2.8328975029482644,0.525560170230221,71.07880838845306,11.408501256216992,2.3073373327180433,2.4227041993539458,1.3908116699994872,1.025483258985797,12.773675844741835,2.685484284469056,206.19263703020047,7.312977490642465,0.9165256627185561,18.42665230990104,1.852279136543096,2.320155873455366,0.3909654924883351,1.1985335589396504,15.337383992206327,5.922165820642978,0.7114290109213967,0.8460236886632826,0.9101163923498949,0.9934369071424909,0.19868738142849818,4.153207198892478,0.6793826590780906,2.384248577141978,1.9996923550223042,0.22432446290314312,0.967799825667846,2.4227041993539458,10.87012254524945,114.54648002871353,53.741732041224424,4.108342306311849,67.44475208942214,0.7293316658649992,4.453168390193615,1.852279136543096,1.884325488386402,0.4742860072809311,3.8647900323027224,4.697995180228682,0.43583038506896377,7.043788135158693,3.691739732348869,1.3074911552068913,3.2815464287545506,13.555606829718505,11.889196533866585,2.7559862585243295,1.858688406911757,0.801158796082654,0.8780700405065888,0.8460236886632826,0,3.8006973286161103,10.741937137876224,11.100856278521253,2.384248577141978,4.608265395067425
OCS,DNov,quotes,25.860623885646362,11.947394888831319,76.13416436811387,2.7582633608143734,7.009951082732662,64.40011581658311,40.932018713521586,36.43650660611694,18.74399963426342,6.903277914082382,4.480273083311745,5.897502323951175,2.483960927142226,5.5927218420932325,1.6915316743115771,152.98456286859388,6.202282805809116,0.3047804818579418,43.431218664756706,3.154477987229698,2.9106536017433444,0.42669267460111854,3.35258530043736,16.488624068514653,0.9448194937596196,0.1523902409289709,0.3047804818579418,0.28954145776504475,1.7524877706831654,0.3809756023224273,1.843921915240548,0.5943219396229865,0.7009951082732662,0.5790829155300895,0.5943219396229865,0.6247999878087808,7.375687660962192,7.710946191005928,73.52829124822847,29.65514088477774,8.411941299279194,94.37527620731169,0.7039250938616037,3.8345782732972222,0.8991024214809283,2.316331662120358,0.41145365050822147,4.76981454107679,6.491824263574161,1.005775590131208,7.055668155011353,8.152877889699944,4.891726733819966,16.03145334572774,6.491824263574161,26.226360463875892,2.7887414090001674,0.5790829155300895,29.12177504152634,1.2343609515246643,1.4172292406394293,0,2.9868487222078297,6.476585239481263,16.122887490285123,2.743024336721476,16.610536261257828
OMF,DNov,nonquotes,82.1574582081956,9.065843414260387,14.395731615241354,2.908228609139668,4.899246656935286,3.115160260174606,1.5995257350268173,71.04466927288692,13.131770719730653,1.9574615638440072,2.1476149729031393,1.8120501333870238,0.8668758354166317,11.414797290873196,3.752733455255225,232.66947422582396,7.3320917434271236,1.0011017712230779,16.627237798023522,1.7840863967606808,2.030167279072499,0.3411575868413841,1.0290655078494209,13.114992477754848,6.3086189829029715,0.5984239638037393,0.9955090238978094,1.0905857284273754,0.9507670452956606,0.29082286091396675,2.231506182782168,0.39708506009407,1.7896791440859494,0.9619525399461978,0.2684518716128924,0.9116178140187804,3.05923278692192,11.431575532849001,119.1087397862452,47.65579995861367,3.668842245376196,64.48996940767213,0.7101111894529502,4.4974904377510265,1.6778241975805774,1.5771547457257429,0.4026778074193386,2.7068897054299983,4.256080714529398,0.4026778074193386,6.621812833118012,3.8254391704837167,1.2583681481854332,3.277349932607395,18.992969916612136,11.828660592943072,4.054741810819729,1.8120501333870238,1.0626219918010325,0.9339888033198548,0.9060250666935119,0,3.1710877334272913,6.8511154734540245,10.59825618138398,1.7281589235079948,4.697907753225617
OMF,DNov,quotes,26.329258258666822,11.41539199108537,72.10096337615725,2.3323161843307223,5.344891255757906,75.06170919904375,43.94472410643136,28.454257448834813,21.483223520112986,5.014479796311053,4.068596010443594,5.740089275880611,1.8399383231942366,6.744280966356339,2.37766677680382,158.3837048842588,7.541155662669336,0.6219509824881927,37.12917792333158,2.494282586020356,2.6692062998451602,0.40167667619029107,3.0579256639002805,18.742752003524387,1.1272861557598493,0.2073169941627309,0.4146339883254618,0.343368771582023,1.1272861557598493,0.5118138293392419,1.2115086846384586,0.5895577021502659,0.6608229188937047,0.647865606758534,1.2568592771115559,0.647865606758534,5.830790460826806,8.603655257753331,83.59409924005364,27.106696986777063,6.8155461830997774,88.01254267814684,0.6825392110761895,3.859365625374985,1.1855940603681172,1.7945877307211393,0.3757620519199497,3.3041145944685235,6.899768711978387,1.3086885256522387,6.232467137017097,9.692069477107669,4.781248177877981,13.05449197618446,8.642527194158843,26.309822290464066,3.6993126145912294,0.7580027599074848,22.597552363737666,1.464176271274287,1.315167181719824,0,2.9218738864809883,4.016766761902911,16.94816427280325,2.682163611980331,19.183300616120192
OT,DNov,nonquotes,97.5033865141481,10.498193859121011,6.029876580373269,4.157886815171583,4.092037928958459,1.7026640577965082,0.6302679108970499,64.44724563515955,9.265878988561107,2.3047110174593617,1.7026640577965082,1.1194310656231186,1.4110475617098133,12.755869957856714,2.7092113184828417,224.09316676700783,8.231110776640579,1.0253612281757978,16.29289584587598,2.229455147501505,1.9190246839253462,0.37627934978928357,0.9877332931968693,13.357916917519567,7.281005418422637,0.7619656833232992,0.7807796508127633,0.6584888621312462,1.0347682119205297,0.15051173991571343,4.393061408789886,0.6208609271523179,2.643362432269717,2.4928506923540037,0.18813967489464178,0.7713726670680313,2.314118001204094,10.996763997591811,113.45763094521372,50.30854906682721,3.6499096929560504,63.68527995183624,0.7245006355632974,4.50807688665846,1.4392685129440097,2.314118001204094,0.14110475617098134,3.6405027092113187,5.032736303431668,0.3574653822998194,5.89817880794702,3.3112582781456954,1.053582179409994,2.6151414810355207,19.218467790487658,10.48878687537628,3.2077814569536423,1.7496989765201685,0.8184075857916917,2.191827212522577,0.9971402769416015,0,3.809828416616496,8.494506321493077,9.8208910295003,1.7873269114990968,3.800421432871764
OT,DNov,quotes,27.89108146841583,12.32866644618381,69.34185867048836,3.086760004409657,5.806048579722926,59.67736008525337,38.25377576893396,39.705287913864694,19.420865027744092,7.2024400102892,5.199720721713887,6.155146437364495,1.9659721456656745,5.3650828648072615,1.3412707162018154,157.1307830816154,6.890089295557271,0.5879542865542204,38.4742586263918,2.5906735751295336,1.984345717120494,0.38584500055120713,2.976518575680741,15.966633594238049,0.7533164296475949,0.1469885716385551,0.4225921434608459,0.20210928600301326,1.6719950023885644,0.5328335721897622,2.2599492889427846,0.7165692867379562,0.6981957152831367,0.7900635725572337,0.5879542865542204,0.4225921434608459,6.9819571528313675,8.635578583765112,75.11116010730166,29.177231470253187,6.32050858045787,91.57388013081983,0.7116008614501077,3.789526994744386,0.5328335721897622,2.792782861132547,0.2939771432771102,3.362363576231948,5.6958071509940105,1.0105464300150664,7.073825010105464,8.856061441222945,4.299415720427737,16.334105023334434,6.0449050086355784,24.161246463087494,2.3885642891265206,0.4593392863704847,28.12993789732848,1.469885716385551,1.561753573659648,0.01837357145481939,2.903024289861463,5.08947929298497,14.055782162936831,2.315070003307243,19.20038217028626
PP,DNov,nonquotes,91.07139224023926,8.957091412178796,10.615246892230067,3.606233850786352,3.677442981831499,4.786270879534496,2.2023966958963195,50.31433744989929,8.077150007120913,1.9531647372383065,2.0803238998189255,1.5716872494964498,1.3326280238448862,14.653821895790523,2.736465178734919,255.8747533112246,8.534922992411142,1.083396065186873,15.742304327480621,1.9379056377286321,1.714105511586743,0.20854102663221502,0.7120913104514659,12.186934141726516,4.440397957315212,0.6307094463998698,0.94097780309658,0.6663140119224431,0.7019185774450164,0.11190006307094463,4.145388700128176,0.6001912473805212,2.4414559215478833,1.922646538218958,0.15767736159996745,0.3713047547354072,2.029460234786678,8.97235051168847,110.89296250330614,53.86970763565339,2.9297471058574596,60.82785701206486,0.7070285743365309,4.5660101965298905,1.337714390348111,1.8565237736770361,0.27466379117413686,4.180993265650749,4.943948241134463,0.4221684197676548,5.8900124107342675,3.1128562999735507,1.2207279607739416,2.7212060792252446,25.77261907183984,9.369087098940001,2.507578686089805,1.1342597302191206,2.5584423511220526,1.5157372179609774,0.8290777400256353,0,3.8808976419604893,7.049703973469512,9.435209863481923,1.3834916888771338,3.9368476734959614
PP,DNov,quotes,33.69203642775344,9.48866631523458,61.639976005671386,3.1174449675531237,5.244215003726392,55.023358115354554,30.19286350498973,35.564321160452984,16.96871648519441,5.4532565030083795,3.9536109646810753,4.371693963245051,1.6177994292258193,8.307127406249432,1.9540835802446694,204.56982894952102,6.2894225001363315,0.4817043244324069,35.03717303182884,2.39034410048534,1.8359296893461545,0.2544853034737244,2.0995037536582264,14.960100339919656,1.4451129732972205,0.4271717594023231,0.4817043244324069,0.3453729118571974,1.0088524530565504,0.2544853034737244,2.2358351662334357,0.8543435188046462,0.9906749313798556,0.7998109537745623,0.3817279552105866,0.3999054768872812,4.562557940850344,6.880191954628906,80.34464581099013,36.60952865686292,5.6986530456437565,84.19828040644938,0.7173153092506845,4.021454671839334,0.8088997146129097,2.1085925144965736,0.363550433533892,5.8440732190573135,5.671386763128715,1.208805191500191,8.17988475451257,6.69841673786196,3.8627233562976024,12.215294566738772,8.14352971115918,21.70396088197335,3.417374075218585,0.7180121062294367,23.812553396469927,1.2360714740152328,1.1997164306618435,0,2.7266282515041897,4.617090505880428,11.179175831167179,2.553941795575591,14.923745296566267
TTC,DNov,nonquotes,89.75785934944575,12.186534617481374,3.7933854261312012,3.963747047065237,4.383972378702526,1.1698164637470472,0.24986371070325278,70.73414501181173,14.162729420316191,1.9761948028348173,2.316918044702889,1.3742504088678902,1.056242049791023,11.41422860258041,3.0551517354170454,221.0612393240051,9.097310557877522,0.7495911321097584,19.160003634381248,2.1806287479556605,1.0903143739778303,0.22714882791204796,0.9426676358349991,11.675449754679265,4.713338179174995,0.6133018353625296,1.2379611121206615,0.8858804288569871,2.055696892604034,0.23850626930765037,2.964292204252226,0.31800835907686714,1.6922587679447574,1.2720334363074686,0.20443394512084317,0.8631655460657823,2.2033436307468652,9.960476103943304,126.4651099400327,48.655278938760674,3.7365982191531892,62.057059785571504,0.7076172554548659,4.4161672887488725,1.5559694711975287,1.8058331819007813,0.2952934762856624,2.22605851353807,4.383972378702526,0.4429402144284936,6.462384154097765,3.3731600944939126,0.9313101944393967,2.362347810285299,10.312556787206978,9.9491186625477,2.9188624386698163,1.056242049791023,0.05678720697801199,0.5792295111757223,0.9767399600218063,0,3.0551517354170454,9.812829365800473,10.880428856987098,2.2033436307468652,4.577048882427767
TTC,DNov,quotes,29.64367701367402,12.19682603054197,69.16857969857271,2.4952590078850183,5.38975945703164,70.0868350134744,35.7919952091027,33.77582593073161,21.7187344046312,4.611238646571514,3.493362611039026,4.651162790697675,1.6967761253618125,7.865056392853578,1.7766244136141331,167.68140532987323,8.743387563629105,0.5589380177662442,38.526799081744684,3.0541970256512627,3.0541970256512627,0.6188242339554846,2.315600359317297,16.328974947599562,1.4173071164786906,0.35931729713544264,0.43916558538776324,0.3393552250723625,1.4572312606048508,0.6587483780816449,1.9163589180556941,0.39924144126160294,0.8982932428386067,0.678710450144725,0.4591276574508434,0.6986725222078052,5.4296836011578,7.485777023655055,92.86355923744885,29.264397644475498,7.825132248727418,78.09162591076954,0.6827840227218177,3.93774066718009,1.2376484679109692,1.5370795488571714,0.23954486475696177,2.335562431380377,5.808962970356323,1.1378381075955684,8.843197923944505,8.823235851881424,3.493362611039026,11.777622517217287,7.046611438267292,25.930731609941112,3.752869547859068,0.5190138736400839,7.805170176664338,1.0979139634694082,1.1578001796586486,0,3.2737798183451443,5.2899490967162395,12.436370895298932,3.233855674218984,14.173071164786904
