doc_id,corpus,subcorpus,f_01_past_tense,f_02_perfect_aspect,f_03_present_tense,f_04_place_adverbials,f_05_time_adverbials,f_06_first_person_pronouns,f_07_second_person_pronouns,f_08_third_person_pronouns,f_09_pronoun_it,f_10_demonstrative_pronoun,f_11_indefinite_pronouns,f_12_proverb_do,f_13_wh_question,f_14_nominalizations,f_15_gerunds,f_16_other_nouns,f_17_agentless_passives,f_18_by_passives,f_19_be_main_verb,f_20_existential_there,f_21_that_verb_comp,f_22_that_adj_comp,f_23_wh_clause,f_24_infinitives,f_25_present_participle,f_26_past_participle,f_27_past_participle_whiz,f_28_present_participle_whiz,f_29_that_subj,f_30_that_obj,f_31_wh_subj,f_32_wh_obj,f_33_pied_piping,f_34_sentence_relatives,f_35_because,f_36_though,f_37_if,f_38_other_adv_sub,f_39_prepositions,f_40_adj_attr,f_41_adj_pred,f_42_adverbs,f_43_type_token,f_44_mean_word_length,f_45_conjuncts,f_46_downtoners,f_47_hedges,f_48_amplifiers,f_49_emphatics,f_50_discourse_particles,f_51_demonstratives,f_52_modal_possibility,f_53_modal_necessity,f_54_modal_predictive,f_55_verb_public,f_56_verb_private,f_57_verb_suasive,f_58_verb_seem,f_59_contractions,f_60_that_deletion,f_61_stranded_preposition,f_62_split_infinitive,f_63_split_auxiliary,f_64_phrasal_coordination,f_65_clausal_coordination,f_66_neg_synthetic,f_67_neg_analytic
AgnesG,19C,nonquotes,76.96956615583855,9.777681847614936,7.986186056550831,3.108137276063026,4.3384416145046405,60.91085689617958,1.1655514785236347,57.50053960716598,11.159076192531836,3.1944744226203325,2.5685301100798617,3.4319015756529248,0.9712928987696957,16.684653572199437,2.9786315562270667,165.87524282322468,8.80638894884524,0.9497086121303691,21.627455212605224,1.5972372113101663,2.2447658104899633,0.2805957263112454,1.2303043384416146,23.7211310166199,2.9786315562270667,0.34534858622922515,0.6475285991797971,0.47485430606518453,1.4245629181955537,0.25901143967191886,1.4893157781135333,0.453270019425858,1.1223829052449816,1.5756529246708397,0.7554500323764299,1.2518886250809411,3.2376429958989856,11.26699762572847,106.06518454565077,48.58622922512411,4.813295920569825,79.9266134254263,0.5695937384337376,4.359092681658651,2.8491258363911074,3.453485862292251,0.19425857975393912,3.582991582128211,6.755881718109216,0.5180228793438377,4.057845888193396,7.058061731059788,3.582991582128211,6.410533131879991,9.734513274336283,17.677530757608462,3.367148715734945,1.5109000647528599,0.38851715950787824,0.8202028922944097,1.2518886250809411,0,4.791711633930499,9.194906108353118,16.03712497301964,2.7843729764731275,8.676883229009281
AgnesG,19C,quotes,31.138090662939995,7.6862608088042625,61.09703904271115,1.9215652022010656,5.458992051707573,63.542667481876144,38.955367280985236,48.213817800681284,17.163071010568608,4.934928814743646,3.974146213643113,7.3368853174949775,1.4848458380644598,7.9919643636998865,1.6158616473054415,138.09066293999476,5.633679797362215,0.17468774565464232,35.59262817713337,2.183596820683029,1.7032055201327627,0.2620316184819635,3.4064110402655254,22.884094680758146,0.6987509826185693,0.08734387282732116,0.2620316184819635,0.34937549130928464,1.048126473927854,0.21835968206830292,0.8734387282732117,0.34937549130928464,0.43671936413660584,0.8734387282732117,0.6550790462049088,0.9607826011005328,8.122980172940869,9.651497947418989,71.70931959123068,29.565900952048214,7.55524499956328,101.10053279762424,0.5233294813102805,3.898429459931093,1.7905493929600838,3.886802340815792,0.4803913005502664,4.105162022884095,9.651497947418989,0.9607826011005328,4.672897196261682,12.315486068652284,6.72547820770373,17.861821993187178,7.51157306314962,28.124727050397414,3.1443794217835617,0.829766791859551,20.39479430517949,1.5721897108917808,1.3975019652371385,0,3.4064110402655254,6.070399161498821,23.84487728185868,3.624770722333828,20.176434623111188
alli,19C,nonquotes,86.49851456437085,21.080166179412217,10.084391681560477,2.669049676281558,4.840981452767881,6.793944630534876,2.61578704416064,96.37577378768331,11.362694852462509,3.456153017624013,2.686803886988531,3.000461609478381,1.1540236959532235,9.001384828435144,2.840673713115627,193.7161930237788,10.611099932534,1.1066791340679631,27.288221856616996,2.5270159906257765,6.551303750872916,1.189532117367169,1.2842212411376899,15.836755950619622,4.178157586374235,0.21305052848367204,0.7397587794571946,0.4201829867316865,0.7160864985145644,0.4497733379099743,3.728384248464261,1.4913536993857044,2.3139654621421046,0.6509877259223312,0.467527548616947,1.787257211168582,2.414572656148283,12.126125912862333,110.95198077810788,32.460615242581696,6.6755832258217245,75.58559304981831,0.5092851253151416,4.230636792031312,2.337637743084735,3.604104773515452,0.2189685987193296,4.811391101589594,5.320345141856143,0.39059263555339874,7.373915513629316,7.29106253033011,4.178157586374235,8.49834885840425,18.132967202054754,17.46422526542545,4.077550392368057,0.9113828162912637,0.7930214115781126,0.45569140814563186,0.25447702013327494,0,4.911998295595772,3.12474108442719,16.00837998745369,3.0596423118349567,10.871495022902932
alli,19C,quotes,22.219380414974903,14.003005211164039,82.30229014141543,2.205952875731321,5.744002898643393,77.43214297132262,40.04816863284206,42.66973581849377,21.750482219167278,6.287498534693138,5.5841512409817025,7.864701556955145,1.4386649189552096,3.175719598878907,1.6624572396815755,134.36064665323912,5.434956360497458,0.38364397838805586,43.14929079147884,2.898643392265311,5.424299583320012,0.9164828372603557,3.527393245734625,19.93883009900146,0.4688981958076239,0.06394066306467598,0.2557626522587039,0.21313554354891995,1.0337073862122617,0.5754659675820838,1.0976480492769376,0.6074362991144218,0.39430075556550187,0.13853810330679797,1.1829022666965057,0.8951692829054637,7.662222790583671,8.86643861163507,72.77513134477871,17.24266547310762,8.663959845263596,104.40444600743844,0.4797556133478884,3.694477578970621,0.7672879567761117,2.9945543868623252,0.8951692829054637,5.999765550902096,8.994319937764422,0.7566311795986658,5.541524132271919,10.017370546799237,8.663959845263596,22.752219273847203,8.49345141042446,32.652365271694535,3.207689930411245,0.6926905165339898,31.77850954314396,1.5772030222620075,0.5328388588722999,0,4.070888881784371,1.9715037778275093,19.064974370450887,2.0354444408921855,26.982959813293263
Antoni,19C,nonquotes,75.69169052686378,12.065348869256328,6.66809572660042,3.9732969943807324,7.739890676915068,2.786666870818086,0.2985714504447949,73.37967570547075,11.062455022890477,1.240219871078379,0.8038462127359863,0.13014652968106444,0.681355361271455,23.75556950590253,3.2306962073770116,207.0095389750578,8.451868751052656,1.209597158212246,10.863407389260615,0.9263370642005175,0.9646154552831835,0.2143589900629297,0.4669963712085254,12.272052181102724,3.475677910306074,1.5005129304405078,2.3120148213930274,1.0105495245823828,3.0086815390975485,0.9722711334997167,3.7283152914516697,1.355055044326377,1.7301832769365038,1.7225275987199706,0.007655678216533203,0.834468925602119,1.2631869057279785,10.534213225949687,141.93627413452558,62.36315475187947,2.7790111926015526,58.703740564376595,0.5699011119387513,4.7353855625673384,1.515824286873574,2.2967034649599607,0.07655678216533203,1.2708425839445117,4.034542420112998,0.7732234998698535,4.509194469538056,2.5034067768063575,0.6201099355391895,1.661282172987705,2.72542144508582,8.903553765828114,2.8096339054676855,2.1359342224127635,0.015311356433066406,0.3291941633109277,0.4669963712085254,0,4.348425226990859,11.468205968366737,7.739890676915068,2.388571603558359,2.373260247125293
Antoni,19C,quotes,35.885873795528354,15.943312666076174,53.35910030329871,2.6035375902514963,6.012292991920981,78.69662076925141,31.45717583272942,37.89891832407333,10.09206323643879,2.388812840540033,1.7714791851195748,1.0199425611294521,1.100464342271251,13.178731513541079,2.0667257159728374,184.07279169015217,9.877338486727327,1.0199425611294521,24.45178087339292,1.5299138416941782,3.301393026813753,0.4562900931368602,1.3151890919827147,15.406500791797514,0.8857395925597874,0.7246960302761897,0.9662613737015863,0.21472474971146363,2.684059371393295,2.200928684542502,3.301393026813753,1.6372762165499102,1.0467831548433852,0.5368118742786591,0.40260890570899427,0.8052178114179885,3.1403494645301553,8.45478701988888,118.50122124701399,27.538449150495207,6.81751080333897,54.54008642671176,0.5198277850127516,4.1767191495088145,0.9125801862737204,1.1273049359851839,0,0.7515366239901227,4.697103899938266,0.5636524679925919,5.797568242209517,5.36811874278659,4.616582118796468,14.708645355235257,3.381914807955552,17.580588882626085,3.2745524330998204,0.5368118742786591,0.08052178114179885,0.48313068685079313,0.7246960302761897,0,3.7308425262366804,6.09281477306278,10.709396891859248,3.0866682771022895,6.790670209625037
arma,19C,nonquotes,83.18102017748491,15.632139679180394,15.079002428994011,3.282749332627883,6.589548110916043,22.516293499434838,3.2707246097977443,71.16832207017629,10.263100935523436,1.1423486688631828,2.5011423486688633,1.3106947884851254,1.0281138019768645,12.896515235323825,2.783723335177124,212.78348284072052,6.204756980351603,0.6733844784877708,17.471922272191627,1.8578196772564393,1.3768307640508886,0.28859334792333036,1.4549914624467906,15.511892450879007,3.661528101777254,0.6733844784877708,1.3287318727303337,0.661359755657632,1.9239556528222024,0.5831990572617302,3.1925639114018423,1.4850532695221375,1.412904932541305,1.148361030278252,0.10822250547124888,0.2465068180178447,2.7115749981962916,8.86222072581227,124.05906543854164,43.5355090065174,3.643491017532046,61.9934585507804,0.5272843604037969,4.3908118198233375,0.8898294894302686,1.617325220653664,0.15030903537673457,1.4189172939563743,4.882037469036339,0.36675404631923236,5.1044948413939055,4.749765517904812,1.1303239460330439,3.439070729419687,11.585820446838701,15.235323825785816,4.016257425266348,1.0341261633919339,1.4970779923522763,0.8537553209398523,0.535100165941175,0,3.5412808734758663,5.230754431110363,8.399268896851927,1.6834611962194272,3.9080349197950985
arma,19C,quotes,39.337623312892276,15.118214638294193,55.45747371606869,2.3851902027051373,6.017020601990301,73.46529944585762,31.52630554935038,35.65535082472815,13.965252606775094,2.911229129585726,4.229929453135696,3.718302551649096,1.4339965267018802,9.62723296318448,2.4500443169780866,175.10610853696323,5.988196551202323,0.5260389268805892,29.328471676767094,2.478868367766064,2.2771000122502216,0.367506647546713,2.7238727994638725,21.11361720219351,1.008841777579212,0.14412025393988745,0.7133952570024429,0.367506647546713,1.3259063362469645,0.4323607618196623,2.4572503296750807,1.261052221974015,0.8575155109423303,0.8214854474573584,0.2305924063038199,0.37471266024370736,6.2043769321121545,8.625597198302263,102.25332017035014,32.96030207605226,5.411715535442774,69.48758043711673,0.518298903695781,4.028570583756533,0.7854553839723866,2.8679930534037603,0.33147658406174113,2.2987180503412046,5.735986106807521,0.49721487609261167,6.723209846295749,9.00030985854597,3.076967421616597,9.929885496458244,9.749735179033385,21.776570370316993,4.69832027844033,0.8575155109423303,12.97082285458987,0.9656057013972459,0.9944297521852233,0,3.415650018375332,3.4949161580422703,11.616092467554928,1.9600354535824691,11.183731705735266
basker,19C,nonquotes,91.19351100811124,15.565855542680572,14.36848203939745,6.025492468134415,4.441869447663191,48.62881421398223,2.8968713789107765,47.27694090382387,14.638856701429123,2.0471224410969486,2.5878717651602936,1.2359984550019312,0.7338740826573967,9.84936268829664,1.7767477790652761,199.76825028968713,6.373117033603708,1.08149864812669,23.290845886442643,3.1286210892236386,3.514870606411742,1.2746234067207416,0.772499034376207,10.312862108922364,2.549246813441483,0.4248744689069139,1.0428736964078795,0.6952491309385863,0.19312475859405176,0.19312475859405176,6.1027423715720355,1.5836230204712245,2.20162224797219,1.1587485515643106,0.19312475859405176,0.23174971031286212,2.317497103128621,10.351487060641174,118.61722672846659,51.33256083429896,5.5233680957898805,60.679799150251064,0.5564225609038485,4.242274029896987,1.5063731170336037,2.008497489378138,0.0772499034376207,2.742371572035535,5.48474314407107,0.3862495171881035,6.257242178447277,6.1027423715720355,2.5106218617226728,3.1286210892236386,10.621861722672847,14.522981846272693,2.7809965237543453,1.6222479721900347,0,0.6179992275009656,0.3089996137504828,0,3.398995751255311,6.913866357667053,16.183854770181537,1.9312475859405176,3.978370027037466
basker,19C,quotes,41.80927652543373,15.814941579133718,59.33553640977222,2.5079664817656084,4.42582320311578,57.1521302962351,28.266257523899444,38.88823321137732,20.506314174436444,5.3995043078012515,4.27829576301192,4.455328691136551,2.153900625516346,8.143514693733035,1.26873598489319,179.89496046264605,5.3995043078012515,0.5310987843738936,40.009441756166645,4.5143396671780955,7.317361029151422,1.298241472913962,1.711318305204768,15.932963531216807,0.649120736456981,0.08851646406231559,0.649120736456981,0.29505488020771864,0.5901097604154373,0.7081317124985247,4.455328691136551,1.7703292812463118,1.2097250088516465,0.5606042723946654,0.7081317124985247,0.6786262244777529,4.661867107281955,8.468075061961525,91.17195798418506,31.275817302018176,6.992800660922931,74.61937920453204,0.525393141850536,4.019652215340638,1.534285377080137,2.5669774578071523,0.11802195208308745,4.6913725953027265,6.255163460403635,1.0326920807270152,8.881151894252332,11.035052519768676,4.8684055234273576,10.474448247374012,7.081317124985247,25.286203233801487,3.1570872182225895,1.4162634249970494,5.7535701640505135,0.5606042723946654,0.35406585624926235,0,3.245603682284905,3.00955977811873,15.667414139029859,2.7145048979110116,11.064558007789449
cran,19C,nonquotes,91.05428343268892,15.079763032295206,7.335599012015526,2.3028209556706964,3.9742232622058795,36.046576410942116,0.6128475123962338,60.78333054766282,10.641261351607332,2.0056827678422198,2.284249818931417,2.2285364087135773,1.2628372982710272,10.362694300518134,2.6185302802384536,205.15534755882408,8.487009489850873,0.8728434267461511,24.346760265195833,1.3928352554459857,2.95281074154549,0.6128475123962338,2.061396178060059,18.403996508626292,2.284249818931417,0.42713614500343566,1.2999795717495868,0.389993871524876,1.0399836573996695,0.37142273478559623,3.3799468865489257,0.9471279737032704,2.1171095882778985,2.0985384515386185,0.5385629654391145,1.2628372982710272,4.531357364384274,12.869797760320909,107.61973740412651,38.96224487900904,5.589912158523223,73.65312830798374,0.5524988306391259,4.265861875350926,1.7271157167530224,3.472802570245325,0.44570728174271546,4.252790313295077,6.202759670919457,0.389993871524876,4.568499637862834,6.425613311790815,2.562816870020614,4.289932586773636,9.82413133507902,18.979701747543967,4.382788270470035,1.2999795717495868,0.8914145634854309,0.9471279737032704,1.0956970676175088,0.018571136739279813,4.327074860252196,6.852749456794251,15.191189852730886,1.4299775289245455,7.7627351570189616
cran,19C,quotes,56.418331885317116,13.68375325803649,51.25977410947002,2.0634231103388356,4.724152910512598,72.05690703735881,17.321894005212858,46.264118158123374,17.10469157254561,2.1177237185056472,2.8779322328410077,3.855343179843614,0.9774109470026064,4.398349261511729,2.2263249348392704,175.87966985230236,6.244569939183319,0.38010425716768026,34.42658557775847,1.9005212858384013,2.0091225021720245,0.10860121633362294,3.2037358818418764,19.059513466550825,1.3032145960034753,0.10860121633362294,0.5973066898349262,0.705907906168549,1.0317115551694178,0.10860121633362294,1.629018245004344,0.27150304083405735,0.43440486533449174,0.8688097306689835,0.43440486533449174,0.814509122502172,5.7558644656820155,10.045612510860122,79.17028670721112,27.910512597741096,6.787576020851434,89.21589921807124,0.5298907975800633,3.885508451094486,0.43440486533449174,3.4209383145091223,0.5973066898349262,5.973066898349262,8.579496090356212,1.1946133796698524,5.212858384013901,8.742397914856646,4.887054735013032,12.109035621198958,6.461772371850564,29.15942658557776,3.3123370981754996,1.0860121633362294,12.652041702867072,1.4661164205039097,1.737619461337967,0.05430060816681147,3.5295395308427455,4.669852302345786,23.457862728062555,2.823631624674196,16.181581233709817
Deronda,19C,nonquotes,79.54204793650341,15.212725966319777,8.936346376211617,2.9026471190037735,4.4396225607057715,3.3166312163043115,0.9659628937012558,79.6990763872036,9.902309269912873,1.793931088302332,2.740860230403563,1.303811984601695,1.2657444814016454,21.11318896232745,4.687061331506094,195.90012990535467,7.808596593910151,1.180092599201534,22.916636926429792,2.127021741302765,3.1025015108040335,0.7613500640009897,1.1705757234015217,17.920277131423298,4.068464404505289,0.40446722150052583,1.0896822791014167,0.9136200768011877,1.7748973367023073,0.3711581562004825,6.147901766807992,1.0516147759013672,1.8462739052024002,1.6178688860021033,0.39970878360051965,0.5281866069006866,2.812236798903656,9.336055159812137,125.02319738476253,50.81535833416606,6.052733008807868,64.52441792408388,0.5655682609151673,4.571608884281655,1.636902637602128,2.764652419903594,1.0040303969013051,1.9319257874025115,5.729159231607448,0.22364658130029075,7.113864660509248,6.385823661808302,2.3078423815030003,5.01539354660652,13.395002688517414,17.06851674732219,3.2214624583041878,2.4648708322032045,0.07137656850009279,0.43301784890056294,0.6804566197008846,0.004758437900006186,3.782958130504918,6.428649602908357,11.648655979215143,1.9557179769025423,7.989417234110387
Deronda,19C,quotes,34.52934285606318,13.537769716207535,67.09367796546121,2.42791822544685,4.959755129803877,76.46525337263348,34.907228961191095,33.282318709141066,18.223557419793675,4.874730756150097,6.726372671276877,4.629104787816952,1.568227336280845,7.945055360314401,3.041983146279711,149.52953179911574,7.7088765446094545,0.39678041038431017,40.792805048558364,3.3159505724974494,3.3065034198692516,0.7368779049994332,3.127007519933492,21.34111778709897,0.5857234629482674,0.056682915769187166,0.5006990892944866,0.37788610512791443,1.7099346257038128,0.3684389524997166,2.7113328042927862,0.5384876998072781,0.32120318935872727,0.5951706155764652,1.2186826890375242,0.5951706155764652,5.488795676982957,7.482144881532706,87.0460643162151,26.612628953633376,9.664437138646411,76.4085704568643,0.5191804168681783,3.92599560388931,1.086422552242754,2.5507312096134225,0.8596908891660053,2.7585685674337754,6.216226429354193,0.4818047840380909,4.865283603521899,11.024827117106904,7.11370592903299,16.551411404602653,6.820844197558856,26.971620753504894,3.202584740959075,1.1808940785247326,8.56856743377546,1.1808940785247326,1.1997883837811283,0,3.485999319805011,4.978649435060273,17.496126667422438,2.626308430639005,17.496126667422438
dorian,19C,nonquotes,109.0626771498287,15.60150839228058,5.964557710792892,4.337860153303922,2.9329849900179923,2.587927932368817,0.2957631922707219,87.05296625834914,15.5275675942129,2.7851033938826313,2.7604564611934044,1.3309343652182486,1.4295220959751558,8.478544845094028,2.070342345895053,219.11123160722647,6.556084095334335,0.8872895768121657,22.699825006777907,3.4752175091809825,1.6266975574889706,0.566879451852217,1.0844650383259804,12.34811327730264,5.397678258940675,0.4929386537845365,1.3309343652182486,0.8872895768121657,5.027974268602272,1.7499322209351047,2.587927932368817,0.1971754615138146,1.6020506247997437,0.2957631922707219,0.14788159613536095,0.566879451852217,1.6513444901781973,8.3306632489586665,116.90040174500284,50.47691814753654,5.373031326251448,53.04019914721613,0.5563979190521232,4.336293474496611,0.2957631922707219,2.316811672787322,0.17252852882458777,1.7745791536243314,4.0420969610332,0.12323466344613412,2.9329849900179923,3.4752175091809825,0.7394079806768048,4.0667438937224265,8.355310181647894,11.95376235427501,2.4646932689226824,2.982278855396446,0.024646932689226825,0.44364478840608285,0.7640549133660316,0,2.8590441919503116,6.753259556848151,11.263648238976659,1.4541690286643827,3.6477460380055704
dorian,19C,quotes,32.306364836057256,13.399654857374886,87.02162217033803,2.6393259567556595,5.1010049741143035,71.92163232159172,42.559131052685004,34.05745609582784,21.749061009034616,5.1010049741143035,7.055121307481474,4.618820424322404,1.6242005887727133,6.699827428687443,1.3957973809765507,156.3800629377728,5.1010049741143035,0.22840320779616283,47.17795147700741,2.9946198355496905,2.969241701350117,0.5583189523906202,2.8931072987513957,17.13024058471221,0.32991574459445744,0.05075626839914729,0.32991574459445744,0.2791594761953101,2.1063851385646126,1.3450411125774033,2.131763272764186,0.431428281392752,0.6344533549893412,0.2791594761953101,0.8374784285859304,0.3806720129936047,4.060501471931784,6.014617805298954,81.41305451223226,31.367373870673028,10.7857070348188,89.96548573748858,0.5146908088706577,3.934909109634894,0.7867221601867831,3.375291848543295,0.5836970865901939,4.415795350725815,8.247893614861436,0.7867221601867831,4.162014008730078,6.674449294487869,6.319155415693838,11.82621053700132,6.649071160288296,24.48989950258857,3.1468886407471324,1.3450411125774033,10.963353974215815,1.3450411125774033,1.142016038980814,0.025378134199573646,3.8320982641356207,2.5378134199573648,13.298142320576591,2.1063851385646126,19.591919602070856
dracula,19C,nonquotes,85.74961702441816,11.157047673538694,26.716007456488438,4.281943854856869,6.247577564090733,59.688820804341006,1.7995238183126927,54.33639098576992,13.611782728262675,2.2886251638028092,2.768498182019527,2.2701685092560124,0.673667890958085,7.336520182351747,5.204776582196711,181.08746608589726,6.155294291356749,0.6921245455048818,25.87622967460918,3.6728742548125726,3.4975360366180026,0.9689743637068345,1.5965006182979273,15.780439637511305,2.260940181982614,0.24916483638175743,0.7013528727782802,0.7013528727782802,0.9505177091600376,0.4429597091231243,2.528561672911168,0.9412893818866392,0.8766910909728503,1.4119340728299588,0.12919658182757793,1.5319023273841383,3.2391428729628466,14.414647201048338,102.83125080747864,35.36295011166276,7.059670364149794,75.90299182370204,0.5374018876837435,4.049095295536791,1.2089108728151936,2.999206363854488,0.7474945091452724,2.251711854709215,6.192207600450343,0.3875897454827338,3.4144810911574166,8.25935290969159,3.1653162547756595,5.315516509477492,8.766910909728503,20.828334656060242,3.534449345711596,3.285284509329839,0.6275262545910928,1.0058876728004282,0.7105812000516787,0.05536996364039054,2.9069230911205035,6.3767741459183105,16.011147819346267,1.87335043649988,7.890219818755653
dracula,19C,quotes,28.786968923585047,10.283741180003002,68.64584897162588,2.58970124605915,6.1927638492718815,68.51448731421708,28.768202972526648,42.99279387479358,15.744632937997297,4.785317519891908,3.11514787569434,5.123104638943102,1.4825101336135715,4.391232547665516,1.9141270079567632,161.78126407446328,5.404593904819096,0.469148776459991,38.63909322924486,4.522594205074313,3.340339288395136,0.7131061402191863,2.7773607566431466,17.24590902266927,0.6192763849271881,0.07506380423359856,0.43161687434319174,0.3190211679927939,2.10178651854076,0.8819996997447831,2.3645098333583547,0.8069358955111845,0.5066806785767902,0.6943401891607867,0.7694039933943853,1.0696592103287794,5.72361507281189,10.508932592703799,85.98558774958715,28.843266776760245,8.35084822098784,85.04729019666716,0.5118289247291498,3.7749824767461684,1.0696592103287794,2.4395736375919532,0.39408497222639244,1.9704248611319621,8.538507731571835,1.0884251613871792,6.924635940549467,12.179102236901366,5.686083170695091,14.56237802131812,5.029274883651103,22.800630535955563,2.6459990992343494,0.938297552919982,5.817444828103889,0.9758294550367813,1.2385527698543761,0.05629785317519892,2.7398288545263476,5.517189611169494,18.76595105839964,2.7398288545263476,16.420207176099684
emma,19C,nonquotes,83.10369653186366,15.1312032968397,2.941833618827735,2.159827213822894,5.573347235669423,1.4274720091358208,0.6827040043693057,83.22782453265808,14.622278493582582,1.5764256100891239,2.631513616841687,2.13500161366401,1.4398848092152627,19.57498572527991,3.8852064248653213,184.45420918050695,11.978352076661453,1.2164544077853081,29.80313299074005,2.4453216156500583,2.5694496164444773,0.5337504034160026,1.4771232094535884,21.98306894069164,1.9736352126312653,0.2730816017477222,0.7571808048459572,0.3599712023038157,0.7944192050842829,0.32273280206548993,2.5694496164444773,1.0054368064347956,0.5834016037337703,1.9115712122340558,0.16136640103274497,1.4398848092152627,1.700553610883543,8.86273925672153,105.62051587597131,39.27409945135424,6.690499242819195,85.9586405501353,0.541101474495715,4.469773331327416,2.3087808147761972,4.046572825898066,0.471686403018793,7.944192050842829,9.706809662123582,0.2606688016682803,3.599712023038157,9.930240063553537,4.766515230505697,4.878230431220675,10.873612869591122,18.7433281199573,4.245177627169137,2.494972815967826,0.0620640003972096,0.7571808048459572,1.4274720091358208,0,6.52913284178645,7.025644844964127,14.746406494377002,2.991484819145503,9.917827263474095
emma,19C,quotes,28.65214373561609,12.481278082875686,63.29530095101251,1.8387053565992475,4.261899833177064,62.23591442105135,28.846973442275612,44.18981284171304,18.11916271933563,3.287751299879449,3.3851661532092105,5.041218659815155,1.9848276365938897,10.837402432935962,2.411017619911596,151.7966952011008,6.989515726410384,0.48707426664880726,42.26586948845025,2.946799313225284,2.3014259099156145,0.7914956833043119,2.618024183237339,19.40990952595497,0.7306113999732109,0.133945423328422,0.2922445599892844,0.12176856666220182,0.7549651133056513,0.5114279799812477,1.5221070832775228,0.5966659766447889,0.24353713332440363,0.9497948199651742,0.4627205533163669,0.6575502599758898,4.359314686506825,8.730806229679871,81.58493966367521,30.369080525553134,8.621214519683889,103.24756767288092,0.5148984998286917,4.015082120607717,1.4490459432802016,3.092921593219926,0.6819039733083302,11.129646992925247,11.34883041291721,0.9741485332976145,4.0792469831837606,12.249917806217503,7.951487403041779,14.660935426129099,7.720127126383596,29.33404770892442,3.6043495732011737,1.3759848032828805,0.5601354066461284,1.2907468066193393,1.4368690866139815,0,5.150810369811137,3.9331247031891188,16.414402786064805,2.8006770332306417,18.411407279324916
frank,19C,nonquotes,85.55104168929634,13.208489930698876,15.598183832634529,3.3672959527275097,4.062479633290608,81.42338858595295,2.9979796224283635,35.08505137841889,9.298081727531446,2.932806152375573,1.1513979709326323,0.5865612304751145,1.477265321196585,20.42102061654103,3.997306163237818,183.18089982837654,9.47187764767222,2.107275531706893,19.465143055766767,0.8472551106862767,3.041428602463557,0.4562142903695336,0.934153070756664,16.358540983250418,1.8900306315309248,0.673459190545502,1.2817449110382133,0.49966327040472724,2.7372857422172014,0.651734700527905,3.4324694227803003,2.0421020616541026,2.150724511742087,1.8248571614781344,0.10862245008798418,0.6951836805630988,2.259346961830071,8.711520497056332,114.90082770306967,42.86241880471856,5.90906128478634,60.28545979883122,0.5608063613046189,4.454183440322054,2.085551041689296,3.584540852903478,0.2824183702287589,1.607612261302166,5.496295974452,0.30414286024635573,7.451500076035715,6.647693945384632,2.9762551324107664,4.496969433642545,5.604918424539984,16.727857313549563,3.997306163237818,1.8465816514957312,0,0.651734700527905,0.4127653103343399,0,4.73593882383611,10.883969498816015,18.574438965045296,2.172449001759684,6.234928635050292
frank,19C,quotes,64.72846955567745,11.690894130554032,35.895501919912235,2.434174437739989,4.696928140427866,76.83077345035656,25.507405375754253,33.01563357103675,9.051014810751509,3.874108612177729,1.6456390565002743,0.994240263302249,1.6456390565002743,17.313494240263303,3.154141524958859,173.78634119583106,8.948162369720242,1.6799232035106966,25.19884805266045,0.5828304991771804,3.9426769061985736,0.4799780581459133,1.4056500274273176,15.496434448710916,1.3027975863960504,0.7885353812397148,0.8571036752605595,0.27427317608337903,2.0570488206253428,1.0628085573230939,3.256993965990126,2.2284695556774547,2.2284695556774547,1.3370817334064728,0.4114097641250686,0.71996708721887,3.256993965990126,7.851069665386725,101.78963247394405,41.31239714755897,8.913878222709819,64.41991223258366,0.5439101984775279,4.356552173763854,2.3998902907295667,3.0170049369171696,0.17142073505211192,2.708447613823368,5.554031815688425,0.27427317608337903,8.296763576522217,7.988206253428415,3.1884256719692816,9.35957213384531,4.3883708173340645,20.090510148107516,4.1826659352715305,1.6456390565002743,0.03428414701042238,0.34284147010422383,0.13713658804168952,0,4.868348875479978,11.759462424574876,19.850521119034557,2.2970378496982997,9.22243554580362
jane,19C,nonquotes,103.4829635645465,10.806969618664402,9.358042009671822,3.8576543984643212,7.060061279486138,63.44826313263686,1.5781313448263132,52.92738750046144,13.547934585994316,1.6796485658385323,1.956513714053675,1.5043006386356086,0.6921628705378567,12.984975451290191,3.008601277271217,193.94403632470744,7.346155265975119,0.6552475174425043,20.746428439588026,1.5781313448263132,1.2274354904204658,0.23072095684595223,1.3104950348850086,15.246040828380524,3.276237587212522,0.8951973125622946,1.4396987707187419,0.8675107977407804,0.7936800915500757,0.09228838273838089,1.8457676547676178,0.2399497951197903,1.2182066521466277,1.3012661966111705,0.5906456495256377,0.7198493853593709,1.864225331315294,9.422643877588689,101.33264424674222,40.736092140721325,5.79571043597032,71.76344641736499,0.5805073779375122,4.297672307592556,1.6058178596478276,3.230093395843331,0.35992469267968547,2.27029421536417,4.835911255491159,0.62756100262099,5.712650891505778,4.715936357931263,1.9103695226844846,3.839196721916645,8.859684742884566,17.350215954815607,3.940713942928864,2.6486765845915317,0.1753479272029237,1.338181549706523,0.6921628705378567,0,3.5623315737015027,10.031747203662004,14.277012809627523,3.0639743069142455,6.847797999187862
jane,19C,quotes,34.417573000289856,9.69136347023907,65.62149491486976,2.545715762013384,6.124840892764874,66.80613492293539,45.09193562615786,33.29594575861069,15.816204363003944,3.100228106214319,3.175843425878083,4.02021449545678,1.928190651425979,9.855196662843893,1.8399727784849211,175.2259007674955,6.830583876293337,0.49149957781446524,35.564405348523614,1.9912034178124487,1.4744987334433957,0.3276663852096435,2.1676391636945644,17.668779694766158,0.8317685163014027,0.2520510655458796,0.7687557499149328,0.4410893647052893,0.8065634097468147,0.2520510655458796,1.6005242662163355,0.5797174507555231,0.8569736228559907,0.642730217141993,1.0838195818472822,0.592320004032817,4.310073220834541,8.103441757300029,83.06342865064462,31.292139787520952,8.922607720324137,80.64373842140418,0.5466993666877771,4.003049632773386,1.0460119220154003,2.6717412947863237,0.4410893647052893,2.9616000201640853,5.897994933773583,0.8191659630241087,6.0240204665465225,8.29248005645944,5.330880036295353,14.858410313929602,6.17525110587405,21.613378870559174,3.163240872600789,0.8443710695786967,4.625137052766891,1.1594349015110461,0.8191659630241087,0,3.4278944914239626,7.271673240998626,17.303305649724635,3.4909072578104325,14.27869286317408
Jekyll,19C,nonquotes,94.39384081544134,12.036434612882237,6.6146172196920405,3.0904359141184123,6.723053567555845,36.00086749078291,0.9759271307742355,41.2058121882455,11.711125569290827,3.2530904359141184,1.5181088700932552,0.9759271307742355,0.9217089568423336,14.367816091954023,2.5482541747993928,204.89047928865756,9.867707655606159,0.7048362611147256,20.92821513771416,1.789199739752765,1.0843634786380394,0.32530904359141183,0.5421817393190197,14.04250704836261,2.6024723487312946,0.7048362611147256,1.4096725222294513,0.6506180871828237,2.439817826935589,0.5421817393190197,1.3012361743656473,0.8132726089785296,2.114508783344177,1.4096725222294513,0.32530904359141183,0.9217089568423336,1.4096725222294513,8.51225330730861,123.07525482541747,40.98893949251789,5.0965083495987855,71.83908045977012,0.5498887503463563,4.2955399444535205,2.331381479071785,2.5482541747993928,0.2168726957276079,2.331381479071785,5.476035567122099,0.7048362611147256,8.186944263717198,3.8494903491650403,1.4638906961613534,3.1988722619822165,11.54847104749512,11.385816525699415,2.3855996530036867,2.114508783344177,0.054218173931901974,0.9217089568423336,0.32530904359141183,0,5.421817393190198,9.542398612014747,14.205161570158317,1.7349815658208632,3.8494903491650403
Jekyll,19C,quotes,31.480241125251172,12.190221031480242,74.34695244474213,2.0093770931011385,5.35833891493637,69.25653047555258,37.508372404554585,25.184192900200937,23.710649698593436,7.635632953784327,4.822505023442733,4.152712659075687,1.3395847287340925,4.822505023442733,1.4735432016075016,172.13663764233087,8.037508372404554,0.40187541862022774,40.72337575351641,4.420629604822505,2.2772940388479572,0.40187541862022774,2.4112525117213663,18.218352310783658,0.6697923643670463,0.8037508372404555,0.40187541862022774,0.9377093101138647,1.4735432016075016,0.9377093101138647,1.3395847287340925,0.2679169457468185,0.535833891493637,0.40187541862022774,0.535833891493637,0.6697923643670463,7.367716008037508,6.5639651707970526,83.85800401875419,23.308774279973207,7.635632953784327,77.69591426657736,0.5156177469572601,3.791717583163612,1.071667782987274,2.4112525117213663,0.9377093101138647,4.822505023442733,6.697923643670462,1.607501674480911,9.778968519758875,10.984594775619557,5.760214333556598,11.252511721366377,5.492297387809779,30.14065639651708,4.286671131949096,1.4735432016075016,8.573342263898192,2.679169457468185,0.6697923643670463,0,4.286671131949096,3.348961821835231,17.95043536503684,2.5452109845947755,11.520428667113196
Jude,19C,nonquotes,98.11244574543252,15.196886600944337,4.071195451027893,4.822628220225878,5.6637843051489964,2.310375379922165,1.323418906945706,93.59263371577897,9.959288045489721,2.2094366497313906,2.06363626167805,2.052420847212409,0.8523714993887599,12.325740497740094,4.40765788499714,196.01179861601784,7.144219014613685,1.0766797887015915,19.492390341285063,1.6935275843118782,2.9047923466011687,0.661709453472853,1.2673418346174983,15.152024943081772,3.8356717472494197,0.4486165786256631,1.031818130839025,1.5813734396554624,1.031818130839025,0.4037549207630968,3.588932629005305,0.7514327691979857,1.8729742157621434,2.0299900182811257,0.21309287484718997,1.6823121698462367,1.962697531487276,10.45276628197795,117.7730673037022,43.190561107185715,5.103013581866918,70.27578704171013,0.5663400421341985,4.429008512656084,2.018774603815484,3.375839754158115,0.3140316050379642,1.458003880533405,5.058151924004352,0.2467391182441147,4.822628220225878,4.564673687516122,1.379495979273914,3.3982705830893982,12.336955912205736,15.241748258806904,3.936610477440194,2.422529524578581,0.4598319930913047,0.717786525801061,0.7290019402667025,0.011215414465641577,3.76837926045557,6.561017462400323,13.133250339266288,1.2449110056862152,7.065711113354194
Jude,19C,quotes,32.48360765422186,13.548775592131674,75.25424862839556,2.509032517061421,7.242740532583969,80.72393951558945,37.836210357286234,32.16579686872742,21.510772112939918,6.724207145724608,4.7671617824167,8.162719122173156,1.9235915964137562,5.988224274053258,2.492305633614345,128.83045630938042,6.205673758865248,0.43489896962397967,40.796868727418705,2.2414023819082027,1.8901378295196039,0.41817208617690355,3.0610196708149338,20.306436504750433,0.7527097551184263,0.20072260136491368,0.38471831928275124,0.38471831928275124,1.070520540612873,0.23417636825906596,1.4552388598956243,0.5352602703064365,0.3178107854944467,0.5352602703064365,0.9032517061421116,1.321423792319015,5.4362371202997455,9.45068914759802,77.09420580757393,26.4284758463803,8.179446005620234,105.19536999866185,0.5266065925738823,3.7936849410131854,1.2377893750836344,3.7635487755921315,0.41817208617690355,2.8770239528970962,9.684865515857085,1.8232302957312994,5.268968285828985,9.467416031045095,7.76127391944333,14.08403586243811,7.276194299478121,25.993576876756322,2.776662652214639,1.1039743075070252,30.12511708818413,1.4552388598956243,1.321423792319015,0.05018065034122842,3.094473437709086,3.880636959721665,17.78067710424194,2.057406663990365,25.374682189214507
LadyAud,19C,nonquotes,88.45833614617791,14.289250433178065,5.873219469385,4.140507212133486,2.790341816872567,5.220639528342222,0.6413285627489368,76.01431175318976,7.718445509574923,1.7439636355453543,1.4289250433178065,1.0351268030333716,1.0688809379148945,11.048853484551858,2.801593195166408,236.8752672202345,5.4006615810436776,1.0463781813272126,16.190733364837193,1.8677287967776053,1.9914939580098563,0.39379824028443483,0.8663561286257566,12.005220639528343,4.005490672607395,0.6413285627489368,1.4401764216116475,1.4401764216116475,1.9689912014221742,0.2587817007583429,4.849344044645469,0.9451157766826436,3.0378721393370687,1.5751929611377393,0.2250275658768199,0.37129548369675286,1.9802425797160152,9.619928441234052,120.22097706969103,59.94734354958482,3.7579603501428926,54.87297193906254,0.559376575232541,4.495493345154068,1.1026350727964176,2.71158216881568,0.14626791781993295,3.217894192038525,3.5891896757352777,0.2362789441706609,8.404779585499224,3.7129548369675285,1.2489029906163505,2.216521523886676,10.767569027205832,10.95884245820113,2.7003307905218388,1.3614167735547604,0.2475303224645019,0.8213506154503927,0.32628997052138886,0.011251378293840996,2.9816152478678637,7.290893134408965,9.473660523414118,1.6877067440761493,3.49917864938455
LadyAud,19C,quotes,35.13501024321868,13.662759353676007,59.10260162351165,2.618567181651546,3.0344572634432616,74.18246792255202,32.65507308883104,40.449161288335056,11.891375671970549,3.8046240815760695,3.265507308883104,4.20511082700513,1.8175936907934258,7.393601454074953,1.8792070362440505,177.07675482509512,5.930284499622618,0.5545201090556214,31.73087290707167,2.248887108947798,3.6043807088615396,0.2926633908904669,2.5877605089262334,19.531430507848,0.8933935090340568,0.16943669998921768,0.6623434635942145,0.308066727253123,1.2938802544631167,0.35427673634109147,3.4349440088723218,1.0936368817485866,1.139846890836555,0.4775034272423407,0.8009734908581199,0.508310099967653,6.130527872337148,8.779901726714007,89.60120762157084,34.719120161426964,7.624651499514795,70.53187720460252,0.514311010198072,3.9365124420474973,0.6007301181435899,2.6955838634648264,0.36968007270374764,4.3129341815437225,5.545201090556215,0.2156467090771861,8.317801635834321,10.135395326627748,4.497774217895596,13.678162690038663,5.699234454182776,24.044608062106253,3.0190539270806056,0.7547634817701514,13.909212735478505,1.0474268726606182,0.6469401272315584,0.015403336362656152,3.6197840452241956,4.790437608786063,16.265923198964895,2.125660418046549,12.16863572649836
mary,19C,nonquotes,88.54202101293627,12.858517431406662,7.240812914888861,4.227857205337791,5.510793184888569,2.9254828018544257,1.4773202188766534,88.27960228984634,9.923315417585941,2.225699540281274,1.6036699744384726,1.8272118496632292,1.5647931265732975,11.808842539046934,4.363926172865904,199.05918028166278,7.201936067023686,1.069113316292315,20.410345129216925,1.9146847573598733,1.4870394308429473,0.3498916307865758,1.3995665231463033,18.174926376969356,3.518354731798346,0.5248374461798637,1.0010788325282587,0.8844482889327333,1.03023646842714,0.24298029915734431,3.7127389711242214,0.6997832615731516,1.8855271214609919,1.759177365899173,0.213822663258463,1.4481625829777722,3.382285764270233,10.9243942501142,110.38109030119838,44.6403405611873,5.403881853259338,72.55391732838301,0.5653869889745341,4.348724227435232,1.3412512513485406,3.2364975847758264,0.51511823421357,1.9438423932587545,6.579906501180885,0.5345566581461575,5.112305494270524,6.385522261855009,2.0701921488205737,4.704098591686186,8.222453323484531,17.59177365899173,3.7224581830905152,1.7397389419665854,0.4568029624158073,0.7969753812360894,0.6803448376405641,0.009719211966293773,3.566950791629815,8.329364655113764,14.102576563092265,2.011876877022811,6.813167588371935
mary,19C,quotes,43.047378067571735,9.115533712876909,62.51115111997794,3.1142036883849933,5.7418130504598315,66.50122459572121,25.903037970577262,51.076184451689294,17.030801420855433,4.103612151882309,2.1734546575186933,5.644494185197801,1.7192999529625486,1.9950367378716365,2.31943295541174,167.6641850356025,6.796100757465168,0.373055650171119,37.516422558512964,2.4491914424277814,0.7136716785882277,0.11353867613903622,3.73055650171119,19.301574943636158,1.2327056266523932,0.38927546104812416,0.373055650171119,0.42171508280213454,0.8109905438502587,0.08109905438502588,0.9731886526203104,0.3243962175401035,0.17841791964705692,0.373055650171119,0.2919565957860931,1.1516065722673674,6.179747944138971,11.759362885828752,72.59987348547516,24.39459555901578,6.763661135711158,89.90641169123968,0.5300553841381788,3.6899277287883145,0.551473569818176,2.31943295541174,1.0056282743743208,2.335652766288745,8.27210354727264,1.6868603312085382,4.622646099946475,11.013251585486513,4.249590449775356,17.728253288566655,7.607091301315426,28.74150487405317,2.4329716315507763,0.7947707329732535,33.18573305435259,1.5246622224384863,1.1840461940213778,0,3.617017825572154,5.0605809936256145,21.84808525132597,3.276401797155045,16.690185392438323
mill,19C,nonquotes,82.80104431171989,13.883623618611638,9.277207539072279,3.318908479668109,4.8210006795179,3.147240799685276,1.6594542398340546,71.63549229283645,10.91520331890848,2.088623439791138,2.9326561997067344,1.39479989986052,1.4377168198562282,16.40141625835986,4.112871499588713,210.82936947891707,7.467544079253246,1.0228532598977147,24.147920317585207,2.553556739744644,2.3747362397625262,0.6222953399377704,1.2231322198776868,16.701834698329815,4.7995422195200454,0.329029719967097,0.9441722399055827,0.7224348199277565,2.4391116197560887,0.278959979972104,4.334608919566539,0.658059439934194,1.7381352598261866,1.7524408998247558,0.6008368799399163,0.6437537999356246,2.989878759701012,10.164157218983584,118.64382532813562,53.24559207467544,5.915382139408462,69.48249347305175,0.5539659878340961,4.4263445952296605,1.1802152998819784,2.8825864597117414,0.42201637995779834,3.154393619684561,5.514824219448518,0.2718071599728193,7.961088659203891,4.892528879510747,2.6250849397374916,4.978362719502163,14.348556918565144,15.686134258431387,2.5964736597403526,1.7810521798218948,0.7152819999284717,0.3862522799613748,0.6509066199349094,0,3.905439719609456,6.723650799327635,12.195558098780444,2.009942419799006,7.560530739243947
mill,19C,quotes,24.848729326341267,10.71668683608982,73.13432835820896,2.890950652144682,5.620545919053382,72.34099771413204,41.93895387925239,31.504638967325533,18.623100712652953,4.719645018152481,6.023934382143337,6.118058356864327,1.4656447492268387,4.598628479225495,2.6892564205997043,162.52521177894312,7.287884899825198,0.29581820626596744,39.397606561785665,4.168347451929542,1.1160414145488773,0.2554793599569719,3.2943391152346377,20.223208282909777,0.6857603872529245,0.17480166733898078,0.2554793599569719,0.26892564205997044,1.0219174398278876,0.309264488368966,0.9950248756218906,0.2823719241629689,0.12101653892698669,0.18824794944197928,1.3984133387118463,0.6588678230469275,7.341670028237193,12.505042355788625,68.60293128949846,25.91098561247815,8.1887858007261,80.78526287481512,0.5098829608900786,3.730065387532014,0.6723141051499261,2.3665456501277395,0.36304961678096004,3.200215140513648,6.427322845233293,1.1294876966518757,4.81376899287347,10.219174398278875,7.099636950383219,17.856662632782037,6.292860024203308,24.741159069517277,2.0303885975527765,0.6319752588409305,41.54901169826543,1.0891488503428801,1.2505042355788625,0,3.146430012101654,5.00201694231545,17.695307247546054,3.4691407825736182,18.99959661153691
native,19C,nonquotes,96.47142415109043,13.935525275329766,5.615466599433869,5.810288910026473,5.535245648013386,1.6617197079957369,0.8709703297081104,71.77483124949862,11.208012927033314,2.8764941152202064,2.039904193263732,1.3064554945621656,0.8480500578736864,13.637561741482253,4.091268522444676,212.5969814001994,8.57218166607456,1.3064554945621656,21.659656883530637,1.558578484740829,2.3607879989456677,0.504245980357327,1.1918541353900458,14.073046906336309,3.9881272991897685,0.5615466599433869,1.4210568537342854,1.1574737276384097,0.7678291064532026,0.4011047571024192,4.904938172566727,0.7334486987015666,1.7075602516645847,1.9711433777604603,0.2177425824270276,1.3752163100654373,1.8221616108367045,8.881605335839284,124.97278217719662,43.98400165025957,5.04245980357327,67.90130530948097,0.5693390801289431,4.5028549676437,1.7534007953334327,3.5068015906668655,0.3323439415991474,1.4210568537342854,4.618434774636428,0.19482231059260363,6.016571356536288,4.882017900732302,1.031412232549078,2.979635338475114,13.545880654144558,13.809463780240433,3.0483961539783864,2.074284601015368,0.08022095142048384,0.6646878831982947,0.5730067958605989,0,3.8849860759348607,6.096792307956773,11.230933198867739,1.592958892492465,5.707147686771565
native,19C,quotes,33.642305198787476,16.225403444831876,69.36973243854146,3.048833908640115,7.8673932470081125,74.5387324560635,38.86387131818262,34.74619333812269,18.853708538487147,6.938725447249917,5.151477983564332,6.272888156857248,2.4706067880359552,3.3642305198787477,1.927423735347199,137.5129225000438,5.869881375830106,0.45557288290024706,39.21431199733665,3.48688475758266,3.048833908640115,0.5782271206041597,3.697149165075082,20.220427187187887,0.5782271206041597,0.10513220374621086,0.43805084894254526,0.24530847540782533,1.3667186487007412,0.3504406791540362,1.7697254297278828,0.45557288290024706,0.10513220374621086,0.3329186451963344,1.2615864449545304,0.9637118676735995,6.167755953111037,8.480664435527675,76.08067144434126,23.51456957123583,8.270400028035255,101.38248847926268,0.5215736166007905,3.744200660729675,0.8060135620542832,4.012545776313715,0.45557288290024706,2.7860033992745876,6.903681379334513,1.7872474636855846,6.307932224772651,11.476932242294685,6.7635051076728985,17.15407124459007,6.518196632265074,27.579681449422647,3.066355942597817,1.0688440714198104,16.838674633351438,1.4017627166161448,1.2090203430814248,0.01752203395770181,3.977501708398311,2.768481365316886,17.276725482293983,2.488128821993657,21.079006851115277
NorthS,19C,nonquotes,91.22658287336091,13.859068751670184,7.224408179062117,3.824144635600483,4.1005888261258185,6.321357156679352,0.9767694731895209,93.83437307064992,11.33421181153878,2.0641166225891765,1.695524368555395,2.248412749606067,1.1702804065572563,12.320196091079145,2.88423438781434,200.57868983883304,6.892675150431714,0.8846214096810755,21.866735470554087,1.9166797209756636,2.1746942987993108,0.46074031754222683,1.769242819362151,18.09787967305867,3.7504261847937266,0.5344587683489831,0.8016881525234747,0.6542512509099622,1.4559394034334368,0.2764441905253361,2.451138489324647,0.9767694731895209,1.870605689221441,1.7876724320638402,0.3962366730863151,1.2071396319606345,4.229596115037642,11.490863519503138,109.61012154329576,42.13009463606122,6.044912966154016,72.2717262096737,0.5562161955938661,4.32336389385808,1.2255692446623234,3.5108412196717684,0.46995512389307137,2.7091530671482937,6.570156928152155,0.5621031874015168,4.893062172298449,6.183135061416684,2.0641166225891765,5.436735746998277,12.1451147704131,17.99651680319938,4.008440762617374,1.6033763050469494,2.690723454446605,0.7463993144184075,0.7187548953658739,0.009214806350844536,3.6951373466886595,7.491637563236608,13.61026898019738,2.2023387178518443,7.7588669474111
NorthS,19C,quotes,31.8348471492993,11.510111268667202,68.05145696802462,2.1717191072956985,4.879980582276217,68.98401870233396,28.347321759347974,41.24988822034007,17.45040176803485,3.755796573793738,2.9893074771011383,5.314324403735357,1.635176739610879,6.0041645907586965,2.1461694707392787,163.61987250731357,5.965840135924067,0.6387409139104996,38.68214974641986,2.4783147459727384,1.8651234686186589,0.3193704569552498,3.193704569552498,19.60934605705234,1.1114091902042693,0.25549636556419986,0.6259660956322897,0.3832445483462998,1.0858595536478493,0.21717191072956987,2.0695205610700187,0.4982179128501897,0.7153898235797596,0.7664890966925996,0.7792639149708095,0.9453365525875395,6.694004777782036,8.367505972227544,81.73328734398753,29.484280586108664,9.133995068920145,87.62247857024234,0.5362019131997946,3.8513442691682824,0.9070120977529095,3.564174299620588,0.6515157321887096,3.832445483462998,8.265307426001865,0.9708861891439594,6.106363136984377,10.590324352636085,5.352648858569987,15.981297666040701,6.259660956322897,28.015176484114512,3.5769491178987978,0.9581113708657495,17.85919595293757,1.4818789202723592,1.2008329181517392,0,3.487525389951328,5.314324403735357,17.5142758594259,2.6954866567023084,18.44683759373523
persuasion,19C,nonquotes,79.3349861455447,17.17223275484906,2.80735015312819,2.552136502843809,5.523552574011958,0.5468863934665306,0.21875455738661223,80.72043167565991,12.195566574303632,1.6406591803995916,3.882893393612367,2.278693306110544,1.3307568907685576,19.961353361528364,4.229254776141169,189.60551261484613,11.39346653055272,1.458363715910748,28.82091293568616,2.38807058480385,2.8255796995770743,0.4739682076709931,1.039084147586408,22.531719410821058,2.2969228525594283,0.364590928977687,0.8385591366486802,0.40105002187545574,0.5651159399154149,0.12760682514219046,3.1901706285547617,1.294297797870789,1.0026250546886393,1.9323319235817413,0.21875455738661223,1.5859705410529386,1.348986437217442,9.534052792766516,111.78357882455884,41.4722181712119,6.289193524865102,81.52253171941082,0.5460292065299227,4.530301361817715,2.552136502843809,4.739682076709931,0.29167274318214964,6.19804579262068,8.914248213504449,0.29167274318214964,3.463613825288027,9.096543677993292,4.283943415487823,3.6459092897768706,8.29444363424238,19.542073793204025,3.4453842788391427,2.2604637596616595,0.05468863934665306,0.5286568470176461,1.658888726848476,0,5.61470030625638,7.729327694326965,13.90914394049876,3.372466093043605,9.114773224442176
persuasion,19C,quotes,33.603946151474666,13.975953139451239,59.020998184496285,2.055287226389888,4.966944130442229,62.001164662761624,25.86236426540609,44.29143972870209,15.551673346350153,3.7680265817147944,5.6862946596786905,5.103963278868222,1.7812489295379028,8.118384544240058,2.4320898845613677,161.20302812318022,8.323913266879046,0.7193505292364608,41.17425410201076,2.56910903298736,2.3635803103483712,0.5480765937039701,2.260815949028877,20.58712705100538,0.6508409550234645,0.23978350974548693,0.3082930839584832,0.34254787106498136,0.8563696776624533,0.5480765937039701,2.534854245880862,0.8563696776624533,0.27403829685198505,1.3701914842599254,0.47956701949097386,0.9248792518754496,4.521631898057754,7.8443462473880725,89.54201349638612,31.617168499297776,8.837735073476518,94.09790018155037,0.5232399979162325,4.0255412894564735,1.815503716644401,3.5282430719693076,0.5823313808104683,8.700715925050526,9.625595176925975,0.513821806597472,4.555886685164252,12.126194635700339,7.981365395814065,12.640016442297812,7.056486143938615,29.048059466310416,3.6995170075017985,1.301681910046929,0.513821806597472,1.4044462713664234,1.5072106326859178,0,4.59014147227075,4.864179769122735,16.5108073853321,3.1856952009043265,16.476552598225602
Pomp,19C,nonquotes,86.06059313903162,8.42163614267744,10.52171502888941,4.456004946378696,5.052981685606464,5.0423213866916825,2.206681875359785,62.72519881457476,11.502462529049314,2.0467773916380616,1.0553695925633755,0.3198089674434471,0.74622092403471,12.739057203163977,2.4092275547406348,224.79372321599897,7.632774022983605,1.1513122827964095,14.583288915421189,1.1086710871372834,1.1513122827964095,0.22386627721041297,0.49037375007995226,10.948126985480673,3.720444321258768,1.1193313860520648,1.5031021469842014,0.75688122294949145,1.982815598149372,0.3304692663582287,3.795066413662239,0.9167857066712151,2.558471739547577,2.4945099460588875,0.149244184806942,0.6396179348868942,1.364518261092041,8.21909046329659,125.8128477922521,50.551137453894206,3.123467582031,61.552565933948785,0.5696761484685302,4.566339512904398,1.5990448372172357,2.185361277530222,0.19188538046606826,1.1726328806259727,6.097690979255058,0.5863164403129864,7.590132827324478,3.070166087457092,0.75688122294949145,1.6097051361320172,10.670959213696353,10.78822250175895,1.9508347014050273,1.737628723109396,0.08528239131825256,0.767541521864273,0.596976739227768,0,3.1447881798605635,11.886233289981451,10.820203398503294,1.6416860328763618,4.829115408396051
Pomp,19C,quotes,21.551945495318144,9.569132273139669,68.45610010784532,2.3109711214201347,4.2624578461749145,62.173682318503175,24.992724720543677,33.12391940702193,13.677525377886575,4.3309310645873635,1.8487768971361076,1.609120632692538,1.3352277590427444,8.627625519968502,1.30099114983652,213.72203296985467,6.231062875532807,0.4621942242840269,32.64460687813479,1.8316585925329956,2.071314856976565,0.4108393104746906,1.3352277590427444,12.42788914185939,0.6847321841244843,0.30812948285601793,0.6676138795213722,0.2225379598404574,1.8830135063423319,0.5306674426964754,2.9614666963383947,0.787442011743157,1.5064108050738654,0.804560316346269,0.34236609206224217,0.37660270126846634,4.074156495540682,5.35802934077409,91.73699436807779,39.76582159302943,6.761730318229283,67.68577640070528,0.5627207504567548,4.116330558654424,1.4037009774551927,1.9857233339610045,0.068473218412448425,1.2325179314240717,5.238201208552305,0.9415067531711659,9.089819744252528,7.600527243781776,3.2524778745913006,10.80165020456374,5.0156632487118475,17.751681873427255,2.567745690466816,0.7360870979338207,0.3937210058715785,0.6847321841244843,0.4450759196809148,0,2.4650358628481435,5.854460174264341,12.701782015509185,2.3280894260232468,12.410770837256278
pride,19C,nonquotes,92.79550646818294,13.154639775323409,2.6483898662708634,2.6192866809272273,5.369537695900816,3.0121796830663117,1.1204726357299806,96.91360719430742,10.97190087455072,1.2514369697763421,3.0849376464254012,1.5715720085563365,1.0331630796990732,22.947861643456875,3.6378981679544826,190.90234426157943,11.524861396079801,2.0372229740545102,26.047350882554095,1.7316395279463337,3.4341758705490317,0.7130280409190786,1.5715720085563365,20.139404257796016,1.7898458986336054,0.2910318534363586,0.5966152995445352,0.3783414094672662,0.7566828189345324,0.2910318534363586,3.6961045386417544,1.2223337844327062,1.7025363426026978,1.280540155119978,0.20372229740545103,2.240945271459961,1.236885377104524,10.069702128898008,117.9988649757716,32.522809621513076,6.75193899972352,77.1816475313223,0.5438095342642194,4.609372475878578,3.361417907189942,3.79796568734448,0.2473770754209048,4.321823023529926,7.843308450109864,0.17461911206181516,4.103549133452656,7.930618006140772,2.750251014973589,3.972584799406295,13.038227033948866,18.68424499061422,3.943481614062659,1.644329971915426,0.04365477801545379,0.9167503383245296,0.8003375969499862,0,6.25718484888171,4.9620931010899145,14.668005413192473,3.2304535731435804,8.177995081561678
pride,19C,quotes,27.275044608717817,12.74534794799898,63.36258694148064,1.8207639925712829,4.114926623211099,65.11052037434908,32.591675467025965,45.79221441316776,16.295837733512982,3.0588835075197554,5.40766905793671,4.260587742616802,2.002840391828411,13.018462546884672,2.876807108262627,142.6204435381086,9.467972761370671,0.9103819962856414,41.11285095225957,2.8221841884854886,3.3684133862568735,1.0560431156913441,2.949637667965478,21.539638032118276,0.4187757182913951,0.054622919777138484,0.16386875933141545,0.10924583955427697,1.1470813153199082,0.3277375186628309,2.0574633116055496,1.1288736753941955,0.6190597574742361,0.9467972761370671,0.8739667164342158,1.1288736753941955,5.189177378828156,8.81249772404501,87.43308692327301,29.73307599868905,9.613633880776375,95.2441644514038,0.5294552757551859,4.093471947316821,2.166709151159827,2.949637667965478,0.6918903171770875,6.846072612068023,10.159863078547758,0.5462291977713849,4.57011762135392,12.690725028221841,7.501547649393686,13.947052183096027,7.46513236954226,27.620989767306362,4.278795382542515,1.1652889552456211,0.3277375186628309,0.8557590765085029,0.9650049160627799,0.01820763992571283,6.099559375113798,3.9692655038053966,16.259422453661557,3.113506427296894,18.043771166381415
Prof,19C,nonquotes,86.18479588605209,11.566708389256684,13.587489255176365,2.8954472108699916,5.444043974604515,59.11538055526233,2.2168267708223373,50.91161345779735,11.988961107508558,1.5683672392212453,1.6437695103376513,1.4326431512117146,0.39209180980531133,16.558338737162764,2.9708494819863973,195.41252582527787,6.575078041350605,0.7238618027174979,21.037233641477282,1.4477236054349958,2.0207808659196815,0.2563677217957805,1.161194975192653,14.974891043718237,3.4835849255779583,0.9048272533968723,1.5231258765514017,0.7087813484942167,0.5278158978148422,0.10556317956296844,1.613608601891089,0.42225271825187377,1.7342522356773387,0.9953099787365596,0.7087813484942167,1.0556317956296843,1.7191717814540575,9.199077076201535,110.87149944956342,47.42802853221939,5.805974875963264,71.88852528238151,0.5900760104381599,4.412314591760981,2.292229041938743,3.3478608375684273,0.4976549893682798,3.031171298879522,5.474204883051078,0.7238618027174979,5.8361357844098265,4.267768545188581,1.7493326899006199,4.0114008233928,7.691031653873415,16.90518918429823,3.9359985522763945,1.62868905611437,0.3166895386889053,1.1310340667460903,0.7540227111640603,0,3.679630830480614,9.606249340230129,13.15015608270121,3.2875390206753026,7.389422569407791
Prof,19C,quotes,22.17966418741371,11.223444528570793,66.76167995368102,1.4251993052153387,4.765510176813788,53.97942368503095,45.829065158330735,32.77958401995279,13.004943660089966,2.8503986104306773,3.34031087159845,3.6966106979022846,2.1823364361109876,12.425956442346234,2.2268739143989666,203.84803812408143,5.433572351133479,0.6235246960317107,32.556896628512895,1.8260366098071528,1.6924241749432147,0.267224869727876,1.9151115663831113,17.50322896717588,1.068899478911504,0.35629982630383467,0.4453747828797933,0.31176234801585534,0.6235246960317107,0.133612434863938,1.603349218367256,0.35629982630383467,0.935287044047566,0.8462120874716074,0.935287044047566,0.7571371308956487,4.364672872221975,7.482296352380528,84.62120874716074,32.46782167193693,7.704983743820425,76.9607624816283,0.5743878661467308,4.191201047924477,1.7814991315191733,2.4940987841268427,0.4899122611677727,2.00418652295907,5.878947134013272,0.9798245223355454,5.433572351133479,8.239433483276176,4.854585133389747,15.677192357368726,5.077272524829644,21.778826882821896,2.1823364361109876,0.4453747828797933,6.6806217431969,0.935287044047566,0.6680621743196901,0,4.00837304591814,6.324321916893066,15.632654879080746,4.498285307085913,13.45031844296976
sybil,19C,nonquotes,92.24864196727711,13.011091955892399,11.026900432618808,1.6914419542660117,3.621420594390051,4.098493966106106,1.268581465699509,58.11621073631938,9.216190135423782,2.385366858580273,1.8215528738249358,0.6722397510544406,1.0951002396209435,17.0011601556994,2.645588697698121,241.21480228561515,8.695746457188086,1.2035260059200468,20.55752529030999,2.4612648949896454,1.5830161879669085,0.49875852497587525,0.45538821845623395,11.037743009248718,2.320311398800811,0.9216190135423782,1.3444795021088811,0.7915080939834542,2.417894588470004,0.390332758676772,5.85499138015158,1.1384705461405848,2.6998015808476725,1.3770072319986122,0.18432380270847565,1.5179607281874465,1.3986923852584328,6.23448156219844,117.80459508397576,51.968469787160224,4.57556733782216,53.47558793871776,0.5496600239573124,4.6642718172233515,1.9408212167539494,3.166032375933817,0.2710644157477583,2.580533237918659,4.467141571523057,0.26022183911784796,6.462175671426558,3.8057443970985263,1.4312201151481638,2.5913758145485692,22.88867926574071,8.717431610447907,3.0576066096347136,1.5721736113369982,0.4445456418263236,0.3686476054169513,0.32527729889730994,0,4.055123659586464,8.85838510663674,11.644927300523696,1.9082934868642185,5.6923527307029245
sybil,19C,quotes,26.493406316289143,12.519840386869001,74.7036921661994,1.0383753875365285,4.58368563926839,61.87233916306944,28.34764807974723,35.334431044457304,14.967439514633677,5.2363787400056365,4.4056784299764145,4.2573390888997675,1.542729147197128,9.67172503819738,1.9580793022117395,186.5070535356682,7.060952635248394,0.6971949030602406,39.90328274961803,3.263465503686233,2.269591918472698,0.4005162209069467,2.136086511503716,14.997107382849006,0.4005162209069467,0.10383753875365286,0.5191876937682642,0.385682286799282,1.987747170427069,0.5488555619835936,3.085458294394256,0.6230252325219171,1.0087075193211992,0.6378591666295819,0.44501802322994083,0.8900360464598817,4.984201860175337,5.800068236096895,85.56213193300995,31.22543129663418,6.57143280969546,75.51955854212096,0.5316978541797236,4.046840762419331,1.0383753875365285,3.144794030824915,0.4301840891222761,3.8419889338851556,6.245086259326836,1.0383753875365285,8.841024728168158,9.152537344429117,6.4082595345111475,15.041609185172,6.526931007372466,22.0580600180974,3.0261225579635975,0.4301840891222761,7.980656549923605,1.4982273448741341,0.5636894960912584,0,3.6936495928085087,4.034830077284797,18.73525877798051,3.8864907362081498,15.071277053387329
Tess,19C,nonquotes,88.87302578745427,15.463549567234764,4.523958240385474,5.3716427232979385,4.666726153297047,1.7310609440528242,1.3206031944320513,86.74935308289461,11.091282234317838,2.0701347372178103,2.0255197644329437,1.5526010529133578,1.1064513250646917,14.374944231284019,3.8101186758276078,203.95288658873918,7.334701525832069,1.0350673686089051,20.763808334076916,1.9005978406353172,2.6322833943071293,0.6246096189881324,1.1599892924065316,13.8127955741947,4.256268403676274,0.41045774962077275,1.311680199875078,1.588293031141251,1.1332203087356116,0.3033818149370929,3.819041670384581,0.8476844829124655,2.3289015793700365,1.6061390202551977,0.18738288569643974,1.472294101900598,2.427054519496743,9.94021593646828,123.14624788078879,45.40019630588025,4.86303203355046,70.53627197287409,0.5744344323951608,4.449719037986064,2.12367270455965,3.4710448826626217,0.28553582582314624,1.2670652270902114,5.255643794057286,0.2676898367091996,6.014098331400018,5.335950745070045,1.0707593468367984,3.6138127955741948,7.995003123048095,14.232176318372446,3.426429909877755,1.8202908896225574,0.10707593468367985,0.5710716516462925,0.5710716516462925,0.02676898367091996,3.8815026322833943,6.433479075577764,11.358972071027036,1.8292138841795307,7.004550727224056
Tess,19C,quotes,30.462210658091756,12.936007265764992,69.46660448219151,2.945580402071725,7.781241562139473,76.73236947396843,42.833648346793,30.879501215051917,18.557156533051867,6.161172341000024,4.17290556960161,6.873020938167358,2.798301381968139,4.320184589705197,2.6510223618645523,143.89160264120375,5.964800314195243,0.49093006701195413,36.81975502589656,2.577382851812759,2.847394388669334,0.6136625837649426,3.3874174623824835,18.63079604310366,0.9573136306733105,0.3191045435577702,0.3436510469083679,0.29455804020717247,0.6873020938167358,0.3927440536095633,1.840987751294828,0.44183706031075876,0.29455804020717247,0.3436510469083679,1.3009646775816786,1.0554996440757014,5.6702422739880705,8.051253098996048,75.87324185669752,26.461130611944327,6.897567441517956,104.76447630035102,0.5239642414476946,3.750050648298217,0.8345811139203221,2.99467340877292,0.41729055696016104,3.2892314489800927,9.10675274307175,2.4791968384103686,6.578462897960185,10.726821964211197,6.062986327597634,15.513390117577751,7.06939296497214,26.952060678956283,3.0437664154741157,1.1782321608286899,22.04276000883674,1.0309531407251038,1.1782321608286899,0.024546503350597708,3.411963965733081,4.39382409975699,18.581703036402466,1.8900807579960235,24.153759296988145
vanity,19C,nonquotes,77.88030102795825,10.390370903796086,13.80898494068863,2.627268195019269,2.9556767193966778,6.655218530154233,2.0931097517548096,71.0865969754762,7.086502013975168,1.531254204024785,1.8398790823553617,1.19888895043801,1.444206161418725,11.996802962798832,2.508566318738278,240.35942928137885,7.747275791939352,0.8942208013167995,20.329674677724405,1.4916869119311214,2.1920279819889688,0.43524021303030064,1.1632783875537125,14.117609819019206,2.8725854059999842,0.3838027333085378,0.834869863176304,0.6726439655922828,0.4748075051239643,0.15826916837465477,4.870733656730001,1.6855666431900733,3.082292054096402,1.5945618713746468,0.15035570995592204,0.8309131339669376,1.6143455174214787,7.960939169245135,114.499829860644,48.29188000031654,3.921118646482072,59.64769283119802,0.5656877860780312,4.439285985750119,1.2582398885785055,2.1880712527796025,0.25323066939944766,3.6995418107575553,5.167488347432478,0.288841232283745,7.513828768586736,3.758892748898051,1.887359832867758,4.0358637935536965,10.259798839886995,12.052197171729961,3.1930804719586603,0.6093362982424209,0.7913458418732738,0.4273267546115679,0.4787642343333307,0.00395672920936637,2.4056913592947526,9.840385543694161,12.46765373871343,1.4006821401156948,5.796608291721731
vanity,19C,quotes,28.596522044616194,9.994730370630599,69.80502371333216,1.9673282979097138,3.232039346565958,64.44756718777445,37.5900228350606,41.29632882487265,13.033549973651853,3.0212541717899173,3.618478833655366,3.969787458282101,1.9673282979097138,4.742666432460917,1.7214122606709994,210.62708589495873,5.603372562796417,0.45670121201475494,37.74811171614263,2.6172492534691725,2.0375900228350607,0.2810468997013877,2.4415949411558056,14.421219040927454,0.4215703495520815,0.08782715615668364,0.2986123309327244,0.21078517477604075,0.5269629369401019,0.35130862462673457,2.5118566660811523,1.1417530300368874,0.7904444054101528,0.5269629369401019,0.5620937994027754,0.5972246618654488,3.952222027050764,6.060073774811172,78.32425786053048,29.96662568066046,6.587036711751273,72.05339891094326,0.5437611222161292,3.925587823462021,0.3688740558580713,2.424029509924469,0.4215703495520815,3.126646759177938,5.779026875109784,0.5620937994027754,6.762691024064641,7.430177410855436,4.77779729492359,15.053574565255577,5.74389601264711,18.865273142455646,3.179343052871948,0.5445283681714386,24.099771649393993,1.1944493237308975,0.7553135429474793,0,2.5645529597751624,5.357456525557702,14.245564728614088,2.388898647461795,16.037238714210435
VivianG,19C,nonquotes,78.93211289092297,9.153318077803204,14.004576659038902,1.5967454869056699,4.861428934655479,5.186880244088482,2.2476481057716757,59.05924230867023,7.546402237477753,1.4340198321891686,1.4645308924485125,0.8034579201627257,0.9763539282990084,15.621662852784134,2.562929061784897,241.5865751334859,9.244851258581235,1.718789727943046,22.181540808543097,1.3831680650902618,2.267988812611238,0.6000508517670989,0.4576659038901602,11.126366641240782,2.5120772946859904,0.8339689804220697,1.0272056953979152,0.6509026188660056,0.3763030765319095,0.22374777523518943,4.94279176201373,1.1695906432748537,2.4815662344266465,2.044241037376049,0.15255530129672007,1.0272056953979152,1.0983981693363845,7.373506229341469,118.87109077040427,56.03864734299517,4.87159928807526,58.10322908721078,0.5587983273083758,4.65447587081986,1.8611746758199847,3.6206458174421563,0.17289600813628273,2.6951436562420543,5.705568268497331,0.25425883549453343,5.664886854818205,3.1934909738113397,1.535723366386982,2.074752097635393,9.855072463768115,10.221205186880244,4.068141367912535,1.7594711416221713,0.06102212051868802,0.30511060259344014,0.5593694380879736,0,4.4749555047037886,5.339435545385202,10.750063564708874,2.1561149249936435,6.3361301805237735
VivianG,19C,quotes,26.294662871560686,11.937902057072556,62.94245826947338,1.1468726867056604,5.067092052172281,59.501840209356395,29.47462804833547,28.484147091635126,11.218500099048097,3.7012709434591766,3.044425677436844,2.335449834746072,1.6264739920553002,11.552135789726107,2.095649182071252,201.50553105418453,7.235724041579348,0.9070720340308405,36.61651705191163,2.429284872749262,3.7116970587928644,1.0113331873677187,1.584769530720549,14.679970389832452,0.8653675726960892,0.26065288334219555,0.469175190015952,0.2502267680085077,0.5630102280191424,0.4274707286812007,3.2946524454453514,1.6160478767216122,1.86627464473012,1.1468726867056604,0.40661849801382505,1.0009070720340307,3.39891359878223,5.650954510858799,97.36949110131056,42.85133402145694,6.6205832368917665,74.6509857892048,0.5385857047134451,4.246301441677589,1.8349962987290565,3.211243522775849,0.18767007600638078,3.909793250132933,8.361744497617632,1.115594340704597,8.309613920949193,8.121943844942813,4.879421976165901,9.831826759667615,5.734363433528301,22.562113582100444,3.961923826801372,0.8653675726960892,1.282412186043602,0.8549414573624013,0.5942885740202059,0,4.524934054820514,3.4510441754506687,11.969180403073619,3.0548517927705316,12.323668324419005
wh,19C,nonquotes,104.16913946587538,8.219584569732937,9.747774480712167,3.2047477744807122,3.4124629080118694,50.26706231454006,2.477744807121662,82.58160237388724,11.602373887240356,1.824925816023739,1.7952522255192878,1.3649851632047478,0.6528189910979229,13.397626112759644,2.893175074183976,184.4213649851632,6.097922848664688,0.44510385756676557,17.166172106824927,1.231454005934718,1.632047477744807,0.3264094955489614,1.5281899109792285,19.03560830860534,6.869436201780416,0.6379821958456974,0.6528189910979229,0.9495548961424333,1.1127596439169138,0.3264094955489614,1.3798219584569733,0.40059347181008903,0.6379821958456974,0.8011869436201781,0.41543026706231456,0.9940652818991098,2.492581602373887,9.629080118694363,98.44213649851632,36.42433234421365,5.5044510385756675,66.1572700296736,0.6049368666139311,4.423600922238524,1.543026706231454,2.5667655786350148,0.20771513353115728,1.9584569732937684,3.9020771513353116,0.41543026706231456,3.664688427299703,5.267062314540059,2.28486646884273,5.326409495548962,12.640949554896142,16.884272997032642,5.281899109792285,1.513353115727003,3.0712166172106823,2.3293768545994067,0.6083086053412463,0,2.255192878338279,6.869436201780416,18.041543026706233,2.655786350148368,7.670623145400594
wh,19C,quotes,35.770728134756965,9.925606136530085,63.69733646841152,2.274216551670971,5.936090660293721,70.5007131018001,42.304282465404924,51.97933932081872,15.013683845353274,3.526962957252438,3.7004201518714104,4.41352195197163,1.7152989245653933,6.437189222526308,2.0814863354276683,156.20784026519678,6.4950082873992985,0.28909532436495394,35.886366264502946,1.541841729946421,1.9658482056816868,0.48182554060825655,2.486219789538604,19.388659754076244,1.6189338164437421,0.1541841729946421,0.28909532436495394,0.36618741086227496,0.7323748217245499,0.3854604324866053,1.0021971244651737,0.23127625949196315,0.2120032378676329,0.25054928111629343,1.3105654704544578,0.8672859730948618,6.128820876537024,8.518675557953976,76.28261958909918,23.840727749296533,9.251050379678526,83.81837104421231,0.56032114902791,3.950939186901181,1.2142003623328066,3.0451374166441814,0.13491115137031184,1.9465751840573564,5.743360444050418,1.3105654704544578,5.955363681918051,8.769224839070269,6.167366919785684,21.161777743514627,5.801179508923409,19.542843927070887,2.94877230852253,0.6938287784758894,27.945881355278882,1.098562232586825,0.6167366919785684,0,2.9102262652738697,4.4906140384689515,21.50869213275257,2.5825848976602552,19.407932775700573
wwhite,19C,nonquotes,82.49414652997204,15.355413607328773,12.803755313586871,3.597326725921211,6.080789252347071,58.80748334886681,0.9206428587665659,55.00556932099747,10.564660953376826,1.3695983269305085,2.0458730194812573,1.5116728421722625,1.0513514127889796,14.605260166852311,2.710781750812666,194.0624218590166,7.46743652110659,0.8751790138892046,19.293719169830194,1.5059898615625924,2.284558205087404,0.42054056511559185,1.2843536177854562,18.82771475983724,2.2618262826487237,0.5114682548703143,1.136596121934032,0.5398831579186651,1.2388897729080948,0.6194448864540474,3.2108840444636404,1.5400877452206132,1.9719942715555454,1.2900365983951263,0.250051146825487,0.30688095292218864,2.665317905935305,9.786092609852016,123.41728990020687,44.29315087176923,4.364529108226683,66.78070514423405,0.5343464955999203,4.329039276308256,1.2786706371757859,2.631220022277284,0.13639153463208384,1.8981155236298333,5.171512354799845,0.30688095292218864,6.830942692823532,5.864835989179605,1.8753836011911527,2.5459753131322316,10.945420654224728,16.389716078288743,4.233820554204269,1.3809642881498487,0.22731922438680638,0.9888386260826078,0.4489554681639426,0,4.500920642858767,6.569525584778705,9.689481939487623,2.278875224477734,4.949876111022709
wwhite,19C,quotes,30.552481714393675,12.401824512158916,65.11295241693881,2.685487571185663,5.478934441715473,70.79431054492456,40.444252516801164,36.05840598094518,14.965857871582413,2.4290842352433133,4.061968637823541,3.9270195136433563,1.754338614342393,9.432943780194867,2.0512266875387977,177.44460338452404,6.140185150198375,0.49931175946668105,30.727915575827915,2.4290842352433133,2.5640333594234974,0.4183422849585706,2.914901082291976,20.876629510674476,0.59377614639281,0.09446438692612885,0.6072710588108283,0.28339316077838655,0.9986235189333621,0.59377614639281,2.321124935899166,1.0256133437693988,0.4183422849585706,0.7152303581549756,0.796199832663086,0.17543386143423928,6.3965884861407245,7.54365604167229,97.0014304607163,29.864241181074735,6.720466384173167,74.91025883242018,0.5094570098910493,4.016880061282556,0.6882405333189388,2.4965587973334054,0.2024236862702761,2.4695689724973686,6.113195325362338,0.5802812339747915,7.489676392000216,8.89314728347413,3.64362635286497,10.485546948800302,9.527408167120996,24.776659199481795,4.223907586839761,0.5532914091387547,7.300747618147958,1.1740573803676013,0.59377614639281,0,3.0903349437262153,4.858168470486627,12.604248198429191,2.7259723084397183,11.835038190602143
BH,DNov,nonquotes,61.150634227680634,10.242925922023664,39.079785796414974,3.6830556535362375,4.951969106309294,35.94185902692204,0.8245646985528889,61.64079213182041,13.467890076363853,2.0156025964626174,3.0508893846456893,2.084316321342025,0.806241038585047,11.209498985327329,2.8722336999592297,206.26485934300518,7.054609087619161,0.778755548633284,22.194533136048594,2.125544556269669,2.2400674310686814,0.6871372487940741,1.7361667819530273,15.433102607914904,4.828284401526361,0.40770143428448397,0.8016601235930865,1.0994195980705186,1.085676853094637,0.3939586893086025,2.3866567108114176,0.5222243090834964,1.8002995918404743,1.3147226026926617,0.27943581450959015,1.0627722781348345,2.8218436350476646,10.146726707192494,113.35474147606243,45.92825370939592,4.489296692121284,72.56169347265423,0.541458446153705,4.308658303916237,1.447569137459516,2.235486516076721,0.4214441792603655,3.6005991836809486,6.1475879192109835,0.4901579041397729,5.6986582499988545,4.878674466437927,1.6766148870575408,3.0050802347260843,16.431742076162294,16.04236430184565,2.9134619348868744,2.079735406350064,0.8016601235930865,0.9436684883438619,0.6184235239146667,0,3.504399968849778,7.9662111710192995,12.350146818325493,1.7086812920012644,6.02848412942001
BH,DNov,quotes,24.695171174459663,11.575422759148374,75.8474487038194,2.239272201436223,5.657847631215033,73.30633103322405,36.74091129253038,31.209417578637765,20.560590213187137,5.341962837908983,4.576819671900995,5.756122900243582,1.881269435689366,7.707588956667626,2.070800311672996,167.5101960591617,7.862021522283917,0.5615729658774227,40.13140807401532,2.2533115255831584,2.091859297893399,0.7019662073467783,2.6042946292565476,18.377475308338656,0.7019662073467783,0.1684718897632268,0.421179724408067,0.36502242782032474,1.1512245800487164,0.40012073818766364,1.6426009251914613,0.5054156692896804,0.905536407477344,0.7581235039345205,0.9125560695508118,0.7019662073467783,5.524474051819145,7.447861459949318,84.10959096429097,29.9809767157809,7.819903549843111,86.92447545575156,0.5016892220079122,3.9302016412998175,1.2424801870037976,1.8040531528812203,0.5405139796570193,4.21179724408067,7.4197828116554465,1.6917385597057357,7.784805239475772,9.034305088553037,4.647016292635673,11.835150255866683,7.974336115459402,24.989996981545307,3.622145629909376,0.6387892486855683,17.535115859522524,1.3407554560323467,1.0318903247997642,0,3.179906919280906,4.857606154839706,16.222439051784047,2.4568817257137243,16.447068238135017
BR,DNov,nonquotes,92.25451761813079,10.502447284789719,4.511818877728548,3.8970980537706743,4.703194228583358,1.5715975782319238,0.5915238117330488,74.47400774780208,11.285346447377577,2.6444593936301004,2.1167273655153216,1.5773968312881301,1.1308543459602403,11.128766614860005,2.9460205525528314,207.73504372636805,8.107355772576492,0.997471525667494,17.339766638057018,1.8383632188174164,1.5484005660070983,0.28416339975411165,1.0554640562295576,13.947203600176298,6.744531304367998,0.7539028973068269,0.8698879584309541,0.8060961748126841,0.7886984156440651,0.15657983251757174,4.674197963302326,0.4407432322716834,2.273307198032893,2.1283258716277342,0.144981326405159,1.496207288501241,2.139924377740147,11.604305365468928,119.81256814122341,47.81484144842144,4.105871163794103,66.36085272216938,0.566403491690741,4.449721451714412,1.5252035537822728,1.8383632188174164,0.4871372567213343,3.0794033728455776,5.213528497529518,0.4001484608782389,7.672411793361015,3.618733907072769,1.0554640562295576,3.0446078545083393,12.108840381358881,11.024380059848292,2.557470597787005,1.8151662065925909,0.7133081259133823,0.6901111136885569,0.8408916931499223,0,3.2881764828690065,10.734417407037974,10.287874921710083,2.2791064510891,4.04787863323204
BR,DNov,quotes,26.14280229433049,11.541459668881107,75.62448371746693,2.524694302567742,5.061023141092018,68.76010750311224,42.977975823434285,33.61217437842492,16.788635385277658,6.433898383962956,4.130260264569348,6.364091168223755,2.2920035834370744,6.620050959267489,1.8964293609149399,162.8020616397715,6.992356109876558,0.4537469023048016,39.48761503647427,2.6410396621330756,2.059312864306407,0.3606706146525346,2.803923165524543,15.811334364928856,1.023839164174937,0.15124896743493385,0.29086339891333435,0.3024979348698677,1.1983572035229375,0.3374015427394678,2.268734511524008,0.6631685495224023,0.9074938046096032,0.9191283405661366,0.558457725913602,1.0354737001314702,6.4222638480064225,7.911484450442694,81.23233004851602,31.37834347477051,7.248315900920292,82.37251457225628,0.5257665513371984,3.868001052833078,0.7911484450442694,1.6870077136973392,0.6049958697397354,3.420553571220812,6.433898383962956,1.00057009226187,8.609556607834696,8.167444241486429,4.176798408395481,14.263941082709916,6.038324161440821,23.362148200719016,3.0715174925248108,0.47701597421786834,22.082349245500343,1.372875242870938,1.3845097788274714,0,2.501425230654675,6.259380344614955,13.83346325231818,3.86266593756908,15.555374573885121
DC,DNov,nonquotes,96.60272989091858,11.825991890282209,11.825991890282209,3.850892150543775,4.699393810833082,67.83933947409214,0.5343928725860536,53.57390531047818,13.196648418441857,2.3945695893741483,3.320578612862959,2.3293002308903556,0.8566603300997805,10.088195220651224,2.769868400655957,186.82945932495167,6.832885966272059,0.7098042735112468,22.819799459896057,1.9376840799875987,2.30890355636417,0.326346792418964,1.6806859809576646,15.701360050257406,5.021661268346809,0.42833016504989024,0.5303135376808166,0.8240256508578842,1.1014204244140036,0.3345054622294381,1.9417634148928358,0.4609648442917867,1.8316213724514354,2.011112108281866,0.29371211317706764,0.8811363395312029,3.353213292104855,10.92445887622482,114.8373569173282,38.98620368935049,4.797297848558771,71.84524635103493,0.5334153016070181,4.1798956567427,1.4236878819277305,1.876494056409043,0.4935995235336831,3.5123073534091,5.723306872047582,0.4935995235336831,6.322969103117428,5.001264593820624,2.039667452618525,3.096215193074921,16.859891163344727,18.78941657352185,2.916724457244491,1.709241325294324,1.3665771932544117,1.3298631791072784,1.0565477404563959,0.00407933490523705,3.4551966647357815,5.556054140932862,14.363338201339653,1.8071453630200132,5.870162928636115
DC,DNov,quotes,26.898530860495995,12.823917419796976,74.12515526620122,2.535657686212361,4.857155094873003,75.45294898702188,36.12455561742408,34.63400008566411,17.895232792221698,4.437400950871632,4.45453377307577,5.379706172099199,1.7989463314344456,8.626375979783269,1.7646806870261704,165.1775388700904,7.101554803615025,0.445453377307577,44.433974386430805,2.869747719193044,2.4414271640896046,0.6167815993489527,2.886880541397182,18.991733413286504,0.8994731657172228,0.24842592195999486,0.41118773289930183,0.29982438857240756,1.1564654987792864,0.29982438857240756,1.5419539983723818,0.5739495438386089,0.7024457103696407,0.6596136548592967,0.7966762324923973,0.7024457103696407,6.587570137490898,8.018160791536387,81.74069473594038,29.26286032466698,8.814837024028783,85.92110335374994,0.5056343122325015,3.9335249160356485,1.0279693322482546,1.8160791536385832,0.5653831327365401,3.9833811624619866,7.384246369983296,1.259262432004112,6.099284704672978,9.174626290315672,5.285475649976442,12.712554075470083,7.658371525249497,25.690666895104297,3.315201096500621,0.5996487771448151,19.08596393540926,1.293528076412387,1.499121942862038,0,3.2209705743778643,5.011350494710241,15.308176639396924,2.501392041804086,16.32757956054311
DS,DNov,nonquotes,82.0464317789841,10.181292173678061,12.553747844125292,4.033572036019997,4.9912970219124295,3.1155866760982045,1.4425484227342453,76.4987799934827,12.692836535022533,2.269132642923565,2.380403595641358,1.629324664796255,1.1405272653573784,13.046519206161232,2.9129145836479386,219.45016253507023,6.588829985932173,0.9378551729071126,18.371629086227042,2.078382438264491,1.7008559915434076,0.2622815314062264,1.0610480134160978,13.408149802494059,5.774167653534045,0.647755903321438,0.8027404446069354,0.9458030981012406,1.7803352434846884,0.24241171842090622,2.924836471439131,0.41329211009465977,2.1538877276087076,1.4942099364960777,0.09934906492660091,0.9577249858924328,2.9844459103950913,10.459469555472545,118.89698694155891,45.728387604415865,4.260087904052647,66.81025918184058,0.545407878553887,4.435217622824473,1.633298627393319,2.1419658398175154,0.3059951199739308,3.0718730875305003,5.038984573077198,0.41329211009465977,6.541142434767404,4.180608652111366,1.1524491531485705,3.5249048235958003,14.552651030448502,13.026649393175912,2.817539481318402,1.8955801587995453,1.3869129463753487,0.7192872300685906,0.8424800705775757,0.003973962597064036,3.254675366995446,9.112296235067836,11.592048895635795,2.1419658398175154,5.182047226571504
DS,DNov,quotes,23.458746825639825,12.067071303784017,74.84285791473803,2.9357203321146192,5.4481926408875605,73.78023521783766,39.49714532716172,29.744430236118365,16.515678187417826,4.943897123714497,5.232065990670533,4.997928786268753,2.0081767915998774,7.816580516182483,1.7920501413828505,171.1452911406084,7.528411649226447,0.4412585775264305,41.991607081749905,3.611116114042829,3.061794211407885,0.5493219026349441,3.2418997532554075,18.01955946184464,0.7564432757595951,0.2521477585865317,0.39623219206454985,0.22513192730940332,1.1166543594546403,0.3872269149721737,1.7470237559209696,0.6753957819282099,1.215712407470778,0.6934063361129622,0.5673324568196964,0.9185382634223656,6.627883939988833,7.744538299443474,80.75031968733678,27.853322046719377,8.050717720584263,90.14282369468509,0.5047527949243992,3.9053708439897696,0.8645066008681087,2.2783351043711617,0.4142427462493021,4.592691317111828,7.59144858887308,1.1076490823622642,6.582857554526953,9.680672874304342,4.385569943987177,13.282783711254796,7.393332492840805,25.764097761288117,4.0253588602921315,0.5493219026349441,20.04574680762927,1.1526754678241449,1.4678601660573096,0,3.2959314158096644,5.520234857626569,14.264358914323793,3.2238891990706553,16.326567368477928
ED,DNov,nonquotes,54.78878368536053,10.105608157319738,34.83248361252731,3.514202476329206,5.808448652585579,1.9118718135469774,0.9286234522942461,69.97450837581937,14.257101238164603,1.7844136926438456,2.530954115076475,1.2563729060451565,1.1471230881281864,11.798980335032775,3.623452294246176,229.6977421704297,7.86598689002185,1.0742898761835398,17.13401310997815,1.6023306627822287,1.9300801165331392,0.47341587764020393,1.0378732702112163,12.235979606700656,5.098324836125273,0.6190823015294975,1.2563729060451565,1.1835396941005099,1.0742898761835398,0.23670793882010197,1.5659140568099053,0.3277494537509104,1.4748725418790969,1.0196649672250546,0.25491624180626365,1.2199563000728333,3.2774945375091042,10.360524399126001,121.83175528040786,50.291332847778584,3.7873270211216314,68.13546977421704,0.5579233231232003,4.520496757885482,1.9118718135469774,2.112163146394756,0.528040786598689,2.749453750910415,4.643117261471231,0.45520757465404227,6.737072104879825,4.1150764748725415,1.3656227239621268,3.3139111434814277,13.929351784413692,10.961398397669337,3.040786598689002,1.693372177713037,0.5826656955571741,0.7283321194464676,1.001456664238893,0,3.750910415149308,8.048069919883467,9.377276037873271,1.766205389657684,4.20611798980335
ED,DNov,quotes,24.519630372072555,10.976384882413338,71.43206375592823,2.420182858260402,5.30484525497482,76.83469417689336,41.46091037989537,27.355400185791815,20.534884857967047,4.6936879675353245,3.251356769178116,4.7425805505304846,1.9312570283088055,8.360631692172298,2.2979514007725026,162.73896249938883,7.333887449273945,0.5133721214491762,36.547205788881826,2.2246125262797634,3.178017894685376,0.7578350364249743,2.6890920647337797,17.821346501735686,0.9045127854104532,0.19557033198063853,0.537818412946756,0.36669437246369724,1.075636825893512,0.4155869554588569,1.0022979514007726,0.5867109959419156,0.9534053684056129,0.7089424534298147,1.1000831173910919,0.7578350364249743,4.840365716520804,7.064978242800567,85.43978878404145,30.093384833520755,7.040531951302987,89.30230284065907,0.5108027624854963,3.9400179051029545,1.3934386153620495,1.8823644453136459,0.4644795384540165,3.4224808096611743,7.1627634087908865,0.7578350364249743,6.087126582897374,9.925194348017406,4.962597174008703,12.663178995746346,8.140615068694078,24.250721165599177,3.9358529311103507,0.8800664939128734,11.832005084828632,1.4423311983572091,1.197868283381411,0,3.0557864371974772,5.500415586955459,17.25908179729135,3.2269104776805357,16.403461594876056
GE,DNov,nonquotes,100.8034624514216,14.41440092252166,4.590144293769235,3.489408223322126,5.45875234936015,65.737156207178,0.45676802923315385,49.24857915190906,13.822848884662328,2.5384321624596584,2.927808187379724,2.403648153833482,0.7937280507985952,9.974016638337066,2.7930241787535475,182.73716369517848,7.495488479711263,0.8236800527155234,21.026305345683543,1.969344126038024,3.0251521936097405,0.4642560297123859,1.5799681011179585,15.30547297955027,4.358016278913042,0.2995200191692812,0.6963840445685788,0.7862400503193632,1.198080076677125,0.5765760369008663,1.6473601054310467,0.4642560297123859,1.4376960920125499,1.1831040757186608,0.3294720210862094,0.8910720570286117,3.654144233865231,12.841920821882933,116.56570346020501,37.79942641916329,4.245696271724562,71.19590855653814,0.5286650193769339,4.166420675321546,1.47513609440871,1.6548481059102789,0.486720031150082,2.8080001797120113,4.9271043153346765,0.44179202827468983,6.200064396804121,4.627584296165395,2.5084801605427303,3.564288228114447,14.384448920604731,18.091009157824587,3.002688192172044,1.6323841044725826,0.8985600575078437,1.175616075239429,1.47513609440871,0.007488000479232031,3.818880244408336,6.649344425558043,16.166593034661954,1.969344126038024,5.855616374759448
GE,DNov,quotes,32.49202204815782,11.622425297360023,71.65651290977662,2.0851465042065565,6.85378590078329,63.29779518421816,48.82869161589788,35.52001740644038,20.3437771975631,5.965332172903975,3.5719466202494923,6.85378590078329,1.8313025819553235,5.8202785030461275,2.429648970118944,158.2354221061793,8.123005512039455,0.507687844502466,40.48810559907166,3.191180736872643,2.3571221351900205,0.489556135770235,3.191180736872643,17.551494052799537,0.9609805628082391,0.18131708732230925,0.3445024659123876,0.2175805047867711,0.7796634754859298,0.3082390484479257,1.2692196112561647,0.7434000580214679,0.507687844502466,0.8521903104148535,0.8340586016826226,0.5439512619669278,5.584566289527125,7.83289817232376,78.12953292718306,25.747026399767915,6.8356541920510585,88.24702639976792,0.48951641919164246,3.811255864376367,0.9609805628082391,1.686248912097476,0.2901073397156948,2.919205105889179,6.219176095155207,1.5411952422396287,7.035102988105599,9.174644618508848,4.786771105308964,12.72845953002611,8.141137220771686,25.910211778357993,2.5747026399767914,0.489556135770235,23.371772555845663,1.5411952422396287,1.2329561937917028,0,3.1186539019437194,4.89556135770235,17.87786480997969,2.5928343487090224,17.20699158688715
HT,DNov,nonquotes,92.11566605547799,11.06868302858008,5.921240769088432,3.7175971874106346,4.7268995912325265,5.786667115245513,1.5307753124632024,79.01155651252375,13.507830504482985,1.9176745672615945,2.691473076858378,1.7494574999579457,0.9251938701700675,11.62379935068212,2.42232576917254,219.03544333608087,8.225814591148417,0.7569768028664188,20.13558295624674,1.7662792066883106,1.4298450720810134,0.2355038942251081,1.3962016586202837,13.827442932359917,5.130620552761283,0.7569768028664188,0.6392248557538648,0.9420155769004324,1.227984591316635,0.21868218749474322,2.186821874947432,0.42054266825912157,1.7326357932275809,1.1606977643951755,0.2691473076858378,1.0597675240129865,2.943798677813851,9.773411610341986,118.25659831446498,46.42791057580702,4.003566201826837,68.4138812723939,0.5504785513480558,4.419170606877151,1.4634884855417432,2.1363567547563376,0.4037209615287567,3.061550624926405,6.072636129661715,0.3868992547983918,6.913721466179958,3.953101081635743,1.21116288458627,3.5325584133766212,14.954497283294364,13.608760744865174,3.1456591585782294,1.715814086497216,1.1943411778559052,0.4710077884502162,0.9083721634397026,0,3.1288374518478643,7.603411442124918,11.556512523760661,2.0017831009134186,5.4165895671774855
HT,DNov,quotes,26.966685636737733,14.00866786324038,71.02832377533599,2.2326314407039356,5.7129098629777175,71.33476338484438,41.67578689314013,32.46071006435232,16.810401435888455,5.012476469815699,4.268265989581053,5.625355688832465,1.9918574618044915,7.726655868318522,2.0137460053408045,165.78382874403536,7.704767324782209,0.5472135884078273,36.33498227027974,2.2764085277765616,2.363962701921814,0.48154795779888804,3.6116096834916607,20.006128792190168,0.83176465437989755,0.17510834829050476,0.48154795779888804,0.3721052401173226,1.2476469815698463,0.3939937836536357,1.7291949393687345,0.48154795779888804,1.0068730026704023,0.6128792190167667,0.9193188285251499,0.8974302849888368,6.08501510309504,8.55842052269842,84.07389572297859,26.791577288447225,7.223219366983321,89.91813684717418,0.5103837577980767,3.9076200534819443,1.597863678150856,2.320185614849188,0.43777087072626186,3.8961607494637307,7.266996454055947,1.2695355251061595,7.398327715273826,9.565293525368823,4.2463774460447405,12.607801076916342,7.442104802346452,26.81346583198354,3.6334982270279736,0.9193188285251499,17.007398327715276,0.9630959155977761,1.5759751346145427,0.021888543536313095,3.764829488245852,4.465262881407871,14.730989799938712,2.4952939631396927,17.160618132469466
LD,DNov,nonquotes,87.37890448166591,12.616568583069261,6.06156631960163,3.2412856496152105,4.585785423268447,6.668175645088275,2.3449524671797195,76.75418741511996,14.481665912177457,2.172928927116342,2.833861475780896,2.258940697148031,1.1860570393843368,12.947034857401539,2.978723404255319,213.40878225441375,7.464916251697601,0.9234947940244455,20.837483023992757,2.068809416025351,2.258940697148031,0.4526935264825713,1.2449071978270712,15.39610683567225,4.63558171118153,0.5432322317790855,0.8601177003168855,0.8691715708465368,1.2947034857401538,0.28519692168401994,2.793119058397465,0.4843820733363513,2.0280669986419193,1.2765957446808511,0.33499320959710277,1.0004526935264826,3.073789044816659,10.312358533272974,120.63829787234043,47.55998189225894,4.327750113173382,65.94386600271616,0.5411167296293441,4.424307405131007,1.720235400633771,1.810774105930285,0.3123585332729742,2.5939339067451335,5.305568130375736,0.3847894975101856,7.292892711634224,4.38207333635129,1.4712539610683568,3.9927569035762787,14.00181077410593,13.110004526935265,2.937980986871888,1.5980081484834767,0.9597102761430512,0.6382978723404256,0.9008601177003169,0.004526935264825713,3.739248528746039,7.351742870076958,10.561339972838388,1.8877320054323223,5.789950203712087
LD,DNov,quotes,25.462623895317613,12.922546099637062,72.43298667057273,2.4087365525771856,5.061601809807464,73.60480445290757,38.97107888612209,29.734876226746742,21.288023045749718,5.061601809807464,4.980225574923099,5.378969125856485,1.7821395439675798,8.096935370994254,1.749589050013834,154.36257995215078,7.315723516104357,0.4638445388408769,39.52443728333577,2.140194977458783,2.921406832348681,0.577771267678987,3.051608808163664,20.474260696906075,0.9358267011701903,0.09765148186123725,0.38246830395651255,0.40688117442182187,1.0741663004736097,0.5289455267483684,1.7658642969907068,0.6672851260517878,1.0090653125661182,0.6265970086096057,0.895138583728008,0.7893494783783344,5.6637859479517605,6.982080953078463,83.71987044903406,28.969939618833717,7.8609442898295985,93.60708298748433,0.49871708834406914,3.926805168061645,1.4403593574532494,2.1483326009472195,0.447569291864004,4.272252331429129,7.966733395179272,1.1474049118695375,7.169246293312501,9.423367999609393,4.793060234689062,12.458701560796186,8.341064075647347,27.147111957423952,4.410591930732549,0.6835603730286607,15.46148462802923,1.3345702521035756,1.5705613332682324,0,3.6782058167732696,5.370831502368048,14.810474748954315,2.9132692088602443,18.008560779909836
MC,DNov,nonquotes,92.03808538559537,10.795329367702138,5.814343324041879,3.429217314673793,4.880408440855581,1.43682289720969,1.09677481153673,73.17260074523215,13.209191835014416,2.2653907679339444,2.543176528061151,1.7768709828826499,0.8860407866126421,13.362452944050116,2.7347529143557767,221.32340967652328,7.437953197888828,0.8046208224374264,19.923944174641033,1.9109744532888877,1.8487121277431344,0.39273159190398194,0.8860407866126421,13.85097272910141,6.2884948801210765,0.39273159190398194,0.8141996417521576,0.75672672586377,0.8716725576405452,0.19636579595199097,2.9550657585945954,0.46936214642183205,1.9253426822609845,2.025920285065663,0.29694339875666925,1.1590371370824832,2.7730681916147017,11.202429188578217,118.24573503070012,49.335708880523384,3.941684148011916,67.19062808318246,0.5529345113846301,4.453404050144648,1.3793499813213024,1.9780261884920065,0.45020450779236953,3.750107761717291,5.598819889460425,0.3879421822466163,7.763633054589691,4.626569729015202,1.135090088795655,3.0987480483155645,17.9219709378622,12.026207649645105,3.0891692290008335,1.6236098738469495,1.1255112694809237,1.044091305305708,0.771094954835867,0.004789409657365633,3.6351619299405153,7.394848510972538,9.985919135607345,1.9540791402051783,5.230035345843271
MC,DNov,quotes,25.029699419460403,11.56596259741036,75.47761896578777,2.0546768180154062,5.103070060743718,71.79414379749106,40.002689758743585,32.53113769323301,18.761067236497038,6.433006328404599,3.6834751682967104,5.222614893791888,1.6885707668053884,8.02444691835835,2.2190509634566387,161.34069530263523,6.821527035811149,0.44082157186512355,41.6389596610904,2.8989622014181005,2.480555285749509,0.5454233007822715,2.7943604725009528,17.251813719263904,0.9563586643853528,0.1419594892447008,0.32127673881695445,0.2390896660963382,0.8218707272061625,0.2839189784894016,2.0023759535568324,0.7023258941579934,0.8069276230751414,0.9488871123198422,0.5753095090443138,0.7396836544855463,6.283575287094388,8.099162439013456,82.11235719996115,31.02935572806539,8.00950381422733,91.18282140749098,0.5149645418348135,3.886449478826109,1.0011879767784162,2.166750098998065,0.6350819255683984,4.886395050843912,7.284763263872804,1.2328060908092437,6.530136505256237,9.219895248840041,4.47545968724083,13.41143595759147,7.6732839712793535,25.418220126866952,3.2501251484970974,0.4557646759961447,22.653745862628043,1.4420095486435398,1.2029198825472016,0.0074715520655105686,3.115637211317907,4.587532968223489,13.426379061722491,2.8989622014181005,18.91796982987276
NN,DNov,nonquotes,92.58023603477871,11.022426869457588,5.378781318922003,3.142715978953481,4.186892276660877,1.5331564176093966,0.5501026348897503,61.29060190396634,9.26006102064413,2.322655569534501,2.302281397871918,1.4160049305495424,1.2937599005740423,15.611709036454487,3.3006158093385016,231.0176389391169,8.007049463395253,0.9524925252257713,17.195800883220343,2.3735909986909594,2.3684974557753136,0.3565480040952085,1.0798310981169172,14.776367998288569,7.181895511060628,0.7894991519251046,1.0136150402135213,0.7793120660938129,0.6265057786244378,0.17318045913195843,4.793023883622731,0.7793120660938129,2.5518650007385637,2.057791337920918,0.17318045913195843,0.9473989823101254,2.3735909986909594,10.956210811554193,113.09702689900014,52.24956322869498,3.35155123849496,66.24152561797409,0.5612160079212772,4.646469098848831,1.828581906716855,2.572239172401147,0.24449005995100012,4.411008164949294,5.995100011715149,0.32089320368568763,6.682728305327337,4.034085989191502,1.365069501393084,2.8116356894365016,21.021051612870366,11.175233156926964,3.560386498036439,1.731804591319584,0.8760893814910837,1.8540496212950843,0.993240868550938,0,3.7692217575779186,8.842390501561171,9.83563137011211,1.8795173358733135,4.686059482394169
NN,DNov,quotes,27.623719322871768,10.848088615609957,70.268455863842,2.418315113325145,5.179924170182251,63.669583393727635,36.09163659666013,36.56461936330417,18.01148890397687,6.698046276023588,4.813743963748159,5.492703096511371,1.7774997520654852,7.308346620080407,2.059763661191764,163.7130672932417,6.568357452911514,0.35855145213338113,39.36437219166482,2.6548064966471623,2.509860164933668,0.37380896073480163,3.2040768062982994,16.10430032879931,0.9535942875887796,0.12206006881136379,0.4119527322383528,0.23649138332201736,1.4265770542328142,0.419581486539063,2.128422449898156,0.7247316585674726,0.8849354988823875,0.7857616929731545,0.8086479558752852,0.7094741499660521,6.553099944310094,7.911018209836516,77.74463507853802,33.413943837110835,6.789591327632111,89.23353905540765,0.5242843615132686,3.9269120436411518,0.7933904472738647,2.5480039364372193,0.4043239779376426,5.485074342210661,6.942166413646316,1.1671994080086663,7.773700632423732,8.551833571096175,5.599505656721314,14.967615937993486,7.392262917388219,25.289320506854434,3.0057291944798332,0.6255578526582395,21.131649412967356,1.4723495800370758,1.4570920714356552,0,3.0515017202840946,5.988572126057536,15.257508601420474,2.6548064966471623,17.553763645934254
OCS,DNov,nonquotes,87.6211352099677,10.741937137876224,6.986104701840742,3.8519714915654,4.518535609906168,2.8393067733169257,0.525560170230221,71.07880838845306,11.408501256216992,2.352202225298672,2.4227041993539458,1.3715838588935036,0.9934369071424909,12.741629492898529,2.7816233399989745,207.02584217812645,7.312977490642465,0.9101163923498949,18.47151720248167,1.8138235143311285,2.320155873455366,0.3845562221196739,1.2113520996769729,15.420704506998923,6.229810798338717,0.7050197405527355,0.8460236886632826,0.9165256627185561,0.9870276367738297,0.16664102958519203,4.185253550735784,0.6665641183407681,2.371430036404656,1.9996923550223042,0.22432446290314312,0.9742090960365072,2.4227041993539458,10.87012254524945,114.43752243244629,53.10080500435831,4.069886684099882,66.70127672665744,0.5590027148594378,4.453168390193615,1.852279136543096,1.884325488386402,0.4742860072809311,3.8647900323027224,4.762087883915295,0.43583038506896377,7.02456032405271,3.6981490027175306,1.3074911552068913,3.287955699123212,13.510741937137876,11.895605804235245,2.7559862585243295,1.858688406911757,0.801158796082654,0.88447931087525,0.8139773368199764,0.006409270368661232,3.813515869353433,10.581705378659693,11.062400656309286,2.345792954930011,4.608265395067425
OCS,DNov,quotes,25.998171289241085,11.87138067662298,76.36391344102408,2.758305394696739,6.979579396525449,64.37061871380676,40.88692471807376,36.421822615056385,18.74428527887839,6.583358732093874,4.480341359341664,5.867113684852179,2.43828101188662,5.577567814690643,1.7525144772935082,153.21548308442547,6.263334349283755,0.3047851264858275,43.584273087473335,3.1240475464797317,2.971654983236818,0.45717768972874123,3.337397135019811,16.717464187747638,0.975312404754648,0.10667479427003962,0.2895458701615361,0.243828101188662,1.7220359646449253,0.4266991770801585,1.8134715025906736,0.5943309966473637,0.7314843035659859,0.5790917403230722,0.5943309966473637,0.6400487656202377,7.375800060957025,7.619628162145688,73.6818043279488,29.62511429442243,8.442548003657421,94.59006400487657,0.5144133407951427,3.8345782732972222,0.8991161231331911,2.316366961292289,0.4114599207558671,4.7698872295032,6.491923194148126,1.0057909174032307,7.192928985065529,8.168241389820176,4.891801280097531,15.940262115208778,6.461444681499543,26.013410545565378,2.727826882048156,0.5790917403230722,29.122218835720815,1.2343797622676014,1.4782078634562634,0,3.0783297775068577,6.522401706796709,15.940262115208778,2.7430661383724475,16.6107893934776
OMF,DNov,nonquotes,81.52638967343583,8.982052673083484,14.233701153796678,2.8970755197118585,4.882523028394695,3.11519510517279,1.599543626713497,71.05664957131113,13.131917606724794,1.9854475086828374,2.1476389953076325,1.812070402290815,0.8892567714945666,11.370182493386503,3.814296340624493,234.0311295798122,7.332173757417464,0.9899273493996119,16.649795023517765,1.767327923221906,1.9518906493811556,0.34116140290043123,0.9955201592832255,13.193438515444544,6.593922852780466,0.6152090871974989,0.9843345395159983,1.152118836024407,0.9507776802143165,0.2796404941806813,2.2483095732126777,0.3914966918529538,1.7896991627563603,0.9619632999815437,0.26845487441345406,0.9116280110290211,3.0592670063366536,11.610673318381888,118.7409466390009,47.19772260781539,3.6409192342324705,64.22223589353527,0.5407203674846695,4.4974904377510265,1.6778429650840878,1.5771723871790426,0.4026823116201811,2.7069199836689952,4.284092370848038,0.4026823116201811,6.672222191151056,3.8254819603917203,1.258382223813066,3.277386591797585,18.90929021649767,11.716936706170547,4.043601545852652,1.812070402290815,1.0570410680029754,0.9395920604470892,0.9339992505634755,0,3.1207879150564035,6.633072521965761,10.598374729447821,1.6946213947349287,4.697960302235446
OMF,DNov,quotes,26.271290759373116,11.409061165784479,72.60723934409236,2.3517826253150287,5.332003032050327,75.08211802968559,43.945293519316365,28.415753704219604,21.483501888552713,4.904406191083958,4.0686487291951465,5.77255735304598,1.7946109840558209,6.711974655169063,2.3258676652564607,158.54124689830323,7.560689597087158,0.6154803013909855,37.09078658382518,2.4943149056371516,2.714592066134978,0.4211181009517269,3.135710167086705,18.807782262505587,1.0754708424305641,0.18788346042461662,0.408160620922443,0.34985196079066544,1.1337795025623416,0.5377354212152821,1.1856094226794773,0.5960440813470597,0.6608314814934791,0.6478740014641953,1.2568755628405388,0.6478740014641953,5.830866013177757,8.389968318961328,83.78954460936437,27.022824601071584,6.828591975432618,87.70918231822276,0.49174322191332365,3.859365625374985,1.1856094226794773,1.7946109840558209,0.37576692084923324,3.304157407467396,6.880421895549754,1.3087054829576743,6.323250254290546,9.698673801919004,4.768352650776477,13.087054829576743,8.636160439517722,26.303684459446327,3.5633070080530738,0.7515338416984665,22.49418533083686,1.4253228032212295,1.3346204430162423,0,2.993177886764582,4.0621699891805045,16.766979157893374,2.6627621460178426,19.18354918335482
OT,DNov,nonquotes,97.46759233128257,10.451355571861301,6.105247314255611,4.1485578822599765,4.045079114221745,1.6932889315346842,0.6302797689601325,64.45786532708698,9.266053319787021,2.2577185753795788,1.7026960922654324,1.110044966228293,1.4298884310737334,12.746702790163873,2.9256269872627043,225.4802355553047,8.09015822844349,1.0253805196515589,16.387273992963443,2.1918684502643413,1.8720249854189008,0.3480649470376851,0.9783447159978176,13.34876107693176,7.798536245790295,0.6773155726138737,0.8466444657673421,0.6773155726138737,1.0441948411130553,0.0846644465767342,4.421365543451675,0.611465447498636,2.6528193260710053,2.492897593648285,0.18814321461496492,0.7902015013828526,2.3141615397640685,11.14748546593667,113.39391544843936,50.19660965927264,3.59353539914583,62.89627664578277,0.5572926168286073,4.50807688665846,1.4392955918044816,2.3141615397640685,0.14110741096122367,3.640571202799571,5.014016669488815,0.35747210776843336,6.011175706948129,3.320727737954131,1.0536020018438035,2.5963763616865156,19.218829372918666,10.498391375515043,3.207841809185152,1.7403247351884255,0.8372373050365939,2.173054128802845,1.0253805196515589,0,3.791085774491543,8.334744407442946,9.849297285093414,1.7779533781114185,3.8004929352222914
OT,DNov,quotes,27.913558013892462,12.495865338674703,69.66444926311146,3.1055900621118013,5.972288580984233,59.72288580984233,38.27777573596972,39.7295012679628,19.423720092616414,7.093241206953581,5.200485133595501,6.266308941894226,2.0030137086993274,5.255613951266125,1.3230916240949686,157.2641405417325,6.909478481384836,0.5696644492631114,38.53504355176596,2.609430703076188,2.0030137086993274,0.44103054136498954,3.0872137895549265,16.226248667720238,0.7718034473887316,0.11025763534124738,0.4594068139218641,0.2021389981256202,1.7641221654599581,0.47778308647873863,2.021389981256202,0.8269322650593554,0.716674629718108,0.7901797199456062,0.588040721819986,0.47778308647873863,6.982983571612334,8.434709103605424,74.92006321437759,29.218273365430555,6.284685214451101,90.3010033444816,0.5197120457616764,3.789526994744386,0.5329119041493623,2.793193428644934,0.294020360909993,3.362857877908045,5.659891947517366,0.9923187180712264,7.074864934396707,8.912492190084164,4.300047778308648,16.281377485390863,5.972288580984233,24.2015509574038,2.407291704950568,0.4594068139218641,28.060568194347457,1.4884780771068395,1.470101804549965,0.018376272556874563,2.7196883384174355,5.053474953140505,14.05784850600904,2.315410342166195,19.20320482193392
PP,DNov,nonquotes,90.59327378893613,8.987609611198144,10.910256149417103,3.5858883847734533,3.6723566153282743,4.781184513031271,2.2023966958963195,50.31433744989929,8.077150007120913,1.9379056377286321,2.0803238998189255,1.566600882993225,1.3173689243352118,14.68434009480987,2.82293340928974,257.44644056072104,8.44845476185632,1.083396065186873,15.833858924538667,1.9328192712254073,1.6479827470448212,0.1983682936257655,0.7222640434579154,12.314093304307136,4.771011780024821,0.6357958129030945,0.9104596040772314,0.7019185774450164,0.7120913104514659,0.10172733006449512,4.180993265650749,0.5493275823482737,2.3855058900124106,1.922646538218958,0.15767736159996745,0.36621838823218245,2.029460234786678,8.911314113649773,110.83192610526744,53.33563915281479,2.8331061422961894,60.21749303167789,0.5443581971970509,4.5660101965298905,1.337714390348111,1.8565237736770361,0.27466379117413686,4.180993265650749,4.943948241134463,0.4221684197676548,5.966307908282639,3.107769933470326,1.2207279607739416,2.700860613212346,25.767532705336617,9.308050700901305,2.50249231958658,1.1342597302191206,2.543183251612378,1.6174645480254726,0.8595959390449838,0,3.8656385424508146,6.988667575430815,9.542023560049643,1.4038371548900328,3.9368476734959614
PP,DNov,quotes,33.711745939411564,9.48909753592496,62.469892111505985,3.0994082947800874,5.244453331636688,55.07130456912771,30.212413993692113,35.57502658583361,16.969487643268103,5.353523418256515,3.9537906399687333,4.4446060297579555,1.5542487343325364,8.298415756991847,1.945083211386917,206.20608792866815,6.153370720135247,0.4726370420192509,35.11147871769935,2.399541905636197,1.881458994192018,0.2544968687795966,2.1632233846265714,15.124385344616028,1.3361085610928822,0.3817453031693949,0.4453695203642941,0.3817453031693949,0.9361849101535161,0.19087265158469746,2.1450450368566,0.9180065623835449,0.9907199534634297,0.7998473018787322,0.3817453031693949,0.4271911725943229,4.562765290262768,6.780523718199253,79.53027149362394,36.47485480044719,5.753447069195881,82.36609374573945,0.5372774625531371,4.021454671839334,0.7998473018787322,2.108688341316658,0.36356695539942374,5.844338808045737,5.65346615646104,1.2088601267030838,8.371129148071732,6.671453631579426,3.853809727233892,12.134047136455768,8.089364757637178,21.732214759000556,3.2811917724797994,0.718044736913862,23.695476318157443,1.3179302133229112,1.163414257278156,0,2.699484643840721,4.699102898537552,11.161505530762309,2.526790340025995,14.924423519146345
TTC,DNov,nonquotes,89.64326681734035,12.140966961578211,3.73655578143988,3.963702029551727,4.372565276153051,1.1698031777760112,0.2498608729230315,70.73334166202909,14.162568569773649,1.9761723585730673,2.3168917307408377,1.4196640506990426,1.033515428908903,11.345955093186749,3.191404785971448,221.59252234551215,9.006348737634726,0.7722972435802792,19.193857965451055,2.1465320446569525,1.0562300537200877,0.2271462481118468,0.8972276800417949,11.857034151438404,4.701927335915229,0.7041533691467251,1.2947336142375268,0.999443491692126,2.067030857817806,0.28393281013980853,2.9415439130484162,0.35207668457336255,1.6695249236220742,1.272018989426342,0.20443162330066214,0.8631557428250178,2.203318606684914,9.994434916921259,126.24788470056446,48.01871685084441,3.6797692194119183,61.84056604845029,0.540594837421563,4.4161672887488725,1.5559517995661507,1.805812672489182,0.2952901225454009,2.226033231496099,4.486138400208975,0.44293518381810126,6.462310758782042,3.361764472055333,0.9312996172585719,2.362320980363207,10.312439664277845,9.960362979704483,2.9188292882372315,1.0562300537200877,0.0567865620279617,0.53379368306284,1.033515428908903,0,3.032402412293155,9.733216731592636,10.63044441163443,2.169246669468137,4.576996899453714
TTC,DNov,quotes,29.668377023978277,12.138878351668097,68.84021802064407,2.5156228162996386,5.3706550601952605,70.05809890790026,35.797711981152794,33.74129015513007,21.742168626589734,4.412322558747779,3.4939205781939426,4.572044642322359,1.73697765887356,7.866312616048076,1.8368039611076727,168.24724978537344,8.664923033920978,0.5590272925110308,38.59284844370795,3.014754327470202,3.0746501088106695,0.5989578134046759,2.415796514065526,16.59113143130952,1.4374987521712221,0.4192704693832731,0.4791662507237407,0.4192704693832731,1.397568231277577,0.5989578134046759,1.8767344820013176,0.37933994848962804,0.8984367201070138,0.6788188551919659,0.4592009902769182,0.6987841156387885,5.4305508415357275,7.347215844430691,93.09800946353346,29.6883422844251,7.766486313813964,77.5450715754587,0.49586977741104493,3.93774066718009,1.2378461477029967,1.5373250544053347,0.23958312536187035,2.3359354722782357,5.949647613153114,1.1380198454688841,8.944436680176493,8.824645117495558,3.4939205781939426,11.75953840317847,7.0677021981751755,25.91490805997564,3.6736079222153455,0.5190967716173858,7.806416834707608,0.9982630223411264,1.1380198454688841,0,3.2743027132788947,5.071176153492923,12.498253039710903,3.2942679737257174,14.175334917243996
