doc_id,corpus,subcorpus,f_01_past_tense,f_02_perfect_aspect,f_03_present_tense,f_04_place_adverbials,f_05_time_adverbials,f_06_first_person_pronouns,f_07_second_person_pronouns,f_08_third_person_pronouns,f_09_pronoun_it,f_10_demonstrative_pronoun,f_11_indefinite_pronouns,f_12_proverb_do,f_13_wh_question,f_14_nominalizations,f_15_gerunds,f_16_other_nouns,f_17_agentless_passives,f_18_by_passives,f_19_be_main_verb,f_20_existential_there,f_21_that_verb_comp,f_22_that_adj_comp,f_23_wh_clause,f_24_infinitives,f_25_present_participle,f_26_past_participle,f_27_past_participle_whiz,f_28_present_participle_whiz,f_29_that_subj,f_30_that_obj,f_31_wh_subj,f_32_wh_obj,f_33_pied_piping,f_34_sentence_relatives,f_35_because,f_36_though,f_37_if,f_38_other_adv_sub,f_39_prepositions,f_40_adj_attr,f_41_adj_pred,f_42_adverbs,f_43_type_token,f_44_mean_word_length,f_45_conjuncts,f_46_downtoners,f_47_hedges,f_48_amplifiers,f_49_emphatics,f_50_discourse_particles,f_51_demonstratives,f_52_modal_possibility,f_53_modal_necessity,f_54_modal_predictive,f_55_verb_public,f_56_verb_private,f_57_verb_suasive,f_58_verb_seem,f_59_contractions,f_60_that_deletion,f_61_stranded_preposition,f_62_split_infinitive,f_63_split_auxiliary,f_64_phrasal_coordination,f_65_clausal_coordination,f_66_neg_synthetic,f_67_neg_analytic
AgnesG,19C,nonquotes,77.14224044895316,9.82085042089359,7.770343190157566,3.108137276063026,4.273688754586661,60.88927260954026,1.1655514785236347,57.47895532052666,11.159076192531836,3.323980142456292,2.5685301100798617,3.410317289013598,1.014461472048349,16.900496438592704,3.323980142456292,166.86812000863372,8.655298942369955,0.9928771854090223,21.627455212605224,1.5972372113101663,2.2447658104899633,0.302180012950572,1.2518886250809411,23.7211310166199,3.0433844161450465,0.3669328728685517,0.604360025901144,0.47485430606518453,1.4677314914742068,0.32376429958989855,1.4461472048348802,0.453270019425858,1.1223829052449816,1.5756529246708397,0.7554500323764299,1.2518886250809411,3.2376429958989856,11.245413339089144,106.02201597237212,48.068206345780276,4.964385927045111,79.94819771206562,0.7377794120828016,4.359092681658651,2.8491258363911074,3.453485862292251,0.19425857975393912,3.582991582128211,6.66954457155191,0.5180228793438377,4.122598748111375,7.058061731059788,3.582991582128211,6.475285991797971,9.69134470105763,17.5480250377725,3.2808115691776387,1.5324843513921864,0.38851715950787824,0.8417871789337362,1.1871357651629613,0,4.791711633930499,9.108568961795813,15.67019210015109,2.8707101230304337,8.676883229009281
AgnesG,19C,quotes,31.267740949386436,7.642255120310931,61.181710991746364,1.9214812873924625,5.458753657364951,63.452552513210186,38.909996069697364,48.16804227258832,17.162321498755404,4.934713306257915,3.973972662561684,7.292894886239574,1.528451024062186,8.166295471417966,1.6594611118389448,138.08463251670378,5.6771038036595485,0.1746801170356784,35.4163937289838,2.1835014629459804,1.8341412288746233,0.26202017555351764,3.406262282195729,22.795755273156033,0.6550504388837941,0.13101008777675882,0.30569020481243725,0.218350146294598,1.004410672955151,0.26202017555351764,0.9170706144373116,0.1746801170356784,0.436700292589196,0.873400585178392,0.6550504388837941,0.9170706144373116,8.122625442159046,9.389056290667714,72.75426874536006,29.78295995458317,7.816935237346609,101.05244770513997,0.7193320175438597,3.898429459931093,1.7904711996157037,3.886632604043845,0.4803703218481156,4.104982750338443,9.73841652473907,0.9607406436962312,5.065723394034674,12.314948251015329,6.725184505873619,17.904711996157037,7.5112450325341715,28.079828813485307,3.0132320188654527,0.8297305559194724,20.350233634656536,1.7031311410978645,1.4411109655443468,0,3.3625922529368095,5.982794008471986,23.669155858334424,3.6682824577492466,20.175553517620855
alli,19C,nonquotes,86.42698624056813,21.091877496671106,10.08433200177541,2.6749519159639,4.835034768456873,6.7939044237313215,2.615771563840805,96.37520343246042,11.362627607634266,3.391034176653351,2.686787986388519,2.9649356413670662,1.1776890072495931,8.959905311436604,2.9235093948808997,193.77422695665038,10.545938748335553,1.0889184790649504,27.293978399171476,2.544755141293091,6.503920698328155,1.2072791833111407,1.2664595354342358,15.854416333777186,4.207723035952064,0.2722296197662376,0.7811806480248558,0.39650835922473737,0.7160822606894511,0.4793608521970706,3.728362183754993,1.5150170143512354,2.284361591951472,0.6509838733540465,0.46752478177245155,1.8050007397544015,2.4145583666222814,12.226660748631454,110.95132416037876,32.146767273265276,6.634117472998964,75.85145731617104,0.7059421705867026,4.230636792031312,2.3376239088622577,3.6040834442964935,0.218967302855452,4.811362627607634,5.332149726290871,0.3905903240124279,7.332445628051487,7.29101938156532,4.178132859890517,8.51013463530108,18.1032697144548,17.38126941855304,4.065690190856635,0.911377422695665,0.7870986832371653,0.4556887113478325,0.2544755141293091,0,4.8882970853676575,3.112886521674804,16.03787542535878,3.101050451250185,10.871430685012577
alli,19C,quotes,22.293740275794455,13.938916004177413,82.24812975553614,2.152646049574799,5.765255013960229,77.43131780302222,40.04774185298067,42.690594428696265,21.750250431594875,6.202178222042243,5.58409173256037,7.928557727146785,1.4706195784223874,3.1543724290799036,1.7263795051045419,134.0395149086724,5.573435068948614,0.3836398900232315,42.90372770093139,2.9305824932330187,5.381615123936998,0.9058164069992967,3.5166989918796223,19.91730429037277,0.5541465078113345,0.08525330889405144,0.24510326307039793,0.21313327223512862,1.0656663611756432,0.5648031714230909,1.0230397067286174,0.6393998167053859,0.3729832264114751,0.1385366269528336,1.182889660904964,0.8738464161640274,7.662141136852874,8.706494170805005,72.99814574053156,17.306421705492443,8.610584198299197,104.55252669494234,0.694648652108514,3.694477578970621,0.767279780046463,2.9945224749035573,0.8951597433875402,5.999701613418871,9.036850742769454,0.7566231164347066,5.573435068948614,9.985293804215775,8.663867516357978,22.81591679277052,8.45073424412285,32.652017306421705,3.218312410750442,0.692683134764168,31.767514226645922,1.609156205375221,0.5008631897525523,0,4.038875508855687,1.9927960953984527,18.936891238091178,2.1100193951277735,26.982672264967285
Antoni,19C,nonquotes,75.29359525960405,12.402198710783788,6.407802667238291,3.965641316164199,7.747546355131601,2.7790111926015526,0.2985714504447949,73.37967570547075,11.062455022890477,1.2325641928618456,0.8038462127359863,0.11483517324799804,0.7426007870037207,23.656045689087595,3.284285954892744,208.96173692027378,8.55904824608412,1.2019414799957129,10.817473319961415,0.9416484206335839,0.9569597770666504,0.2143589900629297,0.45168501477545897,12.233773790020058,3.51395630138874,1.623003781905039,2.3502932124756932,1.0335165592319824,3.0239928955306152,1.0105495245823828,3.743626647884736,1.3167766532437108,1.7531503115861033,1.7225275987199706,0.007655678216533203,0.8268132473855859,1.2631869057279785,10.335165592319823,142.34968075821837,60.709528257108296,2.7407328015188868,59.078868796986725,0.7207250829355746,4.7353855625673384,1.515824286873574,2.2967034649599607,0.07655678216533203,1.2708425839445117,3.996264029030332,0.7732234998698535,4.524505825971123,2.5034067768063575,0.6201099355391895,1.6765935294207714,2.7024544104362205,8.849964018312383,2.7790111926015526,2.1359342224127635,0.015311356433066406,0.32153848509439453,0.4669963712085254,0,4.455604722022324,11.52179571588247,7.6250555036670695,2.4115386382079587,2.373260247125293
Antoni,19C,quotes,36.18014922969564,15.889205002952385,53.16978903859574,2.5497879650008053,6.012131622738741,78.69450856191959,31.4294916527994,37.84422137527511,10.091792366740028,2.3619088517902194,1.7714316388426647,0.9930753126845241,1.073594932631918,13.258897418004187,2.174029738579634,185.54404423211122,9.635514520371464,1.0199151860003222,24.74636319716571,1.5298727790004831,3.2476246712115517,0.536797466315959,1.3151537924740995,15.540286649847014,1.0199151860003222,0.7515164528423426,1.1272746792635138,0.2683987331579795,2.683987331579795,2.3350689784744216,3.3549841644747436,1.5298727790004831,0.9662354393687261,0.536797466315959,0.40259809973696925,0.8051961994739385,3.14026517794836,8.347200601213162,118.68591980245853,27.188791668903324,7.032046808739063,54.9412206774384,0.6917925670766167,4.1767191495088145,0.9125556927371303,1.1272746792635138,0,0.7515164528423426,4.723817703580439,0.5636373396317569,5.770572762896559,5.36797466315959,4.616458210317247,14.708250577057276,3.328144291158946,17.499597401900264,3.27446454452735,0.536797466315959,0.08051961994739384,0.45627784636856517,0.6441569595791508,0,3.623382897632723,6.41472972247571,10.682269579687583,3.167105051264158,6.790487948896881
arma,19C,nonquotes,82.7402563054507,15.688490298381861,15.06335505277584,3.2879709552547425,6.642061984563968,22.51689067346301,3.269938207785338,71.14519968262364,10.260633310091125,1.1961722488038278,2.500540982424082,1.3284123969127937,1.0759539323411316,12.899425356447308,2.7529994469957444,213.6039046909187,6.2393306244139355,0.6792334880142339,17.389579476329015,1.8513620735255223,1.3704888076747372,0.30655670697987547,1.478685292491164,15.448053665456468,3.6426149888196964,0.7573753937149864,1.4486307133754899,0.6131134139597509,1.9475367266956793,0.6071024981366161,3.1978072179077204,1.4366088817292202,1.4305979659060855,1.1480849222187492,0.10819648481642663,0.2464475487485273,2.7109230362338006,8.607631458729053,124.0051934312712,43.1824192734005,3.6125604097040225,61.930465725757976,0.7055164947523531,4.3908118198233375,0.8896155418239523,1.6169363564232646,0.1502728955783703,1.4185761342598158,4.874852732562333,0.3606549493880888,5.115289365487726,4.748623500276502,1.1300521747493448,3.4502656824793827,11.589045707003919,15.201606116707941,4.015291769854055,1.0338775215791878,1.4907071241374337,0.8174845519463345,0.5289605924358636,0,3.540429419826405,5.1333221129571305,8.373205741626794,1.7251328412396914,3.907095285037628
arma,19C,quotes,39.34858394076464,15.07534068973465,55.129793425336366,2.3624996398628597,6.014290241724049,73.30231352098879,31.49759428390331,35.617563168054396,13.95891555504336,2.895502607392895,4.228010026217984,3.723818029905788,1.4333458180875278,9.702094557607538,2.420121582298539,176.05664236941428,5.971073784897289,0.5258002247255755,29.27914950012965,2.470540781929759,2.2760667262093404,0.3889481114408367,2.7154340372813968,20.92396784695612,0.9579647929931718,0.25209599815609784,0.7490852516638336,0.3961508542452966,1.3108991904117089,0.5041919963121957,2.4921490103431387,1.2028580483448097,0.8499236509262728,0.8211126797084329,0.23048776974271803,0.3745426258319168,6.201561554640007,8.513641994871648,102.5886657639229,32.794087988706096,5.373246132127114,69.65772566193206,0.7105528445908446,4.028570583756533,0.7850989656861332,2.8666916361750556,0.33132616900515716,2.29767495462272,5.7405860151545705,0.49698925350773576,6.720159036561123,8.967414791552624,3.0755711775043935,9.946987812959176,9.745311014434296,21.701864069837793,4.63136362326774,0.8499236509262728,12.979342533636808,0.9795730214065517,0.9939785070154715,0,3.4861275173586104,3.5365467169898297,11.625226886398341,2.002362499639863,11.178656832521824
basker,19C,nonquotes,90.34376207029742,15.44998068752414,14.484356894553882,6.025492468134415,4.441869447663191,48.62881421398223,2.8968713789107765,47.27694090382387,14.638856701429123,2.008497489378138,2.5878717651602936,1.1587485515643106,0.7338740826573967,9.92661259173426,1.8153727307840866,199.6523754345307,6.450366937041329,1.08149864812669,23.406720741599074,3.2444959443800694,3.514870606411742,1.2746234067207416,0.8111239860950173,10.390112012359985,2.626496716879104,0.540749324063345,1.2746234067207416,0.6952491309385863,0.2703746620316725,0.19312475859405176,6.1027423715720355,1.7381228273464657,2.2402471996910003,1.1587485515643106,0.19312475859405176,0.23174971031286212,2.317497103128621,10.081112398609502,118.57860177674777,50.984936268829664,5.407493240633449,61.33642332947084,0.7318754604319336,4.242274029896987,1.5063731170336037,2.008497489378138,0.0772499034376207,2.742371572035535,5.48474314407107,0.3862495171881035,6.257242178447277,6.1027423715720355,2.5106218617226728,3.1286210892236386,10.621861722672847,14.44573194283507,2.742371572035535,1.6222479721900347,0,0.656624179219776,0.2703746620316725,0,3.4376207029741215,6.875241405948243,16.26110467361916,1.9312475859405176,3.978370027037466
basker,19C,quotes,41.66051987135987,15.843979582804709,59.33378573746791,2.50789248517393,4.396188003422536,57.150444044492964,28.294928156256454,38.88708582893223,20.505709143480956,5.399344997492108,4.278169533531997,4.514206473313074,2.271855545392854,8.084265187501844,1.1211754639601097,180.77479125483137,5.340335762546839,0.5605877319800548,40.12627976278288,4.484701855840439,7.346649750685982,1.2096893163780131,1.770277048358068,15.902988817749979,0.5310831145074204,0.14752308736317232,0.6786062018705927,0.2655415572537102,0.5900923494526893,0.6195969669253238,4.455197238367805,1.7112678134127992,1.2096893163780131,0.5605877319800548,0.7081108193432272,0.6786062018705927,4.661729560676246,8.379311362228188,90.66768949340572,31.30439913846517,7.081108193432272,74.5581683533473,0.7260389418239924,4.019652215340638,1.5342401085769923,2.5669017201191986,0.11801846989053787,4.69123417814888,6.1959696692532384,1.0326616115422063,8.969403711680878,11.064231552237926,4.8682618829846875,10.50364382025787,7.081108193432272,25.28545717404774,3.1274894520992533,1.4162216386864543,5.7534004071637215,0.5310831145074204,0.32455079219897914,0,3.03897559968135,3.0979848346266192,15.607942643023634,2.9209571297908123,11.064231552237926
cran,19C,nonquotes,91.12856797964604,15.079763032295206,7.577023789626163,2.3028209556706964,3.9742232622058795,36.046576410942116,0.6128475123962338,60.78333054766282,10.641261351607332,2.0056827678422198,2.284249818931417,2.284249818931417,1.2999795717495868,10.362694300518134,2.7113859639348523,205.35963006295614,8.524151763329433,0.9099857002247107,24.253904581499434,1.4299775289245455,2.8970973313276507,0.6128475123962338,2.0985384515386185,18.292569688190614,2.339963229149256,0.42713614500343566,1.188552751313908,0.297138187828477,0.98427024718183,0.5571341021783943,3.3613757498096457,0.9285568369639906,2.172822998495738,2.0985384515386185,0.5385629654391145,1.281408435010307,4.531357364384274,13.036937990974428,107.50831058369083,38.21939940943785,5.571341021783943,74.4145449142942,0.7414424722780383,4.265861875350926,1.7271157167530224,3.472802570245325,0.44570728174271546,4.252790313295077,6.147046260701617,0.389993871524876,4.531357364384274,6.425613311790815,2.562816870020614,4.308503723512916,9.87984474529686,18.961130610804688,4.345645996991476,1.2999795717495868,0.9099857002247107,0.9285568369639906,1.1328393410960684,0.018571136739279813,4.382788270470035,6.834178320054971,15.042620758816646,1.4671198024031051,7.7627351570189616
cran,19C,quotes,56.30973066898349,13.629452649869679,51.09687228496959,2.0091225021720245,4.615551694178975,72.05690703735881,17.213292788879237,46.20981754995656,17.10469157254561,2.0091225021720245,2.8779322328410077,3.855343179843614,1.0317115551694178,4.452649869678541,2.3892267593397047,178.16029539530842,6.027367506516073,0.38010425716768026,34.589487402258904,2.0091225021720245,2.0634231103388356,0.10860121633362294,3.2037358818418764,18.788010425716767,1.2489139878366637,0.05430060816681147,0.5430060816681147,0.705907906168549,0.9774109470026064,0.21720243266724587,1.520417028670721,0.32580364900086883,0.43440486533449174,0.8688097306689835,0.43440486533449174,0.814509122502172,5.7558644656820155,9.9370112945265,79.17028670721112,28.019113814074718,6.570373588184188,90.03040834057342,0.731157394769886,3.885508451094486,0.43440486533449174,3.4209383145091223,0.5973066898349262,5.973066898349262,8.525195482189401,1.1946133796698524,5.267158992180712,8.688097306689835,4.887054735013032,12.109035621198958,6.407471763683753,29.050825369244137,3.366637706342311,1.0860121633362294,12.652041702867072,1.5747176368375326,1.5747176368375326,0.05430060816681147,3.366637706342311,4.561251086012163,23.6750651607298,2.8779322328410077,16.181581233709817
Deronda,19C,nonquotes,79.39702796454114,15.29318278065655,8.931332943152565,2.8882893428309044,4.439495810315047,3.3212948291531648,0.9659353156419663,79.69680099353347,9.90202656084203,1.75581345552653,2.7407819793584856,1.308533063061777,1.332324573299264,21.074519768365857,4.862984692542313,196.97467155820118,7.83692347222817,1.1705423036843532,22.95404907712732,2.103169504993838,3.107171237015783,0.7660866296470767,1.1990921159693375,17.86266588630513,4.315779957080116,0.37114755970479496,1.1467507934468664,0.8564943685495268,1.7986381739540063,0.39969737198977917,6.119176433081619,1.10392607501939,1.8509794964764774,1.6178226961491062,0.39969737198977917,0.5329298293197056,2.8121565100709462,9.245380878287392,124.97204497547095,50.39517698504466,6.033526996226667,64.90323992786413,0.7421834237836809,4.571608884281655,1.6368559043390956,2.7645734895959726,1.0040017320219452,1.9318706312839327,5.733753967234332,0.22364019623237644,7.132694769198559,6.385641347741472,2.307776493036225,5.029525264204721,13.380345357562607,16.987138309565616,3.1833040697757413,2.4600421585561407,0.07137453071246057,0.47107190270223975,0.6566456825546372,0.004758302047497371,3.8018833359503996,6.3142668170290115,11.681631526606045,1.9842119538064038,7.989189137748086
Deronda,19C,quotes,34.56808779916508,13.506110806777611,66.89775024084324,2.4367668448591777,4.977426849770491,76.3803623037836,34.89865694478551,33.26470088214738,18.21908234005176,4.911313020646404,6.724720905192769,4.684637035078109,1.6717353935661798,7.961993993086383,3.079015470636015,150.66397174106046,7.744762840250099,0.39668297474451725,40.74500840590113,3.3056914562043107,3.201798296152175,0.746141785828973,3.1545741324921135,21.184759817903625,0.5761347966527512,0.08500349458811085,0.5289106329926897,0.37779330928049265,1.6434008953701429,0.4722416366006158,2.682332495891498,0.5289106329926897,0.32112431288841875,0.595024462116776,1.2183834224295889,0.595024462116776,5.487447817299156,7.33863503277357,87.26080961106179,26.492755813294547,9.558170724796463,76.48425546383574,0.7128186123899829,3.92599560388931,1.0861557641814163,2.5501048376433255,0.8594797786131207,2.757891157747596,6.205255104932092,0.4627968038686035,4.949092351574453,10.993785300062337,7.111959047205274,16.613460775609664,6.819169232512892,26.861104289843027,3.192353463420163,1.1806040915015394,8.594797786131208,1.133379927841478,1.256162753357638,0,3.5040329435765694,4.939647518842441,17.510719885150834,2.6728876631594853,17.491830219686808
dorian,19C,nonquotes,108.67100463373755,15.478655230208025,6.211180124223603,4.337967070886325,2.9823523612343488,2.5633441782510107,0.29577048210588586,87.0551118998324,15.527950310559007,2.883762200532387,2.7605244996549345,1.3063196293009958,1.3802622498274673,8.404811199842255,2.02109829439022,218.22932071379276,6.482303066153998,0.911958986493148,22.77432712215321,3.4260080843931777,1.6513851917578626,0.5915409642117717,1.109139307897072,12.20053238686779,5.866114561766736,0.6654835847382431,1.5281474908804102,0.714778665089224,5.003450655624569,1.7499753524598245,2.5386966380755203,0.22182786157941436,1.6020901114068815,0.29577048210588586,0.14788524105294293,0.5915409642117717,1.6513851917578626,8.281573498964804,116.65680765059648,49.68944099378882,5.545696539485359,53.21403923888396,0.7184555135522447,4.336293474496611,0.29577048210588586,2.3168687764961056,0.1725327812284334,1.774622892635315,4.091491669131421,0.12323770087745244,2.883762200532387,3.499950704919649,0.7394262052647146,4.06684412895593,8.330868579315784,11.929409444937395,2.366163856847087,2.9823523612343488,0.024647540175490486,0.49295080350980974,0.7887212856156955,0,2.883762200532387,6.778073548259884,10.844917677215815,1.5281474908804102,3.647835945972592
dorian,19C,quotes,32.459457401720684,13.425373702509962,87.07458822932264,2.6393929396238867,5.151891987919702,71.92345760475091,42.56021115143517,34.08369921072,21.74961297363145,5.151891987919702,7.055300357840774,4.66969520087303,1.5988630307337004,6.598482349059716,1.370454026343172,156.02872877699667,5.20264954445093,0.22840900439052864,47.0522549044489,2.9946958353424864,2.9693170570768723,0.5075755653122859,2.9693170570768723,16.90226632489912,0.30454533918737153,0.10151511306245717,0.35530289571860013,0.27916656092175723,2.0556810395147576,1.3958328046087862,2.106438596045986,0.3806816739842144,0.6090906783747431,0.27916656092175723,0.8374996827652716,0.3806816739842144,4.060604522498287,6.014770448950587,81.31360556302819,31.063624597111897,10.709844428089232,89.86625383854022,0.7089614288622024,3.934909109634894,0.786742126234043,3.375377509326701,0.5837119001091288,4.415907418216887,8.197345379793417,0.786742126234043,4.289013526888816,6.6746186838565595,6.319315788137959,11.82651067177626,6.649239905590945,24.617414917645863,3.0962109484049436,1.3450752480775576,10.963632210745375,1.3450752480775576,1.040529908890186,0.025378778265614292,3.882953074638987,2.588635383092658,13.12082836332259,2.106438596045986,19.592416821054236
dracula,19C,nonquotes,85.37608437122601,11.136411825984347,26.734763489531957,4.314437694172743,6.287278862020964,59.62774146561817,1.7976823725719764,54.28078876771178,13.597853843813668,2.304720990476893,2.7656651885722714,2.286283222553078,0.7375107169526057,7.301356097830797,5.1072617148967945,181.85170503258877,6.204308906363796,0.6821974131811603,25.8128750933412,3.770523540420197,3.4755192536391544,0.9311072801526648,1.5764291574861948,15.8288237625953,2.2217510348197247,0.34109870659058017,0.7282918329906981,0.6914162971430678,1.0048583518479253,0.451725314133471,2.58128750933412,0.8850128603431269,0.8757939763812193,1.4104892461718583,0.129064375466706,1.5579913895623796,3.2358282706295576,14.492085588118702,102.43101970075503,34.91191356374397,6.923381855392586,75.76078839895642,0.7232781848044734,4.049095295536791,1.2076737990098918,2.996137287619961,0.7467296009145132,2.2494076867054473,6.11212006674472,0.387193126400118,3.401768181943894,8.260120029869183,3.1528583149723897,5.3285149299825765,8.711845344002654,20.79780221806348,3.503175905524877,3.2819226904390955,0.6268841094097148,1.1062660754289086,0.6268841094097148,0.05531330377144543,2.9131673319627924,6.370248817678132,15.662883851280965,1.8990900961529598,7.882145787430973
dracula,19C,quotes,28.935467527349832,10.301927154679026,68.56692499671614,2.6083203542812106,6.267474808128952,68.51063031281079,28.766583475633784,42.952843819781954,15.743746598862847,4.785048131954739,3.1149725094293594,5.179110919292188,1.4824266761742133,4.409750239252406,1.9140192527818956,163.5735865343116,5.291700287102888,0.4691223658779156,38.69321273761048,4.50357471242799,3.2838565611454094,0.7693606800397815,2.758439511362144,17.319997748212643,0.6192415229588486,0.13135426244581636,0.4128276819725657,0.31900320879698263,2.139197988403295,0.8256553639451314,2.383141618659811,0.844420258580248,0.45035747124279896,0.6943011014993151,0.7693606800397815,1.1071287834718808,5.7232928637105704,10.45204631175996,86.1308663751853,28.74781858099867,8.444202585802481,85.30521101124017,0.7091286283651677,3.7749824767461684,1.0695989942016475,2.439436302565161,0.3940627873374491,1.9703139366872455,8.688146216058996,1.0883638888367642,7.16818975061455,12.140886828920456,5.685763074440337,14.61785292075585,4.991461972941022,22.855641665572048,2.645850143551444,0.9382447317558312,5.798352442251037,0.9945394156611811,1.1071287834718808,0.05629468390534987,2.739674616727027,5.291700287102888,18.764894635116622,2.702144827456794,16.419282805727047
emma,19C,nonquotes,83.03880352691692,15.067524833513152,2.9266961816535835,2.095812096184134,5.592966008160026,1.4137430707987648,0.682069025385369,83.11321105695896,14.608678398253904,1.624564405917879,2.6290660614854224,2.157818371219167,1.4261443258057716,19.606384166077607,3.968401602242147,185.38636109974328,11.905204806726442,1.2029217356796509,29.763012016816102,2.393442216352295,2.505053511415355,0.5084514552872751,1.5253543658618252,21.92541885238786,2.1206146061981475,0.3720376502102013,0.6324640053573422,0.35963639520319457,0.7936803204484294,0.33483388518918117,2.6290660614854224,1.0045016555675434,0.6200627503503354,1.9097932710790333,0.16121631509108722,1.4137430707987648,1.6989719359599191,8.70568101491871,105.60908763966914,39.212768332155214,6.671875193769609,86.37474112380173,0.7294639797362735,4.469773331327416,2.306633431303248,4.042809132284187,0.47124769026625496,7.936803204484294,9.660577650458226,0.2728276101541476,3.621166462045959,9.896201495591354,4.762081922690577,4.9108969827746565,10.863499386137876,18.787901335615164,4.191624192368268,2.4802510014013417,0.04960502002802684,0.7688778104344159,1.3765393057777446,0,6.671875193769609,7.031511588972804,14.73269094832397,3.0879124967446705,9.90860275059836
emma,19C,quotes,28.777065882095485,12.558812444530899,62.9277959466524,1.8236416908805757,4.25516394538801,62.01597510121211,28.789223493368024,44.09565608549232,18.090525573535313,3.343343099947722,3.3798159337653337,4.996778233012778,2.0181634712411705,10.795958810013008,2.3707341981447487,152.6995975830669,7.197305873342006,0.4741468396289497,42.01670455788847,2.954299539226533,2.3221037530546,0.7659295101698418,2.6382016461405664,19.330601923334104,0.778087121442379,0.12157611272537172,0.3039402818134293,0.09726089018029738,0.7416142876247674,0.5592501185367099,1.5197014090671466,0.5470925072641727,0.24315222545074344,0.9482936792578994,0.46198922835641254,0.6808262312620816,4.352424835568308,8.789952950044375,81.68699014017726,30.5156042940683,8.546800724593632,103.52205998565402,0.7236642159846143,4.015082120607717,1.4467557414319234,3.0880332632244416,0.6808262312620816,11.112056703098975,11.185002370734198,0.9726089018029738,3.9876964973921925,12.230556940172395,7.938920160966774,14.649921583407291,7.634979879153344,29.226897499179362,3.550022491580854,1.3738100737967005,0.5835653410817843,1.264391572343866,1.3008644061614774,0,5.252088069736058,3.963381274847118,16.2547262713822,2.893511482863847,18.382308244076203
frank,19C,nonquotes,85.8769090395603,13.577806260998024,15.228867502335383,3.454193912797897,4.019030653255415,81.37993960591776,2.9979796224283635,35.06332688840129,9.298081727531446,2.932806152375573,1.1513979709326323,0.6300102105103083,1.5424387912493753,20.355847146488237,4.149377593360996,184.6581651495731,9.580500097760206,2.150724511742087,19.35652060567878,0.8255306206686798,2.9979796224283635,0.4562142903695336,0.9776020507918577,16.184745063109645,1.8248571614781344,0.8472551106862767,1.2817449110382133,0.43448980035193674,2.7590102322347985,0.6300102105103083,3.4107449327627033,2.0421020616541026,2.1941734917772804,1.8248571614781344,0.10862245008798418,0.6951836805630988,2.259346961830071,8.885316417197107,114.87910321305208,42.38448002433143,5.887336794768743,60.394082248919204,0.724048375859967,4.454183440322054,2.085551041689296,3.584540852903478,0.2824183702287589,1.607612261302166,5.431122504399209,0.30414286024635573,7.538398036106102,6.647693945384632,2.9762551324107664,4.496969433642545,5.583193934522387,16.706132823531966,3.9321326931850273,1.8465816514957312,0,0.673459190545502,0.4127653103343399,0,4.7576633138537074,10.905693988833612,18.118224674675762,2.172449001759684,6.234928635050292
frank,19C,quotes,64.55704882062534,11.793746571585299,35.6897970378497,2.3998902907295667,4.7654964344487105,76.83077345035656,25.541689522764674,33.049917718047176,9.051014810751509,3.874108612177729,1.6456390565002743,1.0628085573230939,1.6456390565002743,17.347778387273724,3.1198573779484366,175.19199122325836,9.22243554580362,1.6799232035106966,24.993143170597914,0.6171146461876028,4.1140976412506856,0.4799780581459133,1.4056500274273176,15.462150301700493,1.4056500274273176,0.7885353812397148,0.7542512342292924,0.3085573230938014,2.0227646736149203,1.1313768513439386,3.359846407021393,2.0913329676357653,2.2627537026878772,1.3370817334064728,0.4114097641250686,0.71996708721887,3.256993965990126,7.439659901261656,102.57816785518376,40.558145913329675,8.845309928688975,64.11135490948985,0.7208311259417248,4.356552173763854,2.3998902907295667,3.0170049369171696,0.17142073505211192,2.708447613823368,5.554031815688425,0.27427317608337903,8.159626988480527,7.988206253428415,3.1884256719692816,9.35957213384531,4.3540866703236425,20.15907844212836,4.2512342292923755,1.6456390565002743,0.03428414701042238,0.44569391113549095,0.17142073505211192,0,5.03976961053209,11.725178277564455,19.816236972024136,2.3656061437191442,9.22243554580362
jane,19C,nonquotes,103.00306397430691,10.936173354498136,9.27498246520728,3.839196721916645,7.087747794307653,63.429805456089184,1.5781313448263132,52.9181586621876,13.547934585994316,1.7165639189338846,1.956513714053675,1.4950718003617705,0.6921628705378567,13.049577319207058,3.0639743069142455,194.43316475322086,7.429214810439662,0.6737051939901805,20.598767027206616,1.6150466979216656,1.25512200524198,0.21226328029827604,1.3197238731588468,15.190667798737495,3.506958544058474,1.1166894311344089,1.661190889290856,0.82136660637159,0.8029089298239138,0.10151722101221898,1.854996493041456,0.21226328029827604,1.2182066521466277,1.3012661966111705,0.5906456495256377,0.7290782236332091,1.864225331315294,9.311897818302633,101.29572889364687,40.45922699250618,5.823396950791834,72.15105762486618,0.7390934535411104,4.297672307592556,1.6058178596478276,3.230093395843331,0.35992469267968547,2.27029421536417,4.752851711026616,0.62756100262099,5.684964376684263,4.715936357931263,1.9103695226844846,3.839196721916645,8.850455904610728,17.257927572077225,3.940713942928864,2.6486765845915317,0.1753479272029237,1.2735796817896563,0.6737051939901805,0,3.654619956439883,9.893314629554432,14.193953265162982,3.0639743069142455,6.847797999187862
jane,19C,quotes,34.29154746751692,9.703966023516365,65.5332770419287,2.53311320873609,6.150045999319462,66.75572470982621,45.09193562615786,33.30854831188799,15.816204363003944,3.100228106214319,3.175843425878083,4.032817048734073,1.865177885039509,9.88040176939848,1.902985544871391,176.14588715673796,6.843186429570631,0.49149957781446524,35.652623221464665,1.965998311257861,1.4997038399979836,0.35287149176423144,2.0668187374762126,17.593164375102397,0.7813583031922268,0.27725617210046755,0.8065634097468147,0.34026893848693746,0.7813583031922268,0.23944851226858563,1.6005242662163355,0.604922557310111,0.8821787294105786,0.642730217141993,1.0838195818472822,0.592320004032817,4.310073220834541,7.901800904863325,83.49191546207261,31.027486168697777,8.77137708099661,80.40428990913558,0.7243443533123028,4.003049632773386,1.0460119220154003,2.6717412947863237,0.4410893647052893,2.9616000201640853,5.98621280671464,0.8191659630241087,6.0240204665465225,8.29248005645944,5.3182774830180595,14.896217973761484,6.087033232932992,21.47475078450894,3.175843425878083,0.8443710695786967,4.599931946212303,1.1594349015110461,0.8569736228559907,0,3.4152919381466686,7.120442601671098,17.152075010397105,3.5791251307514904,14.27869286317408
Jekyll,19C,nonquotes,94.66493168510084,12.09065278681414,6.560399045760139,3.0362177401865105,6.668835393623943,36.00086749078291,0.9759271307742355,41.2058121882455,11.711125569290827,3.3073086098460203,1.5181088700932552,0.9759271307742355,1.0301453047061375,14.367816091954023,2.5482541747993928,206.300151810887,9.813489481674257,0.7048362611147256,20.87399696378226,1.897636087616569,1.1385816525699415,0.27109086965950985,0.4337453914552158,13.662979830839298,2.7651268705270007,0.7048362611147256,1.4096725222294513,0.6506180871828237,2.3855996530036867,0.7590544350466276,1.2470180004337454,0.7590544350466276,2.277163305139883,1.4096725222294513,0.32530904359141183,1.0301453047061375,1.4096725222294513,7.915853394057688,125.35241813055737,40.12144870960746,5.313381045326393,71.73064411190632,0.7126121559007904,4.2955399444535205,2.331381479071785,2.5482541747993928,0.2168726957276079,2.331381479071785,5.584471914985904,0.7048362611147256,8.132726089785296,3.8494903491650403,1.4638906961613534,3.2530904359141184,11.494252873563218,11.168943829971807,2.3855996530036867,2.114508783344177,0.054218173931901974,0.8674907829104316,0.3795272175233138,0,5.530253741054001,9.217089568423335,14.25937974409022,1.7349815658208632,3.8494903491650403
Jekyll,19C,quotes,32.953784326858674,12.056262558606832,73.40924313462827,2.0093770931011385,5.2243804420629605,69.25653047555258,37.508372404554585,25.184192900200937,23.710649698593436,7.635632953784327,4.822505023442733,4.152712659075687,1.2056262558606832,4.956463496316142,1.607501674480911,172.27059611520428,7.9035498995311455,0.40187541862022774,40.72337575351641,4.286671131949096,2.4112525117213663,0.40187541862022774,2.2772940388479572,18.08439383791025,0.8037508372404555,0.40187541862022774,0.6697923643670463,0.6697923643670463,1.4735432016075016,1.3395847287340925,1.3395847287340925,0.40187541862022774,0.535833891493637,0.40187541862022774,0.535833891493637,0.6697923643670463,7.367716008037508,6.296048225050234,84.52779638312123,24.380442062960483,7.367716008037508,76.49028801071668,0.7156489275047515,3.791717583163612,1.071667782987274,2.4112525117213663,0.9377093101138647,4.822505023442733,6.697923643670462,1.607501674480911,9.778968519758875,10.984594775619557,5.760214333556598,11.118553248492967,5.492297387809779,29.73878097789685,4.152712659075687,1.4735432016075016,8.439383791024783,2.5452109845947755,0.6697923643670463,0,4.018754186202277,3.6168787675820497,17.146684527796385,2.5452109845947755,11.520428667113196
Jude,19C,nonquotes,97.99237326155226,15.275908479138627,4.138627187079408,4.800358905338717,5.675190668461194,2.2992373261552266,1.3234634365186182,93.59578286227007,9.959623149394348,2.288021534320323,2.063705697622252,2.0749214894571555,0.88604755495738,12.303723642889189,4.5199641094661285,196.02960969044415,7.065948855989233,1.0655002243158367,19.59398833557649,1.6823687752355316,2.8936742934051143,0.639300134589502,1.2673844773441005,15.152534768954688,3.970390309555855,0.4598474652310453,1.132794975325258,1.3234634365186182,1.0430686406460297,0.49349484073575595,3.5778375953342305,0.7514580529385375,1.8506056527590848,2.0300583221175414,0.21310004486316733,1.6823687752355316,1.9627635711081202,10.35217586361597,117.86675639300135,42.78824585015702,5.024674742036788,70.82772543741588,0.7367786124117178,4.429008512656084,2.018842530282638,3.3759533423059667,0.31404217137729923,1.4580529385374608,5.035890533871691,0.24674742036787797,4.77792732166891,4.564827276805742,1.3795423956931359,3.3871691341408705,12.326155226558996,15.242261103633917,3.959174517720951,2.4226110363391657,0.49349484073575595,0.7065948855989233,0.639300134589502,0.011215791834903545,3.8245850157021084,6.606101390758187,13.212202781516375,1.2449528936742935,7.065948855989233
Jude,19C,quotes,32.59051060697316,13.551495683597672,75.05186374891254,2.4928059961185838,7.27765508933949,80.75687612929131,37.860536706150036,32.17225456735595,21.515090677909388,6.7255571170447705,4.768118851636218,8.231278859666734,1.907247540654487,5.972696245733788,2.5597269624573378,130.127819045707,6.340761560596935,0.4349862812019006,40.77159874188583,2.2251221307635682,1.8570568159004217,0.3847955564478351,3.1452854179214347,20.343973766981197,0.8197818376497357,0.2007628990162618,0.451716522786589,0.3011443485243927,1.0707354614200628,0.3178745901090812,1.3886100515291442,0.451716522786589,0.3178745901090812,0.5353677307100314,0.903433045573178,1.3049588436057016,5.437328515023757,9.536237703272436,77.02603225590578,25.948604697851838,8.114167168573914,105.23321956769055,0.7243026159234495,3.7936849410131854,1.2380378772669478,3.764304356554909,0.4182560396172121,2.877601552566419,9.703540119119321,1.8235963327310447,5.303486582346249,9.452586495348992,7.762832095295456,14.137054139061767,7.194003881416048,26.04898614735997,2.810680586227665,1.1041959445894398,30.11443485243927,1.4388007762832096,1.3551495683597672,0.05019072475406545,3.0783644515826807,3.847955564478351,17.767516562939168,2.174931406009503,25.379776483972428
LadyAud,19C,nonquotes,88.24356709683953,14.28908966122481,5.7718921229986835,4.1404606262446695,2.824064177139707,5.19807828620934,0.6413213469998538,76.01345649703529,7.718358667401748,1.811451523982043,1.4289089661224812,1.0576176599646712,1.125125170175182,11.059980422822038,2.880320435648466,237.54767717908618,5.490610830454888,1.068868911666423,16.14554619201386,1.878959034192554,1.9577177961048167,0.41629631296481734,0.8775976327366419,11.971331810663937,4.275475646665692,0.6750751021051092,1.4851652246312401,1.3501502042102185,1.9577177961048167,0.31503504764905094,4.871791986858538,0.9451051429471529,3.0265867077712394,1.5751752382452548,0.2250250340350364,0.37129130615781003,1.9802202995083202,9.563563946489047,120.20837318151645,58.61902136612698,3.7241643132798523,55.42366588282947,0.731618945708493,4.495493345154068,1.1026226667716783,2.7115516601221885,0.14626627212277366,3.2178579867010204,3.5216417826483197,0.23627628573678822,8.303423755892844,3.7129130615781007,1.2376376871927002,2.22774783694686,10.744945375172987,10.992472912611529,2.700300408420437,1.3614014559119703,0.23627628573678822,0.9113513878418974,0.3487888027543064,0.01125125170175182,2.9478279458589767,6.98702730678788,9.192272640331236,1.7214415103680285,3.499139279244816
LadyAud,19C,quotes,35.080694837994336,13.67500307995565,58.88875200197117,2.617962301342861,3.002956757422693,74.13453246273254,32.66292965381299,40.42441788838241,11.888628803745226,3.9115436737710976,3.264752987556979,4.188739682148577,1.8633731674263891,7.37649377848959,1.9865713933719353,177.8674387088826,6.005913514845386,0.569791794998152,31.523346063816682,2.2637674017494147,3.6343476653936184,0.26179623013428605,2.617962301342861,19.372921029937167,0.9855858075643711,0.21559689540470617,0.6775902427005052,0.24639645189109277,1.3243809289146236,0.3387951213502526,3.3263521005297525,1.0933842552667241,1.139583589996304,0.4773931255389922,0.8007884686460515,0.5081926820253788,6.129111740790933,8.68547492916102,89.90390538376248,34.43390415178021,7.4842922261919425,70.86977947517556,0.7020795224948717,3.9365124420474973,0.6005913514845386,2.6949611925588273,0.36959467783663913,4.311937908094124,5.55931994579278,0.21559689540470617,8.238881360108415,10.117654305777997,4.496735247012443,13.767401749414809,5.667118393495134,23.99285450289516,3.0337563139090795,0.7545891339164716,13.875200197117161,1.077984477023531,0.5851915732413453,0.015399778243193298,3.6343476653936184,4.835530368362695,16.154367377109768,2.1867685105334482,12.165824812122706
mary,19C,nonquotes,88.38651362147557,12.897394279271836,7.0755863114618665,4.2181379933714975,5.559389244720038,2.9254828018544257,1.4676010069103598,88.28932150181264,9.923315417585941,2.177103480449805,1.6036699744384726,1.8466502735958168,1.584231550505885,11.76996569118176,4.451399080562548,200.19632808171914,7.308847398652917,1.10799016415749,20.313153009553986,1.9535616052250484,1.4287241590451847,0.3498916307865758,1.3898473111800096,18.13604952910418,3.7127389711242214,0.6997832615731516,1.0982709521911964,0.8844482889327333,1.0496748923597274,0.2915763589888132,3.6252660634275773,0.6803448376405641,1.924403969326167,1.759177365899173,0.213822663258463,1.4287241590451847,3.382285764270233,10.836921342417558,110.28389818153543,43.648980940625336,5.423320277191925,72.92324738310218,0.738833154976165,4.348724227435232,1.3412512513485406,3.2364975847758264,0.51511823421357,1.9438423932587545,6.531310441349415,0.5345566581461575,5.131743918203112,6.385522261855009,2.0701921488205737,4.6943793797198925,8.19329568758565,17.562616023092847,3.7321773950568087,1.7300197300002915,0.4665221743821011,0.7095024735394454,0.7483793214046205,0.009719211966293773,3.6252660634275773,8.34880307904635,13.956788383597857,2.050753724887986,6.813167588371935
mary,19C,quotes,42.69054222827762,8.726258251828783,62.60846998523997,3.1142036883849933,5.7418130504598315,66.50122459572121,26.0165766467163,51.0924042625663,17.030801420855433,4.071172530128298,2.1734546575186933,5.628274374320795,1.7192999529625486,2.0112565487486416,2.4654112533047865,166.70721619385918,6.877199811850194,0.35683583929411383,37.46776312588195,2.4654112533047865,0.6812320568342173,0.11353867613903622,3.7792159343422056,19.252915511005142,1.2164858157753882,0.38927546104812416,0.40549527192512935,0.47037451543315006,0.8109905438502587,0.11353867613903622,0.9569688417433053,0.2919565957860931,0.19463773052406208,0.373055650171119,0.2919565957860931,1.1678263831443725,6.179747944138971,11.824242129336772,72.47011499845912,23.59982482604253,7.02317810974324,90.32812677404182,0.7295225330604023,3.6899277287883145,0.551473569818176,2.31943295541174,1.0056282743743208,2.335652766288745,8.30454316902665,1.7030801420855433,4.67130553257749,11.029471396363519,4.249590449775356,18.08508912786077,7.558431868684411,28.595526576160122,2.4491914424277814,0.7947707329732535,33.07219437821355,1.573321655069502,1.2002660048983829,0,3.454819716802102,4.995701750117593,21.766986196940945,3.3250612297860607,16.690185392438323
mill,19C,nonquotes,82.581143519247,13.904186991288427,9.319524511136224,3.2972377587366073,4.842147424435321,3.147038207904788,1.6593474187134336,71.59511922983393,10.914500693778878,2.102793711645472,2.9324674210021886,1.4233195531205745,1.4590813509376743,16.321684523724375,4.2270445019812035,211.44520577338463,7.416996867266511,1.0227874175690561,24.275108358247387,2.54624000457751,2.3817357346188506,0.6794741585248973,1.2302058449082351,16.743673737966155,5.042413492211081,0.3862274164246785,0.9798732601885362,0.6866265180883173,2.4246498919993704,0.31470382079047876,4.312872816742243,0.6580170798346374,1.7380233739110533,1.7523280930378933,0.6007982033272776,0.6437123607077975,2.9896862975095484,10.063369905731902,118.81499706753257,52.68428054415151,5.943610797201997,69.70689630509105,0.733900583330351,4.4263445952296605,1.1801393279642953,2.882400904058249,0.4219892142417784,3.154190567468208,5.514469223396799,0.27178966340995897,7.953423834523009,4.892213941379261,2.6249159597751297,4.9780422561403,14.340480924657044,15.5420773313116,2.56054472370435,1.7737851717281532,0.765302473285937,0.35046561860757863,0.6151029224541176,0,3.9481024790078245,6.766132146995294,12.051725864362654,1.9812035990673322,7.560044058534911
mill,19C,quotes,24.571874075866333,10.25620345726806,72.82845390757319,2.890018012205285,5.605290749253972,71.88751781057613,41.885098260612416,31.481033416673387,18.617092776299163,4.839099927413501,6.021991020781246,6.210178240180659,1.4920558109524962,4.5702610425571955,2.7959244025055785,162.87603839019275,7.460279054762481,0.32260666182756675,39.25047718902062,4.086351049815845,1.0887974836680376,0.24195499637067505,3.3470441164610047,20.13603247573729,0.6855391563835793,0.2150711078850445,0.25539694061349033,0.26883888485630564,0.9947038739683308,0.36293249455601256,1.0215877624539613,0.24195499637067505,0.13441944242815282,0.18818721939941394,1.3979622012527892,0.6586552678979487,7.339301556577143,12.178401483990644,68.67489313654328,26.010162109847567,8.14581821114606,81.64636933086001,0.7174297059021468,3.730065387532014,0.672097212140764,2.3657821867354896,0.36293249455601256,3.199182729790037,6.317713794123182,1.1156813721536682,4.879425760141947,10.202435680296798,7.097346560206469,18.09285695082937,6.277387961394736,24.66596768556604,1.9759658036938463,0.6317713794123182,41.562491598784845,1.0753555394252226,1.2769847030674517,0,3.199182729790037,4.892867704384762,17.501411404145497,3.5217893916176037,18.993467215097994
native,19C,nonquotes,96.07031939398802,13.969905683081402,5.5123253761789615,5.775908502274837,5.535245648013386,1.6617197079957369,0.8709703297081104,71.77483124949862,11.208012927033314,2.8879542511374185,2.039904193263732,1.3064554945621656,0.8709703297081104,13.522960382310135,4.125648930196312,213.75445512783782,8.58364180199177,1.2949953586449536,21.728417699033912,1.581498756575253,2.280567047525184,0.504245980357327,1.1803939994728339,14.050126634501884,4.274630697120068,0.538626388108963,1.4210568537342854,1.1918541353900458,0.7792892423704145,0.527166252191751,4.904938172566727,0.7678291064532026,1.6731798439129488,1.9711433777604603,0.2177425824270276,1.4210568537342854,1.8221616108367045,8.58364180199177,124.9498619053622,43.468295533985035,5.1226807549937545,67.86692490172933,0.7353321477742083,4.5028549676437,1.7534007953334327,3.5068015906668655,0.3323439415991474,1.4210568537342854,4.618434774636428,0.19482231059260363,6.050951764287924,4.882017900732302,1.031412232549078,2.979635338475114,13.50004011047571,13.717782692902738,2.9910954743923264,2.074284601015368,0.08022095142048384,0.6532277472810828,0.550086524026175,0,3.8506056681832246,6.154092987542832,11.081951431943983,1.627339300244101,5.707147686771565
native,19C,quotes,33.97641451576162,16.190926772853913,69.35464087332878,3.066463403949605,7.850146314110988,74.59391263207696,38.900278610103555,34.74741102875466,18.854369272284426,6.868878024847115,5.151658518635336,6.203017399989486,2.4531707231596838,3.3468257723107118,2.0151045225954545,137.06215283253604,6.150449455921779,0.4380662005642293,39.04045979428411,3.487006956491265,3.1190313480173124,0.5432020886996443,3.6447107886943875,20.27370376211253,0.718428568925336,0.1752264802256917,0.4205435525416601,0.33293031242881427,1.4193344898281028,0.31540766440624507,1.8924459864374705,0.4205435525416601,0.14018118418055336,0.33293031242881427,1.2616306576249803,0.9987909372864427,6.167972103944348,8.551052235013755,75.8730659377245,23.112372741768738,8.27068986665265,101.33347351451751,0.7254393540459891,3.744200660729675,0.8060418090381819,4.01268639716834,0.45558884858679843,2.7861010355884983,6.938968616937392,1.7873100983020553,6.255585344057194,11.477334454782806,6.746219488689131,17.207240358162924,6.483379768350593,27.580647987523875,3.0489407559270356,1.0864041773992885,16.804219453643835,1.4018118418055336,1.2090627135572727,0.03504529604513834,3.942595805078063,2.8386689796562057,17.435034782456324,2.575829259317668,21.079745571150713
NorthS,19C,nonquotes,90.61840565420518,13.905142783424406,7.454778337833231,3.8149298292496385,4.091374019774975,6.321357156679352,1.0044138922420545,93.83437307064992,11.33421181153878,1.9811833654315754,1.695524368555395,2.2023387178518443,1.1702804065572563,12.301766478377457,3.0408860957786974,200.76298596584994,6.947963988536781,0.875406603330231,21.903594695957466,1.8982501082739747,2.2023387178518443,0.46995512389307137,1.750813206660462,18.070235254006136,3.9900111499156847,0.5528883810506722,0.9583398604878318,0.6450364445591176,1.492798628836815,0.34094783498124787,2.451138489324647,1.0504879239962772,1.9166797209756636,1.7876724320638402,0.3962366730863151,1.2163544383114788,4.229596115037642,11.343426617889625,109.7391288322076,41.73385796297491,6.090986997908239,72.94440707328536,0.7375255022043496,4.32336389385808,1.2255692446623234,3.5108412196717684,0.46995512389307137,2.7091530671482937,6.579371734503,0.5621031874015168,5.022069461210273,6.173920255065839,2.0641166225891765,5.492024585103344,12.135899964062256,17.86750951428756,3.999225956266529,1.612591111397794,2.690723454446605,0.7003252826641848,0.6818956699624957,0.009214806350844536,3.602989283180214,7.408704306079008,13.490476497636402,2.229983136904378,7.7588669474111
NorthS,19C,quotes,31.60490042029152,11.471786813832573,67.66821241967833,2.1717191072956985,4.879980582276217,68.98401870233396,28.360096577626184,41.23711340206186,17.45040176803485,3.8196706651847876,2.9893074771011383,5.212125857509677,1.673501194445509,5.953065317645857,2.197268743852119,163.6709717804264,5.978614954202277,0.6515157321887096,38.56717638191597,2.5166392008073686,1.839573832062239,0.3065956386770398,3.180929751274288,19.226101508706037,1.1497336450388993,0.24272154728598985,0.6642905504669196,0.3576949117898798,1.1114091902042693,0.2810460021206198,2.120619834182859,0.5109927311283997,0.7537142784143895,0.7664890966925996,0.7792639149708095,0.9581113708657495,6.694004777782036,8.303631880836495,82.38480307617624,29.101036037762363,9.223418796867614,87.46918075090382,0.7340269889997442,3.8513442691682824,0.9070120977529095,3.564174299620588,0.6515157321887096,3.832445483462998,8.252532607723655,0.9836610074221694,6.042489045593326,10.577549534357873,5.352648858569987,16.21124439504848,6.234111319766476,27.951302392723463,3.525849844785958,0.9581113708657495,17.84642113465936,1.507428556828779,1.2136077364299493,0,3.500300208229538,5.403748131682827,17.41207731320022,2.7465859298151485,18.44683759373523
persuasion,19C,nonquotes,78.93249722004484,17.24483657509525,2.6614652642324588,2.5338607652624097,5.505222669850703,0.5468764241573546,0.21875056966294182,80.71896020562554,12.195344258709007,1.6406292724720637,3.8828226115172173,2.2604225531837323,1.3489618462548079,19.960989481743443,4.229177680150209,190.20362032192793,11.447946479027289,1.4765663452248574,28.911533623785477,2.3515686238766245,2.7526113349253514,0.45573035346446217,1.0937528483147092,22.458391818728696,2.4609439087080958,0.43750113932588364,0.9296899210675028,0.36458428277156973,0.5468764241573546,0.16406292724720636,3.1901124742512352,1.276044989700494,1.0208359917603953,1.9322966986893195,0.21875056966294182,1.5859416300563283,1.3489618462548079,9.351586853090764,111.94560402501048,40.9245857411087,6.234391235393842,82.0132344094646,0.733770590598634,4.530301361817715,2.552089979400988,4.739595676030406,0.2916674262172558,6.197932807116685,8.859398071349144,0.2916674262172558,3.463550686329912,9.096377855150665,4.283865322565944,3.7187596842700112,8.348980075468946,19.541717556556137,3.37240461563702,2.2604225531837323,0.03645842827715697,0.4921887817416191,1.5494832017791713,0,5.6510563829593305,7.565123867510072,14.072953314982591,3.408863043914177,9.114607069289242
persuasion,19C,quotes,33.638200938581164,14.11297228787723,59.26078169424177,2.055287226389888,4.898434556229233,62.03541944986812,25.86236426540609,44.29143972870209,15.551673346350153,3.7337717946082964,5.6862946596786905,5.103963278868222,1.815503716644401,8.221148905559552,2.6718733943068544,161.37430205871271,8.563696776624534,0.7193505292364608,41.00298016647827,2.603363820093858,2.3978350974548692,0.5480765937039701,2.3635803103483712,20.450107902579386,0.6508409550234645,0.17127393553249068,0.23978350974548693,0.37680265817147945,0.8563696776624533,0.6165861679169664,2.56910903298736,0.8221148905559552,0.27403829685198505,1.3701914842599254,0.47956701949097386,0.9248792518754496,4.521631898057754,7.9128558216010685,89.9873257287706,31.274620628232796,8.666461137944028,94.47470283972186,0.7286368323365643,4.0255412894564735,1.815503716644401,3.5282430719693076,0.5823313808104683,8.700715925050526,9.659849964032473,0.513821806597472,4.487377110951256,12.126194635700339,7.981365395814065,12.640016442297812,7.124995718151611,29.15082382762991,3.596752646182304,1.301681910046929,0.513821806597472,1.4387010584729216,1.4729558455794198,0,4.7956701949097384,4.6586510464837465,16.579316959545096,3.322714349330319,16.476552598225602
Pomp,19C,nonquotes,85.42097520414472,8.496258235080912,10.532375327804191,4.424024049634352,5.031661087776901,5.031661087776901,2.313284864507601,62.71453851565998,11.513122827964096,1.9934758970641537,1.0553695925633755,0.3304692663582287,0.7888621196938362,12.749717502078758,2.558471739547577,226.76587851523357,7.7393770121314205,1.140651983881628,14.572628616506407,1.1513122827964095,1.2365946741146623,0.2132059782956314,0.47971345116517067,10.777562202844168,3.944310598469181,1.1832931795407544,1.7802699187685223,0.7035797283755837,1.982815598149372,0.41575165767648126,3.8377076093213653,0.8528239131825256,2.590452636291922,2.4945099460588875,0.149244184806942,0.6289576359721126,1.364518261092041,8.101827175233993,126.28190094450248,49.62369144830821,3.155448478775345,61.85105430356267,0.7154338523269339,4.566339512904398,1.5990448372172357,2.185361277530222,0.19188538046606826,1.1726328806259727,6.087030680340277,0.5863164403129864,7.654094620813168,3.070166087457092,0.75688122294949145,1.5990448372172357,10.66029891478157,10.72426070827026,1.8975332068311195,1.758949320938959,0.074622092403471,0.6609385327164574,0.596976739227768,0,3.230070571178816,11.736989105174509,10.980107882225017,1.6523463317911433,4.829115408396051
Pomp,19C,quotes,21.466353972302585,9.620487186949005,69.38048855641337,2.3280894260232468,4.211102932365579,62.13944570929695,25.11255285276546,33.12391940702193,13.677525377886575,4.176866323159354,1.8487768971361076,1.5235291096769776,1.283872845233408,8.627625519968502,1.2496362360271838,218.24126538507628,6.470719139976377,0.4450759196809148,32.40495061369122,1.900131810945444,1.9514867247547802,0.37660270126846634,1.3523460636458564,12.599072187890512,0.633377270315148,0.29101117825290584,0.5306674426964754,0.18830135063423317,2.037078247770341,0.5306674426964754,2.875875173322834,0.7703237071400448,1.6262389372956503,0.804560316346269,0.34236609206224217,0.37660270126846634,4.074156495540682,5.238201208552305,92.62714620743961,37.129602684150164,6.641902186007497,67.97678757895818,0.736856030728077,4.116330558654424,1.4037009774551927,1.9857233339610045,0.068473218412448425,1.2325179314240717,5.238201208552305,0.9415067531711659,9.158292962664978,7.583408939178664,3.2524778745913006,10.835886813769964,4.930071725696287,17.648972045808584,2.4992724720543675,0.7360870979338207,0.3937210058715785,0.6847321841244843,0.4279576150778027,0,2.4479175582450314,5.837341869661229,12.821610147730969,2.3109711214201347,12.410770837256278
pride,19C,nonquotes,92.1498726809749,13.139323390323755,2.691887959257912,2.5754819934521644,5.369225172790106,2.9974536194979993,1.12040742088032,96.8934157875591,10.971262277191705,1.2077118952346309,3.08475809385231,1.6005820298290288,1.018552200800291,22.946526009457983,3.5067297198981446,191.83703164787195,11.611495089123318,2.066205893052019,25.958530374681704,1.7169879956347762,3.477628228446708,0.7275372862859222,1.5569297926518735,20.09457984721717,1.673335758457621,0.4365223717715533,0.7129865405602037,0.33466715169152417,0.8293925063659513,0.29101491451436884,3.652237177155329,1.280465623863223,1.7606402328119317,1.280465623863223,0.2037104401600582,2.226264096034922,1.2368133866860676,10.054565296471445,117.6282284467079,32.01164059658058,6.751546016733357,77.42451800654784,0.7373915134205694,4.609372475878578,3.3612222626409602,3.7977446344125134,0.24736267733721354,4.321571480538378,7.857402691887959,0.17460894870862131,4.1033102946526006,7.930156420516552,2.7500909421607855,3.972353583121135,13.052018915969443,18.566751546016732,3.870498363041106,1.644234267006184,0.05820298290287377,0.887595489268825,0.756638777737359,0,6.431429610767552,5.0491087668242995,14.448890505638413,3.2593670425609313,8.177519097853764
pride,19C,quotes,27.23367072016311,12.761232068739533,63.18721328187577,1.8204325347702615,4.077768877885386,64.98944149129834,32.54933372169227,45.71106094808126,16.29287118619384,3.1857569358479574,5.406684628267676,4.223403480667007,2.1117017403335034,13.16172722638899,2.876283404937013,143.2862448117673,9.375227554066846,0.9102162673851307,41.178183936503316,2.767057452850797,3.313187213281876,1.0740551955144542,2.8580790795893103,21.353673632855166,0.40049515764945753,0.07281730139081045,0.21845190417243138,0.1456346027816209,1.0558508701667517,0.30947353091094443,2.0206801135949903,1.1104638462098595,0.6553557125172941,0.9648292434282385,0.8738076166897255,1.1650768222529673,5.188232724095245,8.62885021481104,87.99970873079444,30.09174979975242,9.630088108934682,95.44527779800481,0.7363014972735397,4.093471947316821,2.166314716376611,2.9491007063278234,0.6917643632126993,6.844826330736183,10.212626520061166,0.5097211097356732,4.6785116143595715,12.633801791305615,7.500182043253477,13.962717541687905,7.44556906721037,27.597757227117164,4.259812131362412,1.1650768222529673,0.36408650695405226,0.8556032913420228,1.0012378941236437,0.018204325347702614,5.98922303939416,3.950338600451467,16.110827932716813,3.149348285152552,18.04048641957329
Prof,19C,nonquotes,86.11069220328758,11.536721459809984,13.4368873473081,2.8954908761876035,5.444126074498567,59.1011913738501,2.216860202081134,50.91238123963203,11.989141909214297,1.6588749811491479,1.6437942995023376,1.4477454380938017,0.39209772281707134,16.55858844819786,3.1669431458301913,196.32031367817825,6.590257879656161,0.7238727190469009,21.022470215653748,1.4477454380938017,2.005730659025788,0.2563715879957774,1.2516965766852661,14.929874830342332,3.6042829135876944,1.04056703362992,1.7191977077363896,0.7087920374000904,0.5278238576383653,0.15080681646810437,1.5985522545619062,0.4524204494043131,1.7342783893832001,0.9953249886894887,0.7087920374000904,1.070728396923541,1.7191977077363896,9.063489669733071,111.47639873322274,47.08188810134218,5.730659025787966,72.37219122304329,0.7469983839543278,4.412314591760981,2.292263610315186,3.347911325591917,0.49766249434474435,3.0312170110088976,5.383803347911326,0.7238727190469009,5.760820389081586,4.267832906047353,1.7493590710300106,4.0416226813451965,7.676066958226512,16.875282762780877,3.951138591464334,1.628713617855527,0.30161363293620874,1.1159704418639722,0.7238727190469009,0,3.6042829135876944,9.500829437490575,13.044789624491028,3.3177499622982958,7.389534006937113
Prof,19C,quotes,22.445889373830944,11.222944686915472,67.15952614233544,1.3806003384697605,4.7207624476707934,54.11062616905674,45.82702413823817,32.77812416495947,13.004364478489356,2.6275941925714794,3.3401621092010334,3.69644606751581,2.1822392446780086,12.692616014963926,2.2267747394673556,201.8348623853211,5.433330364300347,0.6234969270508596,32.466375701434046,1.9150262759419256,1.647813307205843,0.3117484635254298,1.959561770731273,17.324307473056027,0.9797808853656365,0.4453549478934711,0.4453549478934711,0.3562839583147769,0.6234969270508596,0.17814197915738844,1.5142068228378018,0.3562839583147769,0.9797808853656365,0.8461744009975951,0.9352453905762893,0.7571034114189009,4.364478489356017,7.5264986193996615,85.28547252159971,33.00080163890621,7.882782577714439,77.09094148035985,0.7439127711921271,4.191201047924477,1.7814197915738843,2.4939877082034383,0.48989044268281823,2.00409726552062,5.967756301772512,0.9797808853656365,5.70054333303643,8.239066536029215,4.854368932038835,15.676494165850183,5.077046405985571,21.86692794156943,2.2713102342567026,0.4453549478934711,6.63578872361272,0.9797808853656365,0.801638906208248,0,4.00819453104124,6.1904337757192485,15.275674712746058,4.542620468513405,13.449719426382828
sybil,19C,nonquotes,92.09684589445835,13.09783256893168,11.059428162508539,1.702284530895922,3.5888928645003197,4.098493966106106,1.268581465699509,58.11621073631938,9.216190135423782,2.341996552060632,1.8215528738249358,0.6505545977946199,1.073415086361123,16.936104695919937,2.732329310737404,241.97378264970888,8.760801916967548,1.2143685825499573,20.568367866939898,2.4721074716195557,1.6480716477463704,0.5204436782356959,0.47707337171605463,11.005215279358987,2.450422318359735,0.9541467434321093,1.4420626917780741,0.7589803640937233,2.3745242819503627,0.390332758676772,5.909204263301131,1.0517299331013021,2.710644157477583,1.3770072319986122,0.18432380270847565,1.5179607281874465,1.3986923852584328,6.180268679048889,118.02144661657397,51.339600342625424,4.705678257381084,53.703282047945876,0.7023958536850103,4.6642718172233515,1.9408212167539494,3.166032375933817,0.2710644157477583,2.580533237918659,4.467141571523057,0.26022183911784796,6.483860824686379,3.8057443970985263,1.4312201151481638,2.5913758145485692,22.89952184237062,8.684903880558176,3.003393726485162,1.5721736113369982,0.4445456418263236,0.3686476054169513,0.35780502878704096,0,4.033438506326643,8.609005844148804,11.547344110854503,1.9082934868642185,5.6923527307029245
sybil,19C,quotes,26.463738448073812,12.505006452761338,74.61468856155341,1.0235414534288638,4.628187441591384,61.887173097177104,28.377315947962558,35.31959711034963,14.967439514633677,5.191876937682643,4.4056784299764145,4.242505154792102,1.6020648836277869,9.67172503819738,1.9432453681040749,186.1658730511919,7.060952635248394,0.6971949030602406,39.740109474433716,3.3673030424398855,2.2547579843650336,0.385682286799282,2.1509204456113804,14.878435909987688,0.34118048447628796,0.13350540696898225,0.578523430198923,0.32634655036862326,2.0174150386423984,0.5043537596605996,3.0409564920712624,0.5933573643065877,1.0087075193211992,0.6378591666295819,0.44501802322994083,0.8752021123522169,4.984201860175337,5.666562829127913,85.99231602213223,31.38860457181849,6.497263139157136,76.2612552475042,0.7228252666607243,4.046840762419331,1.0383753875365285,3.144794030824915,0.4301840891222761,3.8419889338851556,6.274754127542166,1.0383753875365285,8.91519439870648,9.137703410321452,6.4082595345111475,15.056443119279663,6.467595270941806,22.072893952205064,3.0261225579635975,0.4301840891222761,7.9213208134929465,1.4982273448741341,0.5933573643065877,0,3.6936495928085087,4.034830077284797,18.497915832257874,3.930992538531144,15.071277053387329
Tess,19C,nonquotes,88.6491599075586,15.588332396427266,4.595301192993727,5.389440622462546,4.639915767682987,1.7310454979432681,1.3205914108020809,86.74857902579615,11.091183267749908,2.177191244835863,2.025501690892381,1.579355943999786,1.133210197107191,14.267740985625185,3.85469925315202,204.77197490876318,7.218638184722185,1.052903962666524,20.942081359138403,1.8916579668246023,2.605491161852754,0.6513727904631885,1.133210197107191,13.803749408856886,4.3989970643609855,0.5799894709603733,1.4276663900563036,1.3473601556156365,1.0885956224179314,0.4015311722033354,3.81008467846276,0.785216514530967,2.3734953734686046,1.6061246888133416,0.18738121369488986,1.4901267946212668,2.4270328630957163,9.850898091388494,123.26114695148611,45.12318084071705,4.916526130756395,70.71410088247629,0.7389143714500054,4.449719037986064,2.1236537552087515,3.471013910824388,0.2855332780112607,1.2670539211749694,5.2823656432083235,0.26768744813555695,5.889123858982252,5.335903132835434,1.0707497925422278,3.6048576348921664,7.9770859544395964,14.232049325873776,3.417476421197277,1.820274647321787,0.10707497925422277,0.5442978112089657,0.526451981333262,0.026768744813555692,3.81008467846276,6.451267500066922,11.394562375636873,1.8470433921353429,7.00448822621374
Tess,19C,quotes,30.195905140668728,12.814847547503314,69.49968085628713,2.9459419649432905,7.7821966907251925,76.66813963764913,42.863455589924875,30.834192566406443,18.55943437914273,6.137379093631855,4.173417783669661,6.996612166740316,2.798644866696126,4.296165365542299,2.774095350321599,144.10566111847598,6.358324741002602,0.46644081111602104,36.45603181617322,2.6513477684489617,2.847743899445181,0.6137379093631855,3.4614818088083665,18.48578583001915,1.0310796877301518,0.3682427456179113,0.3682427456179113,0.3191437128688565,0.6873864584867678,0.4173417783669662,1.8412137280895566,0.4173417783669662,0.29459419649432905,0.3436932292433839,1.3011243678499533,1.1292777532282614,5.670938282515834,8.027691854470467,76.10350076103501,26.09613590612265,7.04571119948937,104.04085039524722,0.7192988802756245,3.750050648298217,0.8346835567339324,2.9950409976923456,0.4173417783669662,3.2896351941866744,9.058771542200619,2.504050670201797,6.775666519369568,10.67903962291943,6.0882800608828,15.662591446948495,7.04571119948937,26.979918495605638,3.0686895468159276,1.1783767859773162,21.99636667157657,1.055629204104679,1.276574851475426,0.024549516374527423,3.4614818088083665,4.271615849167771,18.510335346393678,1.9885108263367213,24.156724112534985
vanity,19C,nonquotes,77.71592262434666,10.43756256404778,13.836298819740367,2.627195429313012,2.935811759864842,6.655034204976636,2.0890951606585397,71.06484503899249,7.086305743824706,1.5391250331366892,1.8398281244436003,1.1988557456051847,1.4718624995548804,11.984600836429388,2.5322365583739876,241.41314626435758,7.687711926438528,0.9100225131656517,20.344938098686008,1.5232985546468518,2.168227553107727,0.43127153884806974,1.1474196905132132,14.010390083128579,2.9437249991097607,0.3956619622459356,0.9693718075025421,0.712191532042684,0.4866642135625007,0.15035154565345552,4.925991429961898,1.6301272844532546,3.12968612136535,1.5945177078511203,0.15035154565345552,0.8388033599613834,1.6143008059634172,7.842020091714443,114.65492341962721,47.61791715629835,3.9091401869898434,59.79639235422824,0.7346045392294235,4.439285985750119,1.258205039942075,2.1880106512200235,0.25322365583739875,3.6994393469994975,5.127779030707325,0.28883323243953296,7.54923023965245,3.7667018805813064,1.8873075599131126,4.039708634531002,10.24764482216973,12.024167032653981,3.1652956979674847,0.6132760414812001,0.779454065624493,0.41544506035823237,0.4985340724298788,0,2.3977114912103694,9.725371032005096,12.309043645471055,1.4283396837078275,5.796447746902956
vanity,19C,quotes,28.64619924125334,10.011240691302515,69.44639595335113,1.9495573977799634,3.2668259097934524,64.42321202753969,37.60362512294506,41.27441337642265,13.032176478853449,3.073626528031474,3.6180975129970494,3.9518055360404665,2.0549388787410425,4.812420963889279,1.8090487564985247,212.50175635801602,5.444709849655754,0.43908950400449626,37.77926092454686,2.6345370240269776,1.9846845581003232,0.2634537024026978,2.458901222425179,14.244063509905859,0.43908950400449626,0.12294506112125896,0.2810172825628776,0.19319938176197837,0.5971617254461149,0.4039623436841366,2.4413376422649993,1.0011240691302514,0.7903611072080933,0.5269074048053956,0.5620345651257552,0.6147253056062948,3.9518055360404665,6.006744414781509,79.33469158353239,29.945904173106648,6.586342560067444,71.97555149641703,0.7309310836251034,3.925587823462021,0.36883518336377685,2.4237740621048194,0.4215259238443164,3.1263172685120133,5.778417872699171,0.5620345651257552,6.6917240410285235,7.411830827595897,4.777293803568919,15.069551777434313,5.725727132218632,18.740340030911902,3.143880848672193,0.5444709849655753,24.044541239286215,1.0889419699311507,0.7903611072080933,0,2.476464802585359,5.2339468877335955,14.1211184487846,2.3886469017844596,16.035548686244205
VivianG,19C,nonquotes,78.28899194532585,9.214059067610446,13.89227890326255,1.5865267268733219,4.851110568708811,5.186721991701245,2.2780896591001545,59.05744040354731,7.546171995769262,1.4644862094215279,1.4644862094215279,0.7830933203156781,0.9864941827353348,15.641526320071597,2.552680823366691,242.4233178748678,9.264909283215362,1.7289073305670817,22.140183874379627,1.3729558213326825,2.2882597022211373,0.5695224147750386,0.45765194044422747,11.075176958750305,2.6035310389716053,1.0068342689773004,1.210235131396957,0.6407127166219185,0.38646163859734767,0.23391099178260516,5.013831258644537,1.2000650882759742,2.501830607761777,2.0441786673175493,0.1525506468147425,1.0475144414612318,1.098364657066146,7.261410788381743,119.03018468798308,55.558945569929215,4.871450654950777,58.42689773004638,0.7151606959248287,4.65447587081986,1.8611178911398585,3.6205353510698886,0.17289073305670816,2.695061427060451,5.674884061508421,0.2542510780245708,5.664714018387438,3.2035635831095925,1.5356765112684079,2.074688796680498,9.854771784232366,10.119192905377918,4.078187291514116,1.75941745993003,0.030510129362948498,0.24408103490358798,0.549182328533073,0,4.464648930111464,5.359612724757953,10.597184932064112,2.135709055406395,6.335936864372305
VivianG,19C,quotes,26.303991993077346,12.010383977814152,62.773022509044274,1.1572505395289678,5.025178018495157,59.52021018171961,29.494250237184232,28.49338490569972,11.21803225705558,3.6906909098491405,3.044298716598726,2.3666294817394204,1.688960246880115,11.541228353680786,2.1685415515497772,202.24777672362563,7.370956139161984,0.9174598871941366,36.50030755757582,2.4500349260297964,3.8053733957484073,1.0008653314845126,1.605554802589739,14.585527070279513,0.8653314845126515,0.37532449930669226,0.4587299435970683,0.26064201340742515,0.5629867489600384,0.4691556241333653,3.315366410542448,1.522149358299363,1.9496022602875402,1.1468248589926708,0.40660154091558326,0.9904396509482156,3.398771854832824,5.483907962092226,97.94926863851038,42.4950738659466,6.641158501621193,74.79383216739473,0.7223595775324052,4.246301441677589,1.8349197743882733,3.211109605179478,0.18766224965334613,3.9096302011113777,8.350970109573902,1.1155478173837796,8.340544429037605,8.121605137775369,4.879218490986999,9.841842426264375,5.744549975499651,22.383936111429673,3.9409072427202685,0.8653314845126515,1.2927843865008288,0.8236287623674635,0.6672435543230084,0,4.556022394361792,3.461325938050606,11.926978533523776,3.096427119280211,12.323154393903062
wh,19C,nonquotes,104.00593471810089,8.219584569732937,9.896142433234422,3.2195845697329375,3.4421364985163203,50.23738872403561,2.477744807121662,82.53709198813057,11.602373887240356,1.7804154302670623,1.7952522255192878,1.4391691394658754,0.6824925816023739,13.293768545994066,3.056379821958457,185.2967359050445,6.320474777448071,0.4599406528189911,17.002967359050444,1.231454005934718,1.6913946587537092,0.23738872403560832,1.543026706231454,18.976261127596437,7.091988130563799,0.6676557863501483,0.8753709198813057,0.9940652818991098,1.083086053412463,0.41543026706231456,1.3649851632047478,0.43026706231454004,0.6528189910979229,0.8011869436201781,0.41543026706231456,0.9792284866468842,2.492581602373887,9.43620178041543,99.16913946587538,35.91988130563798,5.385756676557864,66.6320474777448,0.7642457021440989,4.423600922238524,1.543026706231454,2.5667655786350148,0.20771513353115728,1.9584569732937684,3.916913946587537,0.41543026706231456,3.5459940652818993,5.281899109792285,2.28486646884273,5.326409495548962,12.626112759643917,16.839762611275965,5.2373887240356085,1.513353115727003,3.0712166172106823,2.314540059347181,0.5934718100890207,0,2.2700296735905043,6.632047477744807,17.7893175074184,2.685459940652819,7.670623145400594
wh,19C,quotes,35.886366264502946,9.829241028408434,63.369695100797905,2.274216551670971,5.955363681918051,70.53925914504876,42.38137455190225,51.92152025594573,15.013683845353274,3.604055043749759,3.7004201518714104,4.3942489303473,1.8116640326870446,6.417916200901978,2.274216551670971,156.4198435030644,6.4950082873992985,0.28909532436495394,35.905639286127276,1.5611147515707513,1.9465751840573564,0.5010985622325869,2.5825848976602552,19.407932775700573,1.541841729946421,0.23127625949196315,0.2698223027406237,0.32764136761361445,0.6745557568515592,0.32764136761361445,0.9251050379678526,0.2698223027406237,0.23127625949196315,0.25054928111629343,1.3105654704544578,0.8865589947191921,6.128820876537024,8.537948579578305,75.97425124310989,23.011987819450333,9.212504336429866,84.33874262806923,0.7421420433699577,3.950939186901181,1.2142003623328066,3.0451374166441814,0.13491115137031184,1.9465751840573564,5.801179508923409,1.3105654704544578,5.936090660293721,8.769224839070269,6.167366919785684,21.27741587326061,5.762633465674749,19.581389970319545,2.9102262652738697,0.6938287784758894,27.945881355278882,1.1371082758354856,0.6745557568515592,0,2.852407200400879,4.548433103341942,21.50869213275257,2.6211309409089156,19.407932775700573
wwhite,19C,nonquotes,82.04294781823037,15.439166728226343,12.89343735971497,3.6197089458521092,6.074519408345219,58.784755172433385,0.9205539234349163,55.01162057267546,10.569322824623113,1.375148453526233,2.045675385410925,1.5342565390581937,1.0739795773407357,14.734545206584801,2.8582631079491536,194.44144538330843,7.540586767889716,0.892141765304209,19.217983759610412,1.4944795176752035,2.255925355578159,0.4204999403344679,1.3069592740125355,18.700882481631538,2.3752564197271298,0.5739255942402873,1.1819457782374234,0.5341485728572971,1.2330876628726966,0.6648445002585507,3.210573868769924,1.5115268125536279,1.9888510691495105,1.2899119791341112,0.2500269915502242,0.3068513078116388,2.665060432660344,9.762417533711025,123.52469868906303,43.94792619657804,4.386837215381206,67.11519993635676,0.7161896043938549,4.329039276308256,1.2785471158818282,2.6309658429034952,0.136378359027395,1.8979321631312471,5.1539654849103025,0.3068513078116388,6.853012541126599,5.864269438177985,1.8695200050005398,2.5457293685113735,10.938680880322307,16.348355788408977,4.216364266596962,1.3808308851523745,0.21593240179337542,0.9660133764440479,0.409135077082185,0,4.557310164165449,6.551843664941101,9.591944584926782,2.318432103465715,4.94939794636921
wwhite,19C,quotes,30.54104754578458,12.443148845432338,64.73946313615936,2.672172962468116,5.479304155363915,70.81258350540507,40.44698165917649,36.02035170114849,14.966867754430004,2.496727262912129,4.062242735873247,3.88679703631726,1.8354319338164837,9.47406777602332,2.213314979013995,178.21234327975492,6.275557714887243,0.49934545258242574,30.581535014912884,2.4292481476982872,2.5372147320404337,0.4183705143258162,2.9420894233234813,20.486659378922223,0.6073120369245718,0.12146240738491437,0.5803203908390353,0.24292481476982875,1.0121867282076198,0.6208078599673401,2.3752648555272144,0.9447076129937785,0.45885798345412093,0.7152786212667179,0.7962535595233275,0.17544569955598743,6.397020122272156,7.625140019164069,97.39935489965856,29.690810694090178,6.612953290956449,74.51043901912358,0.7057185329333225,4.016880061282556,0.6882869751811814,2.496727262912129,0.20243734564152394,2.469735616826592,6.100112015331255,0.5803203908390353,7.436198496565313,8.86675573909875,3.643872221547431,10.513246150316476,9.447076129937784,24.724347814351457,4.264680081514771,0.5533287447534988,7.30124026613763,1.2146240738491436,0.6477995060528766,0,3.158022592007774,4.791017180182734,12.524123783688948,2.820627015938567,11.835836808507766
BH,DNov,nonquotes,61.13231056771279,10.252087752007586,38.44303861253247,3.6922174835201584,4.938226361333412,35.90979262197831,0.8245646985528889,61.608725726876685,13.467890076363853,2.0522499163983015,3.0508893846456893,2.0888972363339855,0.83372652853681,11.154528005423803,2.7760344851280596,208.26213827949994,7.1141609825146475,0.8016601235930865,22.139562156145068,2.0980590663179064,2.262972006028484,0.6504899288583902,1.7270049519691064,15.37813162801138,4.814541656550479,0.47183424417193093,0.7650128036574025,1.0078012982313087,1.1452287479901235,0.43518692423624694,2.4049803707792594,0.4901579041397729,1.836946911776158,1.3147226026926617,0.27943581450959015,1.0673531931267952,2.8218436350476646,9.890195467642707,113.65250095053986,45.502228615143586,4.516782182073047,72.98313765191459,0.7152126967249929,4.308658303916237,1.447569137459516,2.235486516076721,0.4214441792603655,3.6005991836809486,6.092616939307457,0.4901579041397729,5.6986582499988545,4.878674466437927,1.6720339720655804,3.0004993197341236,16.41799933118641,16.01945972688585,2.8768146149511904,2.0522499163983015,0.787917378617205,0.9070211684081778,0.6000998639468247,0,3.4998190538578178,7.934144766075576,12.23104302853452,1.7086812920012644,6.02848412942001
BH,DNov,quotes,24.758348133120872,11.568403097074906,74.89979432390125,2.2322525393627553,5.678906617435437,73.27825238493018,36.72687196838344,31.19537825449083,20.560590213187137,5.356002162055919,4.576819671900995,5.76314256231705,1.874249773615898,7.616333349712545,1.9935840288648505,169.53185873632043,7.883080508504321,0.5685926279508905,40.08929010157451,2.2462918635096907,2.148016594481142,0.7160055314937139,2.5691963188892086,18.30025902553051,0.7511038418610528,0.15443256561629123,0.39310107611419587,0.3720420898937925,1.1793032283425875,0.48435668306927704,1.6145222768975902,0.5124353313631482,0.8985167454038763,0.7581235039345205,0.9125560695508118,0.6879268831998427,5.524474051819145,7.279389570186091,84.38335778515622,29.700190232842193,7.7777855774023035,87.0438097110005,0.694921816827997,3.9302016412998175,1.2424801870037976,1.8040531528812203,0.5405139796570193,4.21179724408067,7.356605852994237,1.6917385597057357,7.721628280814562,9.027285426479569,4.639996630562205,11.856209242087086,7.932218143018595,24.95489867117797,3.5449293471012306,0.6387892486855683,17.521076535375588,1.291617821518072,1.003811676505893,0,3.16586759513397,4.857606154839706,16.222439051784047,2.4779407119341275,16.447068238135017
BR,DNov,nonquotes,91.4863634518473,10.571731780725,4.5696789046688435,3.9027841406626034,4.714656027278895,1.571552009092965,0.5915066602490127,74.45445108761838,11.285019223966458,2.708172650355774,2.1166659901067613,1.6005474336149756,1.1308215563584068,11.070453082503581,2.934336961627455,208.2393398321745,8.124517951067322,1.0032416884615607,17.2464785056918,1.8673053392174714,1.565752924188563,0.2841551603157022,1.078629792218788,13.923602855469406,7.150271687127772,0.9278535847043337,1.0322371129835712,0.6784929338150439,0.7944746319030856,0.20876705655847508,4.668263348043679,0.3943377734993418,2.296437622143226,2.1282641599155654,0.14497712261005213,1.5193602449533463,2.1398623297243695,11.343010073010479,120.23822640787284,47.18715386711977,4.181140216073904,66.97943064584409,0.7346563809170138,4.449721451714412,1.5251593298577484,1.8383099146954611,0.4871231319697752,3.0793140842375073,5.248171838483887,0.4001368584037439,7.7069838379503715,3.618628980346901,1.0554334526011795,3.044519574811095,12.102690195487153,11.01246223345956,2.5399991881281134,1.8151135750778526,0.7132874432414565,0.6610956791018378,0.8408673111383024,0,3.2880811407959825,10.583329950533805,10.183193092130061,2.30803579195203,4.047761263272656
BR,DNov,quotes,26.36537030145143,11.560290286564943,75.02558615556383,2.5004652028284333,5.035820617789356,68.66393747673986,42.97311127651656,33.517863788611834,16.782192035727576,6.582620022329736,4.128675102344622,6.3616486788239675,2.3376442128768145,6.640770375883886,1.8840714551544473,164.4491998511351,7.117603275027912,0.45357275772236694,39.216598436918495,2.6167659099367326,2.1283029400818756,0.3489021213248977,2.7679568291775216,15.642445106066244,1.1513770003721622,0.22097134350576852,0.2674916263490882,0.22097134350576852,1.2676777074804615,0.33727205061406773,2.232973576479345,0.593133606252326,0.9187755861555639,0.9187755861555639,0.5582433941198363,1.0234462225530332,6.4197990323781164,7.9084480833643465,81.7012467435802,31.0173985857834,7.268794194268701,82.86425381466319,0.7161777543883514,3.868001052833078,0.7908448083364347,1.6863602530703388,0.6047636769631559,3.419240788983997,6.326758466691477,1.0001860811313732,8.582992184592483,8.129419426870115,4.1751953851879415,14.281726832899144,6.00111648678824,23.306661704503163,3.00055824339412,0.4768328991440268,21.934313360625232,1.3607182731671008,1.3258280610346111,0,2.535355414960923,6.140677335318199,13.572292519538518,3.9309639002605135,15.549404540379605
DC,DNov,nonquotes,96.10505103247966,11.85046789971363,11.883102578955526,3.8386541458280643,4.691235141022608,67.84749814390261,0.5343928725860536,53.56166730576247,13.196648418441857,2.3904902544689115,3.320578612862959,2.3374589007008297,0.8770570046259658,10.084115885745987,2.8065824148030907,187.4291215560215,6.869599980419192,0.7179629433217208,22.815720124990822,1.9621600894190212,2.284427546932748,0.3181881226084899,1.6970033205786128,15.64017002667885,5.0828512919253646,0.5262342027755794,0.575186221638424,0.644534915027454,1.1095790942244776,0.42017149523941616,1.9458427497980728,0.4609648442917867,1.8520180469776208,2.011112108281866,0.29371211317706764,0.897453679152151,3.353213292104855,10.810237498878182,114.95157829467483,38.672094901647235,4.846249867421616,72.14303779911724,0.7143035190316643,4.1798956567427,1.4277672168329676,1.876494056409043,0.4935995235336831,3.5123073534091,5.7069895324266335,0.4935995235336831,6.3515244474540875,5.0053439287258605,2.039667452618525,3.096215193074921,16.831335819008068,18.76494056409043,2.9126451223392538,1.713320660199561,1.386973867780597,1.3135458394863302,1.0728650800773443,0.00407933490523705,3.434799990209596,5.523419461690966,14.155292121172565,1.8234627026409613,5.870162928636115
DC,DNov,quotes,27.001327793720822,12.79821818649077,73.78249882211847,2.518524864008224,4.8400222726688655,75.41868334261362,36.11598920632201,34.5826016190517,17.895232792221698,4.480233006381976,4.45453377307577,5.362573349895062,1.8160791536385832,8.583543924272925,1.858911209148927,167.92735683385445,7.255750203452264,0.4368869662055082,44.134149997858394,2.869747719193044,2.4157279307833983,0.6424808326551591,2.8012164303764937,18.974600591082368,0.968004454533773,0.26555874416413244,0.4540197884096458,0.29982438857240756,1.2078639653916992,0.3597892662868891,1.533387587270313,0.5739495438386089,0.7024457103696407,0.6596136548592967,0.7966762324923973,0.6853128881655031,6.587570137490898,7.958195913821904,82.22041375765623,29.34852443568767,8.797704201824645,86.21236133122028,0.6993616893583456,3.9335249160356485,1.0279693322482546,1.8160791536385832,0.5653831327365401,3.9833811624619866,7.4099456032895015,1.2678288431061806,6.1249839379791835,9.166059879213604,5.285475649976442,12.72112048657215,7.641238703045359,25.66496766179809,3.2980682742964835,0.5910823660427464,19.043131879898915,1.2849616653103182,1.4391570651475565,0,3.358033152010965,4.814323039362659,15.26534458388658,2.6470210305392556,16.32757956054311
DS,DNov,nonquotes,81.68447657159662,10.189199607374055,12.315261147914274,4.0097123259908045,4.995251133568326,3.1155742949224883,1.446516636928298,76.48655415098614,12.69278609436534,2.292967306339637,2.380394136044095,1.6412400303609536,1.1484706265721927,13.12594629608288,2.9645643163420616,220.23215797233337,6.5490643342248225,0.9140077650920565,18.39937370598357,2.058504444859501,1.665083711189442,0.27022838272286887,1.053095903258239,13.344513370344025,6.10000834528829,0.8027372545591105,0.8186330417781028,0.88619013745882,1.7962239557461284,0.2662544359181208,2.924824848294581,0.38944678686531103,2.1896446894161876,1.4942039985852749,0.09934867011870178,0.9616951267490333,2.984434050365802,10.356105373173476,118.81306156835785,45.100322287085866,4.260070974689933,67.29481519160385,0.7176850600302139,4.435217622824473,1.6332921367514575,2.1419573277592105,0.3059939039656015,3.0718608800702594,5.0230687612015625,0.4172644144985475,6.509324866177342,4.1805920385949715,1.1524445733769408,3.5288647626162875,14.50887978413521,13.006727891940438,2.8016324973473905,1.891598679060082,1.382933488052329,0.7153104248546529,0.8822161906540719,0.003973946804748072,3.238766645869678,9.175843172163297,11.675455712349834,2.1737489021971954,5.1820266333914855
DS,DNov,quotes,23.413087916145127,11.985700006303524,74.52565984385271,2.917630955704239,5.457050491224595,73.75122693585715,39.48707327396014,29.73462165350431,16.515232014696217,4.988788732901692,5.231924645877045,4.988788732901692,1.9090671685472178,7.816369350466911,1.7649866275247863,173.76113247305244,7.591243505119362,0.45025169069509857,41.86440220083026,3.6290286270024943,3.034696395284964,0.5583120964619223,3.169771902493494,17.748921647200785,0.8554782123206872,0.29716611585876507,0.306171149672667,0.22512584534754929,1.1166241929238445,0.4142315554394907,1.7559815937108845,0.6663725022287459,1.1796594296211582,0.6933876036704518,0.5673171302758242,0.9095084152040991,6.627704887031851,7.636268674188871,81.11734459562895,27.465353132401013,8.095525398697871,90.42854955920359,0.7022975214060387,3.9053708439897696,0.8644832461345893,2.278273554917199,0.4142315554394907,4.592567245090005,7.555223369863754,1.1076191591099425,6.6817350899152625,9.64439121468901,4.38545146737026,13.282424875505408,7.35711262595791,25.709371538690128,3.9351997766751614,0.5493070626480202,19.946149897792868,1.1796594296211582,1.5038406469216292,0.009005033813901971,3.3498725787715333,5.736206539455556,14.11989302019829,3.3138524435159256,16.326126304604273
ED,DNov,nonquotes,54.49745083758194,10.032774945375092,33.70356882738529,3.514202476329206,5.826656955571741,1.9118718135469774,0.9286234522942461,69.95630007283322,14.257101238164603,1.693372177713037,2.530954115076475,1.238164603058995,1.1471230881281864,11.762563729060451,3.678077203204661,229.29715950473417,7.920611798980335,1.056081573197378,17.13401310997815,1.584122359796067,1.9664967225054626,0.4187909686817189,1.001456664238893,12.308812818645302,5.371449380917698,0.5644573925710124,1.2017479970866716,1.238164603058995,1.0378732702112163,0.27312454479242537,1.5477057538237435,0.3641660597232338,1.4748725418790969,1.0196649672250546,0.25491624180626365,1.2199563000728333,3.2774945375091042,10.324107793153678,122.34158776402039,50.05462490895849,3.823743627093955,68.26292789512017,0.7219372138414112,4.520496757885482,1.9118718135469774,2.112163146394756,0.528040786598689,2.749453750910415,4.606700655498908,0.45520757465404227,6.809905316824472,4.1150764748725415,1.3656227239621268,3.3139111434814277,13.856518572469046,10.833940276766205,3.040786598689002,1.693372177713037,0.5826656955571741,0.7101238164603059,1.0196649672250546,0,3.76911871813547,8.102694828841951,9.304442825928623,1.820830298616169,4.20611798980335
ED,DNov,quotes,24.124951114587407,10.925889714509191,71.03050449745795,2.419827923347673,5.230739147438404,76.67676965193586,41.45482987876418,27.351388345717638,20.53187328901056,4.7907704341024635,3.2508799374266717,4.71744231521314,1.9065310911224091,8.35940555338287,2.419827923347673,164.64606961282755,7.552796245600313,0.513296832225264,36.272976143918655,2.1265154477903794,3.2508799374266717,0.7332811888932342,2.615369573719202,17.794290183809153,1.1243644896362925,0.171098944075088,0.6110676574110285,0.31775518185373486,1.0754790770434102,0.31775518185373486,1.0510363707469692,0.6110676574110285,0.9777082518576456,0.7088384825967932,1.0999217833398514,0.7332811888932342,4.839655846695346,6.990614000782166,86.13609698865858,29.96675791943684,6.990614000782166,89.99804458349628,0.6993747090387866,3.9400179051029545,1.3932342588971451,1.882088384825968,0.4644114196323817,3.4219788815017598,7.088384825967931,0.7577238951896754,6.012905748924521,9.899296050058663,4.961869378177552,12.685764567852953,8.237192021900665,24.149393820883848,3.8619475948377002,0.8799374266718811,11.854712553773954,1.4421196714900273,1.2710207274149394,0,3.1531091122409074,5.524051622995698,17.280993351583888,3.3486507626124364,16.401055924912008
GE,DNov,nonquotes,100.87085445573469,14.429376923480124,4.545216290893842,3.459456221405198,5.451264348880918,65.7146922057403,0.45676802923315385,49.2560671523883,13.822848884662328,2.47104015814657,2.927808187379724,2.4111361543127137,0.8087040517570593,9.996480639774761,2.703168173002763,182.84948370236697,7.473024478273566,0.8311680531947554,21.13113735239279,1.9992961279549522,3.0476161950474365,0.4717440301916179,1.5799681011179585,15.245568975716415,4.470336286101523,0.3444480220446734,0.726336046485507,0.7562880484024351,1.228032078594053,0.6739200431308827,1.6548481059102789,0.45676802923315385,1.4826240948879421,1.1831040757186608,0.3294720210862094,0.8985600575078437,3.654144233865231,12.714624813735988,116.78285547410275,37.74701041580867,4.31308827603765,71.39808456947742,0.7084256039805767,4.166420675321546,1.47513609440871,1.6548481059102789,0.486720031150082,2.8080001797120113,4.949568316772372,0.44179202827468983,6.222528398241818,4.620096295686163,2.5084801605427303,3.564288228114447,14.369472919646267,18.0011531520738,2.9877121912135802,1.6323841044725826,0.8985600575078437,1.213056077635589,1.452672092971014,0,3.90873625015912,6.7092484293918995,15.994369023639617,1.9918081274757202,5.855616374759448
GE,DNov,quotes,32.41949521322889,11.477371627502176,71.58398607484769,2.1032782129387875,6.8719176095155206,63.29779518421816,48.810559907165654,35.46562228024369,20.3437771975631,5.856541920510589,3.5719466202494923,6.8719176095155206,1.9038294168842471,5.8202785030461275,2.2302001740644037,159.79474905715114,8.268059181897302,0.5258195532346969,40.306788511749346,3.2093124456048736,2.284595300261097,0.507687844502466,3.2093124456048736,17.40644038294169,1.0335073977371627,0.1994487960545402,0.3082390484479257,0.3445024659123876,0.8703220191470844,0.3807658833768494,1.2329561937917028,0.6890049318247752,0.5258195532346969,0.8521903104148535,0.8340586016826226,0.5439512619669278,5.584566289527125,7.742239628662605,78.76414273281114,25.892080069625763,6.817522483318828,88.30142152596461,0.6797369807276624,3.811255864376367,0.97911227154047,1.686248912097476,0.2901073397156948,2.919205105889179,6.237307803887439,1.5411952422396287,7.162024949231215,9.138381201044387,4.786771105308964,12.800986364955033,8.050478677110531,25.801421525964606,2.5203075137800988,0.489556135770235,23.226718885987815,1.450536698578474,1.2692196112561647,0.018131708732230925,3.2093124456048736,5.131273571221352,17.823469683783,2.7560197272991007,17.20699158688715
HT,DNov,nonquotes,91.56054973337595,11.119148148771174,6.224031490234999,3.7175971874106346,4.7268995912325265,5.803488821975877,1.5644187259239322,78.91062627214157,13.541473917943714,1.9008528605312296,2.691473076858378,1.7831009134186755,0.9083721634397026,11.640621057412485,2.4055040624421755,218.90086968223795,8.225814591148417,0.7737985095967836,20.152404662977105,1.7494574999579457,1.480310192272108,0.25232560095547296,1.3793799518899188,13.726512691977728,5.181085672952378,0.9083721634397026,0.8410853365182431,0.7569768028664188,1.2952714182380944,0.21868218749474322,2.237286995138527,0.43736437498948644,1.7999226201490404,1.1606977643951755,0.2691473076858378,1.0429458172826216,2.943798677813851,9.638837956499067,118.86217975675812,46.242871801773006,3.9699227883661075,68.71667199354046,0.720345925726225,4.419170606877151,1.4634884855417432,2.1363567547563376,0.4037209615287567,3.061550624926405,6.05581442293135,0.3868992547983918,6.964186586371053,3.953101081635743,1.21116288458627,3.5830235335677156,14.920853869833634,13.558295624674079,3.179302572038959,1.715814086497216,1.227984591316635,0.487829495180581,0.9251938701700675,0,3.212945985499689,7.670698269046378,11.405117163187377,2.0017831009134186,5.4165895671774855
HT,DNov,quotes,26.791577288447225,13.943002232631441,71.02832377533599,2.2326314407039356,5.778575493586657,71.29098629777175,41.76334106728538,32.41693297727969,16.810401435888455,4.837368121525194,4.268265989581053,5.603467145296152,2.079411635949744,7.704767324782209,1.9480803747318653,165.30228078623648,7.595324607100643,0.5253250448715142,36.378759357352365,2.1669658100949962,2.363962701921814,0.45965941426257495,3.5897211399553473,20.11557150987173,0.8536531979162106,0.15321980475419167,0.6566563060893928,0.3721052401173226,1.3133126121787857,0.45965941426257495,1.7073063958324213,0.43777087072626186,1.0068730026704023,0.6128792190167667,0.9193188285251499,0.941207372061463,6.08501510309504,8.514643435625793,84.64299785492274,26.835354375519852,7.157553736374382,89.30525762815742,0.7004786452278061,3.9076200534819443,1.597863678150856,2.320185614849188,0.43777087072626186,3.8961607494637307,7.245107910519634,1.2914240686424725,7.420216258810139,9.54340498183251,4.268265989581053,12.629689620452655,7.332662084664887,26.72591165783829,3.480278422273782,0.8974302849888368,16.919844153570022,0.9630959155977761,1.5540865910782296,0.021888543536313095,3.764829488245852,4.2901545331173665,14.64343562579346,2.539071050212319,17.160618132469466
LD,DNov,nonquotes,87.18758912282766,12.607343494656025,5.9437852813225716,3.2231341357971597,4.576669397880518,6.672611960905918,2.3449206212681584,76.75314504556299,14.48146924215606,2.145738174673952,2.833822990181211,2.2543831455435193,1.195094679565239,12.93780528105096,2.8564573591123708,214.07133447712346,7.419546135634192,0.9234822523913211,20.850780659384437,2.0778350678804722,2.267963766902215,0.4572142524094286,1.2358365436413268,15.377790251829989,5.056518019221106,0.7152460582246506,0.9099016310326252,0.801256660163058,1.3127933980072701,0.28519304853261385,2.7976079998913552,0.4843754951268204,2.0506738251630807,1.2765784077174145,0.33498866018116547,0.9913853591848005,3.073747300851505,10.013444815145109,121.14819626713988,46.812401823424764,4.436336310507326,66.20100224985627,0.7128345953877647,4.424307405131007,1.7202120387681472,1.8107495144927863,0.31235429125000563,2.5938986795109167,5.34171106775372,0.38478427182971714,7.27468617447477,4.368433203713847,1.471233980525389,3.988175805670362,13.956351882953152,13.114353358714006,2.9153067183333863,1.597986446539884,0.9506434951087128,0.6156548349275474,0.8872672621014653,0,3.73014399985514,7.3697505239856405,10.565723417065408,1.9058138640036577,5.789871572590685
LD,DNov,quotes,25.45324349835628,12.930052403736614,72.34807798717573,2.4086189499723334,5.069491911597175,73.57679914070891,38.977313413403635,29.725287244084235,21.28698369299873,4.9067473879503956,4.979982423591446,5.4031181850730725,1.814601438661589,8.120951729974287,1.830875891026267,156.00690036780261,7.3397780164697455,0.46382189239332094,39.45740975816164,2.1238160335904697,2.8887152947303325,0.6102919636754223,3.0514598183771118,20.131497575106597,0.9764671418806757,0.17088174982911825,0.34990072584057547,0.37431240438759233,1.0578394037040653,0.6102919636754223,1.7901897601145722,0.6509780945871172,1.0497021775217263,0.6265664160401002,0.8950948800572861,0.7974481658692185,5.663509422907919,6.859681671711747,84.13078149920256,28.789506233115254,7.958207206327507,93.84662956091528,0.6902106797618757,3.926805168061645,1.4402890342739967,2.1482277121374866,0.44754744002864305,4.272043745727956,7.917521075415812,1.147348891709794,7.128210135728933,9.390359014419165,4.79282622139765,12.49064218989031,8.365068515444456,27.03186537773004,4.304592650457312,0.6753897731341341,15.411906389349998,1.3100934153565733,1.6355824626501319,0,3.6943006867818897,5.191550304332259,14.84230055658627,3.0758714969241283,18.007681541516128
MC,DNov,nonquotes,91.81733279053617,10.785698891256974,5.752053449555785,3.4292008908259297,4.851648746378026,1.4320266289901578,1.1015589453770445,73.12914581287866,13.209128571086472,2.3276419454488853,2.5431643478052637,1.7960200196364855,0.91477286333485,13.34802078593836,2.8688426446993462,222.10780909504538,7.461864508249719,0.8333532891113293,19.780167149596494,1.90617591417419,1.8822289805790369,0.39751909767954213,0.9051940898967887,13.788644364089178,6.70514140664288,0.5172537656553078,0.9099834766158194,0.6513565937881655,0.862089609425513,0.20115424219928638,2.983787925956081,0.4597811250269403,1.9253334610503126,2.025910582149956,0.29694197657989896,1.1638209727244426,2.773054910318734,10.996431906894323,118.4654804952226,48.75595679973179,4.023084843985727,67.7410857539692,0.7263682581362364,4.453404050144648,1.3793433750808208,1.9780167149596495,0.45020235158887906,3.750089801000982,5.5508992073564984,0.3879403242414809,7.691755070763189,4.621758183864556,1.135084652410259,3.103522593931847,17.936253262769704,12.083622692114275,3.079575660336694,1.6283914844704135,1.1063483320960752,1.0105605977154626,0.7519337148878086,0,3.6734596134964916,7.284657199645586,9.90445173495534,1.9780167149596495,5.230010297181446
MC,DNov,quotes,24.954610999454584,11.356589436877536,75.1178619726097,2.047174674805556,5.088050925337896,71.75571378406043,39.98714912247932,32.455937180128956,18.760786892104928,6.4627959624335976,3.6834201265662005,5.147822448689883,1.6511883325986416,8.113984295032239,2.2040749236045216,163.1314301084106,6.858782304640512,0.44081498472090436,41.578565931725976,2.9512189655043595,2.4805182191074615,0.5005865080728914,2.682247110420418,17.161898642439276,1.0833588607547648,0.15690024879896594,0.3138004975979319,0.20172889131295624,0.7845012439948298,0.3735720209499189,1.9201601876825833,0.709786839804846,0.806915565251825,0.9488729332127941,0.5753009122628752,0.7322011610618411,6.290952832796635,7.897312522881286,82.67148823621706,30.946706215491286,8.031798450423256,90.7929439716683,0.7065924445282786,3.886449478826109,1.0011730161457828,2.1667177215095297,0.6350724356148622,4.88632203402494,7.307068729780414,1.2327876691347326,6.627167651651562,9.219757477043999,4.482864251399027,13.441121313778083,7.658226429473338,25.38795454375649,3.175362178074311,0.4557578655589011,22.653407350403086,1.4494594412856854,1.2925591924867195,0,3.0632905717893353,4.512750013075021,13.299163945817114,3.018461929275345,18.917687140903894
NN,DNov,nonquotes,91.80045637912066,10.98671610773807,5.394034472922864,3.142699971476305,4.156309848824416,1.5331486084511634,0.5450063159610448,61.254635100444155,9.260013854366163,2.3481113239069313,2.302269671162544,1.4261847520475939,1.3192208956440243,15.570881382176765,3.30059899759586,231.98932398842754,8.139440120614482,0.9473941567173302,17.058188337883543,2.3532048408785298,2.3837659427081213,0.3514526710402999,1.084919114950491,14.771199217635793,7.681023593170613,0.8964589870013447,1.1307607676948779,0.6825312741942056,0.6366896214498187,0.21392771280713907,4.782812436331038,0.7742145796829795,2.5824131046004646,2.057780856525814,0.1731795770343507,0.98304877551852,2.373578908764924,10.762601360987734,113.42752944052809,51.724664846583266,3.4839656085734076,66.55698626787824,0.7300130459819905,4.646469098848831,1.8285725928038792,2.5722260706572673,0.24448881463673036,4.410985697404343,5.949227822827106,0.3208915692107086,6.631759097021312,4.034065441506051,1.3599690314168127,2.8319954362087936,21.02603805875881,11.124241065971232,3.54508781223259,1.7317957703435067,0.8709914021433519,1.4567458538771851,1.0085163603765128,0,3.8812599323580947,8.679352919603929,9.591092457520068,1.910068864349456,4.686035613870666
NN,DNov,quotes,27.58494423508231,10.81732603023969,70.06087606609401,2.4106311886852905,5.1874342034999925,63.660497688540346,36.02978197519186,36.51801107669774,18.011076697740414,6.934378957325725,4.813633797659552,5.431548754252933,1.8003448118029386,7.292922203744107,2.074973681399997,166.00552309171078,6.659750087728667,0.33565750728529364,39.14224249729185,2.6700028988602904,2.4869169857955846,0.3585432464183818,3.1658605800772013,16.126817509116155,1.0985154783882336,0.2441145507529408,0.4043147246845582,0.2212288116198526,1.3655157682742627,0.5187434203499992,2.1360023190882322,0.6713150145705873,0.8849152464794104,0.7857437102360283,0.8086294493691164,0.6942007537036754,6.552949971774255,7.956608638603665,78.21582777718444,33.18432174297789,6.7360358848389605,89.09418244511237,0.7126882820432562,3.9269120436411518,0.7933722899470577,2.5479456234838196,0.4043147246845582,5.484948812230139,6.987779015302931,1.1671726957874984,7.666722609584547,8.52875211693087,5.5917489281845505,14.990159132172773,7.3692080008544005,25.235341684085256,2.990403246723525,0.6255435363044108,21.062508582152176,1.4723158842286743,1.4036586668294098,0,2.975146087301466,5.950292174602932,15.325816639458065,2.792060174236761,17.55336191507865
OCS,DNov,nonquotes,87.01169684345457,10.70341291459702,6.646370773914437,3.8519468033968915,4.5441435667361,2.83928857554879,0.5255568017945842,71.07835282807243,11.408428136516584,2.281685627303317,2.42268867168723,1.3972119852587725,1.0190674571382792,12.741547828873578,2.8841531805800353,208.4217272872937,7.338567537253645,0.9101105592052555,18.426534209261337,1.8074026598301554,2.3521871494952733,0.39737221599102707,1.211344335843615,15.452651818618811,6.909149174811729,0.8588367248838327,0.9549751642365005,0.9421567056561448,0.9934305399775677,0.2050953372856914,4.18522672648614,0.6729690754686749,2.403460983816696,1.999679538535491,0.22432302515622496,0.9742028521070342,2.42268867168723,10.568819099503285,114.98798269508092,52.440314052235216,4.063451369972761,67.0661752924211,0.729367905288406,4.453168390193615,1.8522672648614005,1.8843134113122897,0.47428296747316134,3.8647652619772472,4.742829674731613,0.43582759173209423,7.0565614484858195,3.704534529722801,1.3074827751962828,3.28793462586124,13.523473802275277,11.81220958179779,2.7431501361961224,1.8586764941515783,0.801153661272232,0.8075628905624098,0.8331998077231213,0,3.7686268226245794,10.306040698605992,11.011055920525557,2.3842332959461623,4.608235859637879
OCS,DNov,quotes,26.194684871388517,11.809703766914543,75.90210898451785,2.74289893941241,7.009630622942826,64.36669511154456,40.88443252468609,36.434840911861514,18.74314275265147,6.582957454589784,4.480068267706937,5.988662684383762,2.438132390588809,5.577227843471901,1.7981226380592465,155.03474338656588,6.156284286236743,0.3047665488236011,43.61209313665732,3.1543337803242717,2.986712178471291,0.4419114957942216,3.352432037059612,16.60977691088626,1.081921248323784,0.09142996464708034,0.3047665488236011,0.25905156650006095,1.7676459831768865,0.3504815311471413,1.7981226380592465,0.6095330976472022,0.7771546995001829,0.5790564427648421,0.5942947702060222,0.6400097525295624,7.3753504815311475,7.466780446178228,73.79921979763502,29.57759356333049,8.39631842009021,94.49286846275753,0.7044344906524227,3.8345782732972222,0.8990613190296233,2.3162257710593686,0.4114348409118615,4.769596489089357,6.537242472266244,1.0057296111178837,7.116298915031086,8.15250518103133,4.891503108618798,16.015482140680238,6.445812507619164,26.103254906741437,2.6667073022065098,0.5790564427648421,29.013775448006825,1.2038278678532244,1.4628794343532854,0,3.0933804705595516,6.659149091795684,15.832622211386079,2.77337559429477,16.60977691088626
OMF,DNov,nonquotes,81.32368403391423,9.049014563432586,14.143978881904207,2.863470615869891,4.860070244513546,3.1095501219212096,1.599516789333572,71.04986465627167,13.131697277465829,1.9350797521308247,2.147602961902418,1.7952618509653029,0.8836491353660992,11.336435426500525,3.9204939486812376,235.4309746985526,7.292901724793629,0.984318024205275,16.683071967070088,1.7728909867788192,2.0133777767835173,0.3075993825641484,1.0234670365316212,13.193217153978658,7.136305675488244,0.6319769132681595,1.1632849376971433,0.9787253081586542,0.9619471600187915,0.28522851837766494,2.248271850741594,0.3803046911702199,1.8400035793382699,0.9619471600187915,0.26845037023780227,0.9227981476924454,3.059215677501622,11.308471846267421,119.18637166953759,46.46428491532628,3.6520435784434353,64.26590009172054,0.7100310567695364,4.4974904377510265,1.6778148139862643,1.5771459251470885,0.4026755553567034,2.7068745665645064,4.272835059618353,0.4026755553567034,6.644146663385607,3.8310104919353036,1.2583611104896981,3.288517035413078,18.9089729536252,11.795038142323438,4.049126417753518,1.8120399991051654,1.0570233328113465,0.8389074069931322,0.9283908637390662,0,3.092771973781347,6.66092481152547,10.447193575087805,1.7169638263126104,4.69788147916154
OMF,DNov,quotes,26.243675539806038,11.35649548784991,72.01300846716464,2.3386736287015504,5.305744326610997,75.06429732898854,43.94892492274603,28.349129637667545,21.482110118488478,5.027176553663166,4.068385149098542,5.895271474012218,1.8204080046125641,6.730974792855708,2.371065230207112,161.36848038040696,7.508373228989187,0.6348753895090081,36.95881731784583,2.468240034723797,2.6561113234560545,0.39517753836785197,3.0577671821250187,18.774172232623524,1.2179242166091175,0.19434960903336984,0.39517753836785197,0.3109593744533917,1.088357810586871,0.5247439443900985,1.1596193338991065,0.5571355458956602,0.6607886707134574,0.6478320301112328,1.2567941384157915,0.6543103504123451,5.8369665913022075,8.201553501208206,84.27646879717027,26.742506202991688,6.67914823044681,87.66463031465202,0.68309616107661,3.859365625374985,1.185532615103556,1.7944947234081148,0.375742577464515,3.303943353567287,6.879976159781292,1.3086207008246902,6.2774923717778455,9.68508885016293,4.7615654213175604,13.099163648849126,8.564339438070498,26.14002241498824,3.5242062438051063,0.7579634752301423,22.447379843354216,1.444665427148049,1.2697507790180163,0,2.980027338511671,3.938818743076295,16.64928317385868,2.772721088876076,19.1823064115936
OT,DNov,nonquotes,96.31901263369801,10.470071399678279,6.02993330385784,4.1202976397655755,4.0638552063441296,1.6932730026433873,0.6302738398728164,64.45725896729161,9.265966153354091,2.2765114813316654,1.702680074880295,1.1194415961920172,1.4392820522468792,12.68073337535159,2.9161923934413894,224.8102123176204,8.108896268214444,1.0253708738229401,16.405933981167042,2.2294761201471265,1.8720073751446338,0.3668758172394006,0.931300151453863,13.386263793119667,8.28763064071569,0.9030789347431399,1.0159638015860324,0.6396809121097241,1.0818133072443863,0.13169901131670791,4.458952240294253,0.5926455509251856,2.6527943708079733,2.4928741427805425,0.18814144473815414,0.8278223568478782,2.314139770279296,11.006274517182018,113.56217604394985,49.452978749423814,3.6687581723940057,63.215525432019795,0.725762212346051,4.50807688665846,1.4392820522468792,2.314139770279296,0.14110608355361562,3.6405369556832827,5.023376574508716,0.35746874500249287,5.935862581488763,3.3301035718653282,1.0535920905336633,2.6151660818603424,19.171613218817907,10.394814821783017,3.217218705022436,1.7403083638279258,0.8090082123740628,1.7497154360648335,1.0253708738229401,0,3.7440147502892676,8.315851857426413,9.72691269296257,1.8343790861970029,3.8004571837107135
OT,DNov,quotes,27.928341754708313,12.145153881488287,69.25126320624713,3.0500689021589342,5.824529168580615,59.64170877354157,38.23610473128158,39.7060174552136,19.421221864951768,7.165824529168581,5.199816260909508,6.394120349104272,2.0211299954065227,5.291685806155259,1.414790996784566,160.16536518144235,6.871841984382177,0.5695911805236564,38.419843821773085,2.553973357831879,2.0211299954065227,0.4225999081304547,3.031694993109784,16.00367478180983,0.7533302710151585,0.18373909049150206,0.440973817179605,0.18373909049150206,1.7455213596692696,0.5879650895728066,2.0027560863573726,0.7349563619660082,0.6982085438677078,0.7900780891134589,0.5879650895728066,0.4593477262287552,6.982085438677078,8.396876435461644,75.4616444648599,29.251263206247128,6.22875516766192,90.56499770326137,0.7124314324632772,3.789526994744386,0.532843362425356,2.7928341754708312,0.2939825447864033,3.3624253559944877,5.659163987138264,1.0105649977032614,7.037207165824529,8.91134588883785,4.299494717501148,16.371152962792834,5.934772622875517,24.05144694533762,2.3702342673403765,0.4593477262287552,27.928341754708313,1.506660542030317,1.414790996784566,0.03674781809830041,2.737712448323381,5.034451079467156,13.798805695911804,2.3518603582912263,19.200734956361966
PP,DNov,nonquotes,89.25283556278927,8.992421545190988,10.716647169523423,3.5603478968516353,3.6671583337571843,4.775952393062408,2.202329484766797,50.31280199379482,8.076903514571995,1.9327602868623162,2.0802604140175984,1.571639285895936,1.3427597782411882,14.63302985606022,2.9398301205432076,257.39280809724835,8.53466252988149,1.088449214180357,15.83846192970856,1.9327602868623162,1.6835359340827019,0.20853466252988148,0.7171557906515437,12.318803723106658,4.7912110269060575,0.7425868470576268,1.1138802705864401,0.6561212552769442,0.75275926962006,0.10172422562433243,4.191038095722496,0.5696556634962616,2.4159503585778954,1.922587864299883,0.15767254971771527,0.36112100096638017,2.029398301205432,8.850007629316922,111.40328569248767,53.00849397283963,2.9906922333553734,60.6174660495397,0.7086903532117795,4.5660101965298905,1.3376735669599715,1.856467117644067,0.2746554091856976,4.180865673160063,4.943797365342556,0.42215553634097963,5.961039621585881,3.117847515385789,1.2156044962107726,2.7516403031381924,25.74131529423732,9.287421799501551,2.487157316514928,1.1342251157113066,2.558364274451961,1.3987081023345709,0.8341386501195259,0,3.860434362443416,6.968109455266772,9.343370123594934,1.4343115813030873,3.9367275316616652
PP,DNov,quotes,33.69142400116334,9.37034209473952,61.42981786454357,3.0810339186388918,5.235031082997056,55.0223579452503,30.1923146835351,35.59094048787581,16.968408041589413,5.344094230559494,3.953539099138401,4.526120623841204,1.6086814265459701,8.306976406005743,1.9631366561238957,208.5378267350129,6.252953793579816,0.4816955684007707,34.76387828552732,2.417566437634057,1.8268077216708474,0.2544806776456902,2.1358199730977567,15.014359981095721,1.4632638964627185,0.4453411858799578,0.5089613552913804,0.37263242083833203,0.9633911368015414,0.2635692732758934,2.181262951248773,0.9179481586505254,0.9906569236921511,0.7997964154578835,0.3817210164685353,0.40898680335914495,4.562475006362017,6.571054640636929,80.74308357872542,36.099901843167196,5.7530810339186385,82.3972079834224,0.7185719873736685,4.021454671839334,0.8088850110880866,2.1085541862071473,0.36354382520812883,5.843966990220671,5.589486312574981,1.2087832188170284,8.316065001635947,6.661940596938961,3.8444759515759626,12.169629548842114,8.107027302141272,21.512705856691024,3.199185661831534,0.7179990547860544,23.539462682226343,1.2633147925982477,1.2451376013378412,0,2.717490093430763,4.535209219471407,11.151706838259352,2.581161158977715,14.92347402479369
TTC,DNov,nonquotes,89.43883519403968,12.18639621120058,3.940987404740542,3.895558155118173,4.327136026530682,1.1698031777760112,0.2498608729230315,70.72198434962351,14.162568569773649,2.032958920601029,2.3168917307408377,1.4083067382934502,1.0562300537200877,11.35731240559234,3.1800474735658555,222.47839271314837,9.02906336244591,0.7609399311746868,19.216572590262242,2.157889357062545,1.0448727413144954,0.23850356051743915,0.9199423048529796,11.754818339788072,4.735999273132006,0.7609399311746868,1.3628774886710808,0.9880861792865336,2.101102795034583,0.3180047473565855,2.998330475076378,0.2952901225454009,1.6808822360276665,1.272018989426342,0.20443162330066214,0.8517984304194256,2.203318606684914,9.710502106781451,126.72489182159934,47.85971447716612,3.7251984690342876,62.23807198264603,0.7074880045480386,4.4161672887488725,1.5559517995661507,1.805812672489182,0.2952901225454009,2.226033231496099,4.497495712614567,0.44293518381810126,6.473668071187634,3.361764472055333,0.9312996172585719,2.362320980363207,10.28972503946666,9.880861792865336,2.8847573510204545,1.06758736612568,0.0567865620279617,0.5224363706572477,1.0562300537200877,0,3.0210450998875626,9.892219105270929,10.63044441163443,2.191961294279322,4.576996899453714
TTC,DNov,quotes,29.58320025550942,12.136697540721814,68.56834877036091,2.4952091983391886,5.369690194825934,69.98562759501756,35.79128074097732,33.73522836154583,21.7183008623443,4.571223251357393,3.493292877674864,4.730916640051102,1.716703928457362,7.824976045991696,1.8564356435643565,169.39476205685085,8.603481315873523,0.5589268604279782,38.72564675822421,3.133982753114021,3.054136058767167,0.5988502076014053,2.3754391568189077,16.44841903545193,1.4172788246566592,0.47908016608112425,0.4591184924944107,0.35931012456084316,1.3573938038965188,0.6587352283615459,1.7765889492175024,0.41919514532098373,0.9182369849888214,0.6786969019482594,0.4591184924944107,0.7186202491216863,5.429575215586075,7.325934206323859,92.98147556691153,29.483391887575856,7.864899393165123,77.49121686362184,0.6832345940756446,3.93774066718009,1.2376237623762376,1.5370488661769404,0.23954008304056212,2.335515809645481,5.988502076014053,1.13781539444267,8.803098051740658,8.783136378153944,3.493292877674864,11.797349089747684,6.986585755349728,25.910252315554136,3.672947939955286,0.5190035132545513,7.745129351644842,1.1178537208559565,1.2176620887895242,0,3.1140210795273076,5.170073458958799,12.416160970935803,3.2337911210475885,14.172788246566592
