doc_id,corpus,subcorpus,f_01_past_tense,f_02_perfect_aspect,f_03_present_tense,f_04_place_adverbials,f_05_time_adverbials,f_06_first_person_pronouns,f_07_second_person_pronouns,f_08_third_person_pronouns,f_09_pronoun_it,f_10_demonstrative_pronoun,f_11_indefinite_pronouns,f_12_proverb_do,f_13_wh_question,f_14_nominalizations,f_15_gerunds,f_16_other_nouns,f_17_agentless_passives,f_18_by_passives,f_19_be_main_verb,f_20_existential_there,f_21_that_verb_comp,f_22_that_adj_comp,f_23_wh_clause,f_24_infinitives,f_25_present_participle,f_26_past_participle,f_27_past_participle_whiz,f_28_present_participle_whiz,f_29_that_subj,f_30_that_obj,f_31_wh_subj,f_32_wh_obj,f_33_pied_piping,f_34_sentence_relatives,f_35_because,f_36_though,f_37_if,f_38_other_adv_sub,f_39_prepositions,f_40_adj_attr,f_41_adj_pred,f_42_adverbs,f_43_type_token,f_44_mean_word_length,f_45_conjuncts,f_46_downtoners,f_47_hedges,f_48_amplifiers,f_49_emphatics,f_50_discourse_particles,f_51_demonstratives,f_52_modal_possibility,f_53_modal_necessity,f_54_modal_predictive,f_55_verb_public,f_56_verb_private,f_57_verb_suasive,f_58_verb_seem,f_59_contractions,f_60_that_deletion,f_61_stranded_preposition,f_62_split_infinitive,f_63_split_auxiliary,f_64_phrasal_coordination,f_65_clausal_coordination,f_66_neg_synthetic,f_67_neg_analytic
AgnesG,19C,nonquotes,77.23849191790578,10.682607851177245,7.531778060729007,3.1076677385242895,4.186719036623001,60.94481731661523,1.1653754019466085,57.49185316269936,11.157390422340677,3.3882210760299545,2.5681420894749336,3.4961262058398255,0.8848220644409435,17.005848458035697,6.905928307831754,166.04441375142974,8.97770680018128,0.9711461682888405,21.17098646869672,1.661738999072016,2.2660077260072944,0.280553337505665,1.2516995057945055,23.50173727258994,2.9566005567904696,0.23739128558171654,0.7769169346310724,0.7553359086690982,1.4243477134902993,0.280553337505665,1.5106718173381963,0.41003949327751044,1.2732805317564797,1.575414895224119,0.7553359086690982,1.1869564279085827,3.2371538942961346,17.739603340742818,100.97762047607743,48.29833610289833,4.898892893368151,75.98679241211127,0.7367727919467841,4.358795493934142,2.8486954269805986,3.452964153915877,0.1942292336577681,3.5824503096877227,6.841185229945832,0.5179446230873815,4.0572328808511555,7.0569954895655735,3.5824503096877227,6.409564710706347,9.711461682888405,17.804346418628743,3.323477998144032,1.5322528433001705,0.41003949327751044,0.49636359712540734,0.17264820769579386,0,5.136284178949867,9.625137579040507,15.279366381077756,3.0860867125623153,8.675572436713642
AgnesG,19C,quotes,30.351995807494106,7.817276618045244,59.219145776923746,1.9215652022010656,5.3716481788802515,63.455323609048826,39.04271115381256,48.25748973709494,17.163071010568608,5.153288496811949,3.974146213643113,7.293213381081317,1.5285177744781204,8.25399598218185,3.450082976679186,134.42222028124726,5.633679797362215,0.17468774565464232,35.15590881299677,2.2709406935103504,1.659533583719102,0.34937549130928464,3.450082976679186,22.884094680758146,0.3930474277229452,0.13101580924098175,0.34937549130928464,0.30570355489562406,0.9607826011005328,0.3930474277229452,0.9607826011005328,0.2620316184819635,0.4803913005502664,0.8734387282732117,0.6550790462049088,0.9607826011005328,8.122980172940869,14.28072320726701,67.25478207703729,30.17730806183946,7.817276618045244,94.85544589047079,0.7175656792141675,3.897057508272963,1.7905493929600838,3.886802340815792,0.4803913005502664,4.105162022884095,10.088217311555594,0.8734387282732117,4.891256878329985,12.315486068652284,6.72547820770373,17.861821993187178,7.424229190322299,28.255742859638396,3.1443794217835617,0.829766791859551,20.656825923661454,1.0044545375141933,0.5677351733775876,0,3.624770722333828,6.419774652808106,21.70495239758931,3.8431304044021313,20.26377849593851
alli,19C,nonquotes,86.31364610339644,21.782623622308247,9.547655408365001,2.710989570385103,4.753110534976501,6.836665837979899,2.6162825111576753,96.39402871991571,11.36484710729126,3.350262220170236,2.687312805578246,2.9773531744622415,1.231191769956553,9.032685773815865,4.61104994613536,192.78805743983142,11.021534017591836,1.1009695635188408,26.358158421233323,2.5748481727456762,6.552544660297617,1.0950503723171265,1.2726261083685526,15.520119330894627,3.971777296350227,0.15389897124456914,0.7694948562228457,0.4676161049354216,0.686626179398847,0.5327272081542778,3.735009648281659,1.5804240508576908,2.6162825111576753,0.6511110321885617,0.4676161049354216,1.7935149341194019,2.4150300102993927,16.35472529033633,109.64117862935208,31.86892543002924,6.505191130683904,73.06057700275834,0.7043093276119247,4.230976916612529,2.338080524677108,3.6047874418439463,0.21901007446342532,4.812302446993643,5.374625611156492,0.39066661931313706,7.322039516520463,7.292443560511892,4.167110606006795,8.464443418451303,18.142321033254017,17.603674633898024,4.0664843555776535,0.9115554450639864,0.7931716210297025,0.2308484568668537,0.09470705922742717,0,5.214807448710208,3.1845248665222385,15.67993749334091,3.202282440127381,10.873554237548982
alli,19C,quotes,21.811633581604493,13.862694328122835,81.29015759358118,2.195015397074023,5.689991369114216,77.45420835597609,40.07501411842428,42.68559068290552,21.747701094311076,6.542424533026457,5.583437223625185,7.916973009834948,1.4384809641019083,3.1859689501220045,2.5040224189922107,133.50168888320601,5.359673518098222,0.3729395092116059,42.738867755650034,2.940894415497235,5.380984347196027,0.873743993010048,3.505631386589095,19.872348133704143,0.436871996505024,0.053277072744515125,0.33031785101599376,0.2131082909780605,1.0335752112435934,0.6286694583852784,1.1294739421837205,0.6926019456786966,0.4581828256028301,0.13852038913573933,1.1827510149282359,0.9057102366567571,7.661243060661275,12.093895513004933,69.18560666602734,17.293737812869608,8.471054566377905,97.82736097347868,0.691525100990099,3.6942140545793896,0.7671898475210178,2.99417148824175,0.8950548221078541,5.998998391032403,9.174311926605505,0.7565344329721148,5.626058881820797,10.016089675968843,8.66285202825816,22.759965476456863,8.439088322731196,32.839987639719126,3.228590608317617,0.6926019456786966,32.0514869631003,1.1294739421837205,0.27704077827147866,0,4.166267088621082,2.141738324329508,17.996995173097208,2.205670811622926,27.011475881469167
Antoni,19C,nonquotes,76.2390179692044,12.596810236630239,6.130039489392965,3.9872042122019162,7.492270487035847,2.7856858603483636,0.3443842409771329,73.3538433281293,11.058560626932378,1.30100713258028,0.8035632289466434,0.14540667952367833,0.7499923470168671,23.754859644289343,6.688707258089203,205.07698901031623,8.647870940092448,1.224477301252028,10.48458689197049,0.9642758747359721,0.9795818410016224,0.20663054458627972,0.4591789879695105,12.007530535402699,3.3979245109743776,1.1096825542596505,2.5484433832307833,1.224477301252028,3.0305813205987695,1.2474362506505037,3.7652677013499862,1.354578014510056,1.9438577157375945,1.7219212048856645,0.007652983132825175,0.7806042795481679,1.262742216916154,14.00495913307007,144.74086999112254,60.80295099029602,2.82395077601249,57.030030305813206,0.7201230964031081,4.7348270343469165,1.5152906602993848,2.2958949398475528,0.07652983132825175,1.270395200048979,4.002510178467567,0.7729512964153427,4.454036183304252,2.5025254844338325,0.6198916337588392,1.8443689350108672,2.7397679615514128,8.938684299139805,2.846909725410965,2.135182294058224,0.27550739278170633,0.0918357975939021,0.11479474699237763,0,4.729543576085958,11.83151192334772,7.4157406557075944,2.4719135519025315,2.372424771175804
Antoni,19C,quotes,34.890898843232506,16.237687538581284,53.08784454762608,2.7912719074586008,5.931452803349527,78.77291392683647,32.07278778281758,37.89688397434177,10.091521511581094,2.603397836764272,1.771384095117958,1.0198878123406425,1.154083577122306,13.33905901929735,3.005985131109262,181.83526127915403,9.581577605410773,1.0198878123406425,24.692020719826083,1.5298317185109638,3.2475375077162565,0.5367830591266539,1.3687968007729676,15.351995491022304,0.8320137416463136,0.6173005179956521,1.1004052712096406,0.3220698354759924,2.6839152956332697,2.8717893663275986,3.3280549665852543,1.6640274832926272,1.0735661182533078,0.5367830591266539,0.40258729434499047,0.8051745886899809,3.140180895890926,12.077618830349714,119.05848251429185,27.188061944765025,6.843984003864838,54.16141066587939,0.6903839564526959,4.176537094863788,0.9125312005153118,1.1272444241659734,0,0.7514962827773155,4.723690920314555,0.5636222120829867,5.7167395796988645,5.367830591266539,4.616334308489224,14.707855820070318,3.38173327249792,17.68700179822325,3.3280549665852543,0.5367830591266539,0.1610349177379962,0.13419576478166348,0.2147132236506616,0,3.8648380257119084,6.521914168388846,10.413591347057087,3.167020048847258,6.7903056979521725
arma,19C,nonquotes,83.51062868025964,16.303135867501613,14.862673955363762,3.3450056955502383,6.382632489347212,22.432632790699078,3.170221614161127,71.14917519994697,10.282125615511184,1.2174615324345013,2.5012204750510794,1.3138941290629764,1.0788396747810678,13.006346470265612,4.701089085638173,212.62784852849884,6.382632489347212,0.6569470645314882,17.12281293884365,2.0190574919087023,1.2837589426165779,0.2832707525961463,1.4886782104520881,15.139917670670629,3.429384217600154,0.47010890856381726,1.6212730308162417,0.8437852204991593,1.8924897088338286,0.7172174374242853,3.2184379124753644,1.5670296952127243,1.5790837697912836,1.1511641222524245,0.09040555933919563,0.24710852886046805,2.7001127055973093,15.254431379166943,121.29412544675414,43.29823588618543,3.6403305227249443,59.56520952995136,0.704159827368577,4.391484708153615,0.8920015188133968,1.6212730308162417,0.15067593223199272,1.4223808002700113,4.912035390762963,0.39175742380318107,5.122981695887752,4.725197234795291,1.0788396747810678,3.3992490311537558,11.57191159541704,15.387026199531096,4.044142021106684,1.012542264598991,1.530867471477046,0.6509200272422085,0.19286519325695067,0,3.6945738583284613,5.4725498586659755,8.046094781188412,1.8081111867839126,3.8994931261639714
arma,19C,quotes,39.001593971888134,15.794812346036807,54.44863063324156,2.383712505433995,5.868714679032024,73.32995218084335,31.24909433415447,35.5165917982901,14.034197942327198,2.9560933198087236,4.253006810607158,3.7458339371105636,1.50702796696131,9.875380379655123,3.9631937400376755,175.01086799014635,6.354151572235907,0.5289088537893059,28.677003332850312,2.615562961889581,2.2388059701492535,0.3984929720330387,2.7532241704100855,20.859295754238516,0.9056658455296334,0.1521518620489784,0.862193884944211,0.49268221996812056,1.2679321837414868,0.5578901608462542,2.5068830604260253,1.3548761049123315,0.9926097667004782,0.8259672511230256,0.22460512969134908,0.3767569917403275,6.230981017243877,14.94710911462107,97.97130850601363,33.00246341109984,5.347051152006956,66.8888566874366,0.7089410116467161,4.031183026941245,0.7897406173018403,2.8836400521663528,0.3332850311549051,2.3112592377916243,5.78177075786118,0.5071728734965947,6.810607158382843,8.947978553832778,3.035791914215331,9.889871033183596,9.78119113172004,22.004057382987973,4.702217069989857,0.862193884944211,13.244457325025358,0.5796261411389654,0.24634110998406028,0,3.709607303289378,3.6226633821185334,11.150557890160846,2.043182147514853,11.172293870453558
basker,19C,nonquotes,91.28470479206085,15.600262578677066,13.746766034675831,6.062478279337375,4.2862107580028574,48.69289879136579,2.8960883500019308,47.26416187203151,14.63489979534309,2.201027146001467,2.587172259335058,1.2356643626674904,0.7722902266671815,9.923929412673283,4.093138201336062,200.91130246746727,6.410008881337607,1.1198208286674132,23.014248754682008,3.513920531335676,3.629764065335753,1.2742788740008495,0.7336757153338225,10.117001969340079,2.4713287253349807,0.3089160906668726,1.544580453334363,0.7722902266671815,0.23168706800015446,0.5792176700003862,6.139707302004093,1.7376530100011585,2.432714214001622,1.1584353400007723,0.19307255666679538,0.23168706800015446,2.3168706800015446,12.93586129667529,119.24161099741283,50.314708267366875,5.058500984670039,57.14947677337143,0.7305380262035817,4.241598265448351,1.505965942001004,2.007954589334672,0.07722902266671815,2.7416303046684942,5.4832606093369884,0.38614511333359075,6.410008881337607,6.101092790670734,2.50994323666834,3.127775418002085,10.580376105340386,14.557670772676373,2.7030157933351355,1.6218094760010813,0,0.3089160906668726,0.038614511333359074,0,3.436691508668958,7.143684596671429,16.140865737344093,2.0851836120013902,3.977294667335985
basker,19C,quotes,41.0433448408132,16.13997816529462,59.16024903366676,2.5080404827240272,4.366941075801836,57.15381664748753,28.29659791685108,38.88938066153256,20.506919241096455,5.3406509102711635,4.278421999940988,4.484966510282966,2.2719896137617654,8.143754979198016,2.4490277654834616,179.48717948717947,5.4291699861320115,0.531114455165088,39.745065061520755,4.632498303384379,7.317576937830102,1.3572924965330029,1.6523560827358297,15.697382785990381,0.531114455165088,0.059012717240565345,0.9146971172287628,0.354076303443392,0.6196335310259361,0.9737098344693281,4.543979227523531,1.9474196689386563,1.3572924965330029,0.5606208137853708,0.708152606886784,0.6786462482665014,4.662004662004662,12.746746923962114,87.89944232982208,31.04068926853737,6.697943406804166,71.19884335074208,0.724592803030303,4.019416897465678,1.5343306482546988,2.5670531999645925,0.11802543448113069,4.691511020624945,6.314360744740491,1.0327225517098935,8.940426661945649,11.03537812398572,4.868549172346641,10.445250951580066,7.111032427488124,25.40497477206338,3.2161930896108113,1.416305213773568,5.783246289575404,0.23605086896226138,0.14753179310141334,0,3.2752058068513765,3.0096485792688323,14.517128441179073,3.0981676551296804,11.064884482606002
cran,19C,nonquotes,91.21979307910917,15.416906588405743,6.928320671657039,2.3218232813864073,3.84493935397589,36.03469732711704,0.6129613462860115,60.794620799821686,10.64323792187529,2.21037576387986,2.2846741088842246,2.396121626390772,1.2630718650742054,10.383193714360013,4.8108178390326355,205.10058138454966,8.730055538012891,0.8730055538012891,23.831194160150083,1.448817727585118,2.879060868919145,0.650110518788194,2.117502832624403,18.20309452606943,2.2660995226331333,0.44579007002619014,1.3559447963296618,0.44579007002619014,1.0030276575589279,0.6315359325371027,3.324850938945335,0.9658784850567453,2.3775470401396808,2.098928246373312,0.5386630012816465,1.2444972788231141,4.532199045266267,18.76033211360217,101.86303100098445,38.28222226349908,5.572375875327377,71.51215706670133,0.7406089925118903,4.26582539177323,1.7274365213514868,3.473447628954065,0.44579007002619014,4.253580251499898,6.20391180786448,0.3900663112729164,4.476475286512993,6.426806842877575,2.544718316399502,4.253580251499898,9.90025447183164,18.983227148615264,4.43932611401081,1.2816464513252968,0.9658784850567453,0.6315359325371027,0.24146962126418633,0.018574586251091256,4.532199045266267,7.24408863792559,14.841094414621914,1.523116072589483,7.764177052956145
cran,19C,quotes,56.3609708421567,13.791605581799425,48.59640549492317,2.117608731063691,4.452408101210838,72.10729217570723,17.320953466905575,46.26160612477602,17.10376282782212,2.226204050605419,2.8777759678557855,3.963729163273063,1.0316555356464137,4.398110441439974,5.103980018461204,172.77515339088885,5.375468317315524,0.38008361839604715,34.859097572894605,1.9547157517510996,1.9547157517510996,0.10859531954172776,3.2035619264809685,18.841287940489764,1.0859531954172774,0.16289297931259164,0.868762556333822,0.9773578758755498,0.868762556333822,0.5429765977086387,1.4117391540424609,0.4886789379377749,0.4886789379377749,0.868762556333822,0.434381278166911,0.7601672367920943,5.755551935711571,13.628712602486832,74.49638920562523,27.311722864744528,6.950100450670576,85.46451647933974,0.7292308112239327,3.885084219858156,0.434381278166911,3.420752565564424,0.5972742574795026,5.972742574795026,8.796220882879949,1.1402508551881414,5.4297659770863875,8.796220882879949,4.886789379377749,12.162675788673509,6.407123852961937,29.212140956724767,3.36645490579356,1.0859531954172774,12.814247705923874,1.2488461747298691,0.5429765977086387,0,3.420752565564424,4.723896400065157,22.913612423304556,2.8777759678557855,16.180702611717436
Deronda,19C,nonquotes,79.55347099086732,15.77723121508513,8.71799271673435,2.955251768384526,4.385212301473812,3.331808042098038,0.9723731625007149,79.7917977463822,9.919159564529352,1.7636179908101204,2.7455242235314303,1.3536959713245247,1.2917310148906558,21.287345802589183,8.34143644302084,195.01325096760664,8.055444336402982,1.1582680318023222,22.531411466376863,2.154473869854525,3.079181681252264,0.7721786878682149,1.2059333829052985,17.6457129783218,4.022955633091193,0.2573928959560716,1.36322904154512,1.1201357509199412,1.7779175961410132,0.6625483803313695,6.186962573166314,1.1535014966920247,2.0782093080897632,1.6206219375011917,0.4003889492650003,0.5004861865812503,2.817022250185895,15.643768231996797,120.18341627104425,49.86272378882343,6.048733054967683,62.01738832008237,0.7414768036458768,4.570144835606301,1.6396880779423821,2.7693568990829185,1.0057389082727983,1.9352132547808347,5.7865736239013135,0.22402715018398825,7.149802665446433,6.401456653129707,2.3070029933840495,4.957196514709527,13.441629011039295,17.10709451085817,3.2412438750023833,2.473831722244466,0.0857976319853572,0.13346298308833343,0.1715952639707144,0.004766535110297622,3.975290281988217,6.706514900188755,10.843867375927092,2.0257774218764895,7.99824591507941
Deronda,19C,quotes,34.004703383401605,13.721362463966015,66.80511303292369,2.4939311181914734,4.87407070247307,76.55325443786982,34.91503565468062,33.3029889242907,18.291989076012744,5.054240631163708,6.751631011986041,4.7223486572599,1.5835988469124564,8.107646791078743,5.006827492034593,145.39713245334548,7.3585191928387195,0.407752996510393,40.76581702321347,3.40426338947049,3.1387498103474436,0.7586102260658474,3.062888787740859,21.212638446366256,0.5025792747686239,0.06637839478076164,0.5310271582460931,0.4741313912911546,1.6973903808223334,0.6258534365043241,2.693066302533758,0.5499924138977393,0.3698224852071006,0.5974055530268548,1.223258989531179,0.5784402973752086,5.4904415111515705,12.27052040661508,82.15748748293127,26.75049309664694,9.871415566681838,72.18176301016538,0.7112758713725525,3.9249862902993042,1.0905021999696556,2.560309512972235,0.8629191321499013,2.7594446973145197,6.334395387649826,0.4646487634653315,4.949931725079654,10.980883022303141,7.093005613715673,16.547185556061297,6.8369746624184495,27.158246093157334,3.186162949476559,1.1853284782278866,8.809361250189653,0.8534365043240782,0.30344409042633896,0,3.593915945986952,5.158549537247762,16.52822030040965,2.693066302533758,17.533378849946896
dorian,19C,nonquotes,109.92558277068652,15.943028929081859,5.790744665122468,4.336898132176827,2.8091271992508995,2.587353999310039,0.34498053324133854,87.03366024345769,15.524123995860233,2.9323345325513777,2.7598442659307083,1.3799221329653542,1.4292050662855453,8.501305997732985,5.0022177319994086,218.49588487506776,6.6039130649056235,0.9117342664235375,22.4483761273471,3.64693706569415,1.6263367995663103,0.5421122665221034,1.1088659997043024,12.074318663446848,5.396481198560938,0.3203390665812429,1.4784879996057365,0.9363757330836331,5.1500665319599825,2.0945246661081267,2.6119954659701343,0.22177319994086048,1.7988270661869794,0.2956975999211473,0.14784879996057365,0.5421122665221034,1.6509782662264059,9.782662264057956,117.8354935685772,48.02621852052634,5.49504706520132,49.30757478685131,0.7173842020963206,4.33555934802503,0.2956975999211473,2.3162978660489872,0.17249026662066927,1.7741855995268838,4.090483465575871,0.12320733330047805,3.006258932531664,3.4744467990734806,0.7392439998028683,4.065841998915776,8.35345719777241,11.975752796806466,2.4395051993494654,2.981617465871569,0.024641466660095607,0.2956975999211473,0.14784879996057365,0,2.9323345325513777,7.096742398107535,10.349415997240156,1.6016953329062147,3.64693706569415
dorian,19C,quotes,31.572001421247652,13.47647327546825,86.54383026242323,2.6394599258920866,4.822090249225927,71.92528298055936,42.561291305009895,34.084564235318005,21.750164966245368,5.253540429419826,7.0554794172884625,4.745951982132887,1.6496624536825542,6.776305771280645,2.131871478605147,155.70275620526877,5.22816100705548,0.2284148012791229,46.901172529313236,3.0201512613572916,2.9693924166285974,0.48220902492259277,2.8678747271712095,16.699659915740316,0.3299324907365108,0.12689711182173494,0.4060707578295518,0.3553119131008578,2.081112633876453,1.7258007207755952,2.2080097456981878,0.4568296025582458,0.7613826709304097,0.27917364600781686,0.8375209380234506,0.38069133546520484,4.060707578295518,9.136592051164916,78.98076239784783,31.800416222526774,10.684736815390082,84.28506167199635,0.7068554336541967,3.9346980816273978,0.7867620932947567,3.375463174458149,0.5837267143799807,4.4160194913963755,8.349829957870158,0.7867620932947567,4.2129841124816,6.674788081823258,6.3194761687223995,11.826810821785696,6.674788081823258,24.69417796050962,3.1216689508146795,1.3451093853103904,10.963910461397898,0.8375209380234506,0.2284148012791229,0.02537942236434699,3.7815339322877013,2.6902187706207807,12.740470026902187,2.157250900969494,19.592914065275874
dracula,19C,nonquotes,85.9386534770412,11.248708105713863,26.299276539199763,4.3739849402037505,6.007308430532999,59.68551601948915,1.7994241842610366,54.33338254835376,13.611029086077071,2.4545991436586445,2.768344898863133,2.362320980363207,0.701314041045327,7.373025247305478,5.499778532408091,180.0346965893991,6.210320389782962,0.6920862247157833,25.588734681824892,3.81108814410158,3.4512033072493726,1.0242876125793592,1.614867857670161,15.742654658201683,2.067030857817806,0.16610069393178797,0.8028200206703086,0.9043260002952901,0.9596928982725528,0.6828584083862395,2.5468773069540824,1.0150597962498153,0.9873763472611841,1.4118558984201979,0.12918942861361288,1.4303115310792853,3.2389635316698655,17.938874944633103,100.96153846153847,35.27794182784586,6.93931787981692,73.11198877897534,0.721376039753469,4.048959290294443,1.2088439391702348,2.9990403071017275,0.7474531226930459,2.2515871844086814,6.3025985530784,0.38756828584083863,3.3589251439539347,8.268123431271224,3.1559131847039716,5.3059943894876715,8.766425513066588,20.854864904768935,3.525025837885723,3.2851026133175845,0.6274915104089768,0.5352133471135391,0.18455632659087554,0.06459471430680644,3.1190019193857967,6.93931787981692,14.85678429056548,1.9562970618632807,7.889782961759929
dracula,19C,quotes,28.07070214283034,10.26381956693061,67.17454122415282,2.6832288812999585,6.023192104176831,68.41295455398357,28.783727999399556,42.987953615791646,15.742860359515143,5.366457762599917,3.1147971629076445,5.1600555409614595,1.5761624197845912,4.465793522723009,2.7770480729538036,158.4043231883514,5.253874732615304,0.46909595826922357,38.46586857807633,4.559612714376853,3.1147971629076445,0.7130258565692198,2.7582842346230345,17.18767591098435,0.5066236349307615,0.03752767666153788,0.5816789882538372,0.37527676661537884,2.0827860547153527,1.294704844823057,2.383007468007656,1.013247269861523,0.6004428265846061,0.6942620182384509,0.7693173715615266,1.0507749465230607,5.7229706908845275,12.853229256576725,85.63815814162945,28.72743648440725,8.33114421886141,82.09179269711412,0.7071558046865877,3.77519321109259,1.0695387848538298,2.4392989829999623,0.3940406049461478,1.970203024730739,8.612601793822945,1.0883026231845987,7.055203212369122,12.140203400007506,5.704206852553758,14.598266221338237,5.0099448343153075,23.192104176830412,2.6832288812999585,0.9194280782076781,6.0419559425076,0.6004428265846061,0.4315682816076857,0.05629151499230683,2.7019927196307276,5.685443014222989,18.238450857507413,2.8145757496153414,16.51217773107667
emma,19C,nonquotes,83.73887609683241,15.757047731657229,2.6386209471653492,2.128321613043749,5.526168398780261,1.4064347501400212,0.7094405376812496,83.02943555915117,14.661771112079158,1.6802539050345386,2.6386209471653492,2.128321613043749,1.3193104735826746,19.702532827182775,7.7540606136038335,184.49187877279235,12.608127450370278,1.2321861970253283,28.912813491816543,2.4768187192731346,2.539050345385525,0.5102993341216006,1.5184516771423238,21.818408115004043,1.767378181591885,0.199141203559649,0.8587964403509863,0.4605140332316883,0.7467795133486838,0.4729603584541664,2.6635135976103057,1.1201692700230257,0.8090111394610742,1.9167340842616218,0.16180222789221482,1.2819714979152406,1.7051465554794947,16.230008090111394,100.09334743916858,39.280602402140765,6.758354595805589,82.17063911880017,0.7283891906499924,4.469727788659535,2.31501649138092,4.04505569730537,0.4729603584541664,7.928309166718527,9.658348372642978,0.28626548011699543,3.522310037961292,9.944613852759973,4.766942560209098,4.941191113323791,10.965212521003174,18.95575331383409,4.293982201754932,2.5017113697180906,0.28626548011699543,0.4729603584541664,0.398282407119298,0,7.032173750700106,7.231314954259755,14.039454850955256,3.136473956064472,9.944613852759973
emma,19C,quotes,28.306508904730407,12.775287229612209,63.178266088532865,1.8250410328017441,4.213517552240268,62.13713529800838,28.735209818475784,43.984713750275596,18.213664535410697,3.6500820656034882,3.405110114891845,5.1199137698733495,2.070012983513388,10.937997599274883,3.7358222483525636,151.73562627079198,7.5083902893118735,0.48994390142328703,41.70647460865731,2.988657798682051,2.2659905440827024,0.7471644496705128,2.6334484701501677,19.389529898826584,0.7104186570637662,0.12248597535582176,0.3552093285318831,0.18372896303373265,0.7226672545993483,0.7104186570637662,1.6290634722324293,0.5389382915656158,0.33071213346071876,0.9553906077754097,0.4654467063521227,0.6369270718502732,4.384997917738419,14.35535631170231,76.63947478013768,30.38877048577938,8.586266872443105,98.4787241860807,0.7215662729117506,4.015561895587091,1.4575831067342788,3.1111437740378727,0.6859214619926018,11.109477964773033,11.48918448837608,1.0043849979177384,4.029788589206536,12.322089120795669,7.912594007986086,14.722814237769775,7.704367849881189,29.45787707307513,3.6378334680679063,1.3840915215207859,0.7471644496705128,0.9308934127042454,0.4654467063521227,0,5.536366086083143,4.066534381813282,16.021165576541485,2.8906690183973933,18.39739349844443
frank,19C,nonquotes,86.37469586374696,13.620959332638165,14.859228362877998,3.4758428919012863,3.975495307612096,81.39989572471325,3.0848105665623913,35.08428919012861,9.29787973583594,2.93274244004171,1.151372957942301,0.586548488008342,1.5424052832811956,20.420576989920054,6.36513729579423,181.7214111922141,9.971324296141814,2.1072297532151545,18.79127563434133,0.7820646506777894,2.997914494264859,0.4344803614876608,1.0210288494960027,16.119221411192214,1.7379214459506431,0.6734445603058742,1.194820994091067,0.4344803614876608,2.6937782412234967,0.9558567952728537,3.3020507473062217,2.1941258255126868,2.3679179701077513,1.8248175182481752,0.1086200903719152,0.6951685783802573,2.259297879735836,12.57820646506778,115.11557177615572,42.51390337156761,5.474452554744525,59.893117831074036,0.7237112751181068,4.45420719368105,2.0855057351407718,3.5844629822732013,0.2824122349669795,1.6075773375043447,5.43100451859576,0.30413625304136255,7.64685436218283,6.64754953076121,2.9761904761904763,4.475147723322906,5.626520681265207,16.74921793534932,4.018943343760862,1.8465415363225581,0.02172401807438304,0.19551616266944735,0.1086200903719152,0,5.083420229405631,11.426833507125478,18.117831074035454,2.1724018074383036,6.234793187347932
frank,19C,quotes,65.20844761382337,12.033735600658256,35.20981897970378,2.4684585847504112,4.696928140427866,76.83077345035656,25.850246845858475,33.049917718047176,9.051014810751509,4.1826659352715305,1.6456390565002743,0.8913878222709819,1.7484914975315413,17.313494240263303,4.971201316511245,172.58639605046628,9.153867251782776,1.6456390565002743,24.650301700493692,0.6171146461876028,3.7369720241360396,0.5142622051563357,1.4742183214481623,15.25644541963796,1.268513439385628,0.6513987931980252,0.8571036752605595,0.3771256171146462,2.0570488206253428,1.3027975863960504,3.428414701042238,2.2284695556774547,2.4684585847504112,1.3370817334064728,0.4114097641250686,0.71996708721887,3.256993965990126,10.285244103126715,103.16099835436094,40.52386176631926,8.571036752605595,63.39138782227098,0.7202181017578864,4.356552173763854,2.3998902907295667,3.0170049369171696,0.17142073505211192,2.708447613823368,5.588315962698848,0.27427317608337903,8.125342841470104,7.988206253428415,3.1884256719692816,9.35957213384531,4.3883708173340645,20.227646736149204,4.2855183763027975,1.6456390565002743,0.03428414701042238,0.17142073505211192,0.03428414701042238,0,5.142622051563357,12.068019747668679,19.644816236972023,2.3656061437191442,9.22243554580362
jane,19C,nonquotes,103.81868182573227,11.433897491740646,8.517746073346744,3.9035824366475333,6.902788800502021,63.47243498643436,1.5780439637511305,52.93368524021336,13.547184437348886,1.8641221092264817,1.9564053819604659,1.458075709196951,0.7290378545984755,13.122681382772559,6.339860836824717,192.90895332312064,7.327291855078348,0.6828962182314834,20.4868865469445,1.5965006182979273,1.1812258909949982,0.22147985456156216,1.3104224728225762,14.996031819272439,3.174544582049058,0.5998412727708975,1.854893781953083,0.9782026909802329,0.7936361455122645,0.14765323637437477,1.808752145586091,0.28607814547535115,1.458075709196951,1.3011941455491778,0.5906129454974991,0.6644395636846865,1.8641221092264817,13.214964655506543,100.26577582547388,39.98634207563537,5.786161200420811,68.95406138683302,0.7378962734953377,4.29696649618264,1.6057289455713257,3.2299145456894482,0.35990476366253854,2.2701685092560124,4.817186836713978,0.6275262545910928,5.721562909507023,4.724903563979993,1.9102637455934737,3.8205274911869473,8.886879164282682,17.358483601262435,3.9774090548347205,2.6485299274653475,0.18456654546796847,0.8213211273324598,0.07382661818718739,0,3.8297558184603457,10.677174655321977,13.87940421919123,3.174544582049058,6.847418836861631
jane,19C,quotes,33.40889056793855,9.759476136506738,64.53847122528649,2.556353104143055,5.918650044075053,66.74222390127188,45.082483314444026,33.282961843596524,15.804054904923813,3.3119254501951896,3.173403853418965,4.067497796247324,1.9141166099987408,9.973554967888175,3.5889686437476387,169.38672711245434,6.787558242035008,0.4911220249338874,35.3985644125425,1.9896738446039541,1.4355874574990555,0.35260042815766274,2.07782395164337,17.36557108676489,0.6674222390127188,0.2140788313814381,0.9066868152625613,0.4281576627628762,0.73038660118373,0.34000755572346053,1.6874449061831003,0.5666792595391009,0.9822440498677748,0.6422364941443143,1.0829870293413928,0.5792721319733031,4.306762372497166,10.703941569071905,82.19367837803803,31.12958065734794,8.752046341770559,76.22465684422617,0.7229744940677826,4.002070972086345,1.0452084120387861,2.669688956050875,0.44075053519707846,2.9593250220375267,6.1201360030222896,0.7933509633547412,6.082357385719683,8.286110061705076,5.289006422364942,14.909960962095454,6.183100365193301,21.68492633169626,3.2111824707215715,0.831129580657348,4.734920035260043,0.7807580909205389,0.26445032111824707,0,3.500818536708223,7.555723460521345,16.50925576123914,3.7778617302606725,14.305503085253747
Jekyll,19C,nonquotes,95.74698925897798,11.988716502115656,6.45546273190843,3.1463599869805794,6.563957903873278,36.07464467831181,0.9764565476836281,41.22816534664207,11.717478572203538,3.4175979168926984,1.5189324075078658,1.0307041336660518,0.9222089617012043,14.48410545730715,5.207768254312683,204.4049039817728,10.0358034067484,0.7052186177715092,20.451339915373765,1.8986655093848324,1.0849517196484757,0.16274275794727133,0.48822827384181405,13.453401323641097,2.224151025279375,0.43398068785939026,1.5189324075078658,0.8679613757187805,2.3326461972442227,1.0849517196484757,1.4104372355430184,0.7594662037539329,2.495388955191494,1.4104372355430184,0.32548551589454267,0.9222089617012043,1.4104372355430184,9.927308234783553,126.55961809699468,40.088966041011176,4.990777910382988,68.24346316588912,0.7126266703026998,4.294826364280652,2.3326461972442227,2.5496365411739177,0.21699034392969513,2.3326461972442227,5.479006184224802,0.7052186177715092,8.299880655310838,3.8515786047520884,1.4646848215254422,3.0921124009981558,11.608983400238689,11.391993056308994,2.3326461972442227,2.1156558533145273,0.05424758598242378,0.8137137897363568,0.10849517196484756,0,5.479006184224802,10.19854616469567,14.05012476944776,1.8444179234024085,3.8515786047520884
Jekyll,19C,quotes,32.5475488882936,12.322528797214037,72.72970800964372,2.1430484864720065,4.955799624966515,69.2472542191267,37.503348513260114,25.180819716046077,23.70747388159657,7.902491293865523,4.821859094562014,3.4824537905170105,1.2054647736405035,4.955799624966515,2.410929547281007,171.97964103937852,7.634610233056523,0.4018215912135012,41.11974283418162,4.553978033753014,2.276989016876507,0.4018215912135012,2.1430484864720065,17.948031074203055,0.8036431824270024,0,0.5357621216180016,0.669702652022502,1.339405304045004,1.0715242432360033,1.6072863648540048,0.5357621216180016,0.5357621216180016,0.4018215912135012,0.5357621216180016,0.669702652022502,7.366729172247522,8.304312885079025,82.77524778998125,24.243236003214573,7.634610233056523,72.99758907045272,0.7135509705443193,3.7913385826771653,1.0715242432360033,2.410929547281007,0.9375837128315028,4.821859094562014,6.56308598982052,1.6072863648540048,9.643718189124028,10.983123493169034,5.759442807393517,11.384945084382535,5.625502276989017,30.00267881060809,4.286096972944013,1.4733458344495045,8.840075006697026,1.4733458344495045,0.2678810608090008,0,3.884275381730512,3.34851326011251,16.206804178944548,2.5448700776855078,11.518885614787035
Jude,19C,nonquotes,98.91022547446157,16.094095464697364,3.6812156990381704,4.926992963041942,5.5667164229357695,2.3119830304934847,1.3355630127607996,93.69142882795929,9.966218112030168,2.289536593304228,2.0650722214116564,2.0314025656277708,0.8529646131917711,12.37921010987531,7.407324272454854,195.08198561183377,7.238975993535426,1.0549825478950854,19.169257359625593,1.7620453193566852,2.906813616008799,0.6621698970830855,1.2906701383822852,14.89321107507211,3.7710014477951987,0.23568759048719992,1.1896611710306282,1.6947060077889138,1.0549825478950854,0.5836073669206855,3.6138763874703987,0.7407324272454855,2.042625784222399,2.0314025656277708,0.21324115329794277,1.6161434776265138,1.9640632540599994,15.173791539937824,115.90217842672922,42.580891348020785,4.960662618825827,67.92291893469209,0.7353827948242792,4.428440667623428,2.020179347033142,3.3781887969831987,0.3142501206495999,1.4590184173017138,5.129010897745255,0.2469108090818285,4.769867902717142,4.590296405203084,1.3804558871393138,3.423081671361713,12.323094016902168,15.286023725884109,3.9281265081199987,2.424215216439771,0.493821618163657,0.40403586940662845,0.11223218594628567,0.011223218594628567,4.051581912660913,6.924725872885826,12.69346023052491,1.2906701383822852,7.0706277146159975
Jude,19C,quotes,31.677996182567057,13.645648461306633,73.98787797609081,2.511469041958276,7.1995445869470585,80.80233064327093,37.92318253356997,32.21377624485149,21.53166125305562,6.864682048019288,4.771791179720725,8.371563473194254,1.875230217995513,6.111241335431806,3.8509191976693566,124.90372702005827,5.759635669557647,0.4018350467133242,40.95368851086629,2.310551518601614,1.875230217995513,0.41857817365971267,2.9970197234035427,20.3931286207012,0.6864682048019288,0.15068814251749657,0.4018350467133242,0.4353213006061012,1.054816997622476,0.4018350467133242,1.5738539329605197,0.35160566587415865,0.31811941198138166,0.5357800622844322,0.9041288551049794,1.2389913940327495,5.441516257576265,13.344272176271641,73.51907042159193,26.604828717811337,8.18738907678398,99.20302715735191,0.7216590579700908,3.7906722630775636,1.2389913940327495,3.7672035629374143,0.41857817365971267,2.8798178347788235,9.911931152261996,1.8417439641027358,5.3912868767371,9.510096105548673,7.785554030070656,14.1311991427519,7.283260221679001,26.186250544151626,2.7961022000468807,1.1050463784616416,30.757124200515687,1.1385326323544185,0.5860094431235978,0.03348625389277701,3.130964738974651,4.219267990489904,16.659411311656566,2.2603221377624485,25.80115862438469
LadyAud,19C,nonquotes,88.57535666794384,14.593522504451306,5.578219026797989,4.158308729067592,2.727129301990128,5.2401451463859905,0.6310712434357322,76.089161351394,7.730622732087719,1.8255989542247966,1.4199102977303975,1.081836417318398,1.0705672879713313,11.212783700331313,5.657102932227456,235.97556852757555,5.747255967003989,1.0592981586242647,15.765511956546238,1.8932137303071965,1.8932137303071965,0.3944195271473326,0.8789920890711984,11.742432779643444,4.147039599720525,0.36061213910613266,1.6340237553246637,1.6678311433658635,1.9495593770425297,0.41695778584146587,4.823187360544524,1.1269129347066646,3.211701863913994,1.5776781085893303,0.22538258694133292,0.3718812684531993,1.9833667650837297,12.53127183393811,121.00791092880164,58.91500822646442,3.685005296490793,52.8747548964367,0.7300685626725558,4.493989207895995,1.1043746760125313,2.715860172643062,0.1464986815118664,3.2229709932610606,3.549775744325993,0.23665171628839957,8.372963104870518,3.73008181387906,1.2508733575243978,2.2200184813721293,10.762018526448646,11.077554148166513,2.704591043295995,1.3522955216479975,0.28172823367666616,0.7775699249475986,0.05634564673533323,0.011269129347066646,3.1891636052198606,7.595393179922919,8.789920890711983,1.78052243683653,3.504699226937727
LadyAud,19C,quotes,34.64413690843939,13.700111207216112,57.96676139873965,2.6875077227233413,2.980971209687384,74.23081675522056,32.636228839738045,40.45162486099098,11.923884838749537,3.9694797973557394,3.274434696651427,4.139379710861238,1.8688990485604844,7.491041640924256,3.0273075497343385,174.31731125664155,6.1781786729272214,0.571481527245768,31.029902384776967,2.270480662300754,3.5833436302977884,0.293463486964043,2.6720622760410233,19.306808352897566,0.7722723341159027,0.09267268009390832,0.7259359940689485,0.3706907203756333,1.2510811812677622,0.6023724206104041,3.3516619300630173,1.18929939453849,1.2665266279500804,0.4788088471518596,0.8031632274805387,0.5096997405164957,6.147287779562585,11.8929939453849,88.23983689608303,35.0766094155443,7.6146052143828,68.12986531570493,0.7008155962047639,3.9345683691841185,0.6023724206104041,2.702953169405659,0.3706907203756333,4.309279624366737,5.683924379093043,0.21623625355245274,8.32509576176943,10.024094896824415,4.432843197825281,13.777338440627704,5.668478932410725,24.20301495119239,3.0273075497343385,0.7568268874335846,14.287038181144199,0.7104905473866304,0.44791795378722354,0.015445446682318053,3.6451254170270606,4.973433831706413,15.368219448906462,2.2395897689361175,12.402693685901395
mary,19C,nonquotes,88.77551020408163,13.352769679300291,6.85131195335277,4.285714285714286,5.296404275996113,2.9154518950437316,1.564625850340136,88.2798833819242,9.922254616132166,2.322643343051506,1.6034985422740524,1.8561710398445093,1.5063168124392614,11.885325558794946,8.017492711370263,198.2215743440233,7.424684159378037,1.1273080660835764,19.931972789115648,2.021379980563654,1.4188532555879494,0.3206997084548105,1.4285714285714286,17.920310981535472,3.3527696793002915,0.37900874635568516,1.2439261418853256,1.0301263362487851,1.0398445092322643,0.3206997084548105,3.7220602526724975,0.7774538386783285,2.108843537414966,1.7589893100097183,0.21379980563654033,1.3216715257531584,3.381924198250729,15.53935860058309,107.910592808552,43.64431486880466,5.296404275996113,69.46550048590865,0.7379153581450887,4.348079503933074,1.3411078717201166,3.2361516034985423,0.5150631681243926,1.9436345966958213,6.6763848396501455,0.5344995140913509,5.160349854227405,6.404275996112731,2.0699708454810497,4.577259475218659,8.221574344023324,17.677356656948493,3.7317784256559765,1.7298347910592808,0.6899902818270165,0.5247813411078717,0.1749271137026239,0.019436345966958212,3.867832847424684,8.81438289601555,13.537414965986395,2.0991253644314867,6.822157434402333
mary,19C,quotes,41.35654650184454,8.559316549090674,62.16426121286648,3.155135589929454,5.565982784285807,66.41964921364313,27.975535564041163,51.12937673936962,16.989191638081678,4.320108730826484,2.1681444566694714,5.857226069510064,1.812180441395379,2.0710633615947187,4.384829460876318,155.63717558734064,5.663063879360559,0.35596401527409227,38.39557310206459,2.5079282894311046,0.6310271179858908,0.11326127758721119,3.656721247815675,19.04407481716394,1.116432593359653,0.33978383276163354,0.3074234677367161,0.5663063879360559,0.7766487605980196,0.17798200763704614,1.067892045822277,0.3236036502491748,0.22652255517442238,0.37214419778655106,0.29124328522425735,1.1002524108471943,6.16464953724678,15.694777037084979,70.7073975794447,23.687787198239597,7.523784868293315,86.27273315643001,0.7282456353730341,3.685705126041913,0.5501262054235971,2.3137660992816,1.003171315772442,2.329946281794059,8.47841563652838,1.6989191638081678,4.692252928613034,11.002524108471944,4.223027635751731,18.299786421590834,7.620865963368066,29.04342760986344,2.4108471943563523,0.809009125622937,35.24043751213514,0.9222704032101482,0.8575496731603133,0,3.802342890427804,5.112937673936962,21.30930036890816,3.365477962591418,17.037732185619053
mill,19C,nonquotes,82.7988505335273,14.153343413858094,9.258794780103624,3.325139921027927,4.751223637158438,3.160316174942491,1.655403710684162,71.50484080176003,10.935697240277191,2.01371620217424,2.938162430218642,1.4475824656199165,1.504912464258329,16.468042108884,8.305683552740016,210.53725374974022,7.5747260701002554,1.039106225321227,23.634291938685568,2.630013687537175,2.357696194004715,0.6521287345119425,1.2182624710662664,16.4823746085436,4.951878632392883,0.20782124506424543,1.2039299714066631,0.7954537311079739,2.4293586923027313,0.45863998910730025,4.385744895838559,0.6664612341715457,1.9062224547272166,1.7557312083013838,0.59479873587353,0.59479873587353,2.995492428857055,15.5507621306694,115.59160975469926,52.80809499580774,5.740166113671055,66.08715593043004,0.7326766596656223,4.426204110590671,1.1824312219172586,2.8808324315802296,0.42280873995829243,3.153149925112689,5.553843618096214,0.27231749353245954,7.990368560228747,4.901714883584272,2.579849938728564,4.908881133414073,14.36833090875214,15.744250876074041,2.6371799373669766,1.7772299577907884,0.7381237324695613,0.16482374608543604,0.13615874676622977,0.007166249829801566,4.056097403667686,7.008592333545932,11.294009731767268,2.0065499523444386,7.538894820951248
mill,19C,quotes,23.139241878234483,10.133578995854444,72.20852412821417,2.926274148535508,5.6222396835288695,71.81564472864227,41.807787140650824,31.36261413823936,18.749830655431218,5.120979759937139,6.069309345110684,6.231880131140434,1.4224943777603165,4.7145527948627635,4.3487685262958244,153.67003549462163,6.096404476115642,0.28449887555206327,39.81629501178638,4.240388002275991,0.9618771506760235,0.24385617904462567,3.183677893082613,20.334895819221288,0.799306364646273,0.09483295851735443,0.28449887555206327,0.3251415720595009,1.0296149781884196,0.3657842685669385,1.0296149781884196,0.3657842685669385,0.17611835153222966,0.20321348253718807,1.395399246755358,0.596092882109085,7.396970764353646,16.121602947950255,68.10361178096296,26.255181943804697,8.223372260004878,78.8874739209364,0.7148411836503463,3.7282750512566847,0.6773782751239602,2.38437152843634,0.3657842685669385,3.2107730240875716,6.557021703199935,1.1109003712032948,5.0261468014197845,10.187769257864362,7.017638930284228,18.343403690356844,6.380903351667706,25.15782913810388,2.0456823908743598,0.6367355786165226,44.63922833066898,0.7722112336413146,1.8695640393421302,0,3.4817243341371555,5.134527325439619,17.164765491641152,3.454629203132197,19.79299319912212
native,19C,nonquotes,96.91135178499799,14.428972551716233,5.065612285828892,6.097071801042921,5.397971462953413,1.6617958856226005,0.8710102572918458,71.77812159761618,11.208526731992436,3.0026932554008368,2.039997707867744,1.352358031058392,0.9283135636926251,13.71841155234657,6.6586442037705575,211.49504326399634,8.81324852443986,1.2606727408171452,21.133459400607414,1.6847172081829123,2.2348289496303937,0.5157297576070139,1.1804481118560541,13.85593948770844,3.8851641739728384,0.37820182224514354,1.5128072889805741,1.4784253051401066,0.8022462896109106,0.6876396768093519,4.928084350467022,0.7793249670505988,1.8337058048249384,1.9712337401868087,0.21775256432296144,1.3179760472179245,1.8222451435447826,13.844478826428285,123.52300727751991,43.30983897770901,5.054151624548736,66.00194831241762,0.7340385681484298,4.5024516307671005,1.7534811758638473,3.5069623517276947,0.33235917712452007,1.4211219987393273,4.618646495902814,0.1948312417626497,6.051229155922297,4.893702366626554,1.0314595152140278,2.9912325941206808,13.535040971864076,13.810096842587818,3.0485359005214603,2.0743796917082116,0.10314595152140278,0.4928084350467022,0.1948312417626497,0,4.171680705976735,6.498194945848375,10.624033006704487,1.5930319179416652,5.70740931751762
native,19C,quotes,33.32633200308059,16.24308618637541,68.49051319750752,3.15059861373661,7.648953301127214,74.47665056360708,38.944899530910874,34.76160470489393,18.83357837989218,7.263880137226073,5.1459777357697964,6.31870055310509,2.502975565357418,3.4131484982146607,3.2031085906322203,131.36245886718476,5.496044248407197,0.43758314079675137,39.48750262549884,3.500665126374011,2.940558706154169,0.5776097458517119,3.6581950570608415,20.303857732969263,0.5601064202198418,0.07001330252748023,0.45508646642862144,0.3850731639011412,1.3652593992858644,0.6826296996429322,1.890359168241966,0.4900931176923615,0.1575299306868305,0.33256318700553106,1.260239445494644,0.9101729328572429,6.161170622418259,12.462367849891478,72.98886788489813,23.401946369810265,8.576629559616327,95.02555485542253,0.7234140786652439,3.741825026891359,0.8051529790660226,4.008261569698242,0.45508646642862144,2.7830287754673386,7.071343555275503,1.7853392144507456,6.406217181264441,11.447174963243016,6.721277042638102,17.310789049919485,6.528740460687531,27.707764475250297,3.0805853112091297,1.0852061891759435,17.783378841979975,1.0852061891759435,0.33256318700553106,0.03500665126374011,4.043268220961982,3.0980886368409997,16.890709234754603,2.607995519148638,21.424070573408947
NorthS,19C,nonquotes,91.35190880462606,14.309128745326973,6.832286698219185,3.8305003591094087,3.9317876282204747,6.362682086886061,1.1141599602217271,93.78280326329165,11.325758273328299,2.1362405848879393,1.6942597742214691,2.2559437211101083,1.1970313622216902,12.40308649932782,6.3718900204416125,196.32235133791275,7.025653302885766,0.8931695548884919,21.564980387101528,1.988913647999116,2.1178247177768363,0.5064363455553305,1.8047549768880868,17.844975230658736,3.6739654886650337,0.34069354155540416,0.9392092226662493,0.8287140199996317,1.4916852359993371,0.4051490764442644,2.4861420599988953,1.0681202924439697,2.0717850499990793,1.7863391097769838,0.3959411428887129,1.1786154951105874,4.226441501998122,16.62952800132594,106.52658330417488,41.11342332553728,6.1969392828861345,68.66356052374726,0.7363538013018097,4.320659664022051,1.2338630964438961,3.5082226846651077,0.46960461133312464,2.7071324653321303,6.629712159997053,0.5616839468886392,4.963076186442239,6.206147216441686,2.0533691828879763,5.5615918675530835,12.163680226883482,18.148837037991935,4.02386696377599,1.611388372221506,3.1951529437763577,0.4788125448886761,0.2670300731109924,0.009207933555551464,4.02386696377599,7.734664186663229,12.946354579105357,2.2375278539990053,7.881991123552052
NorthS,19C,quotes,30.59090561322078,11.705898854913162,67.23878503481166,2.180510571013236,4.743566856239321,68.93473770115529,28.652673994542347,41.18742189691668,17.4185815204917,3.927469332585244,2.9838565708602176,5.3046339037514985,1.6576980949223432,5.993216189334626,3.9529723801994336,156.46119711305502,5.648925046543062,0.6375761903547474,39.006911325903445,2.5630562852260845,1.746958761572008,0.28053352375608887,3.1241233327382623,19.191043329677896,0.8160975236540766,0.17852133329932926,0.7013338093902222,0.44630333324832316,1.0583764759888807,0.4718063808625131,2.167759047206141,0.6120731427405575,0.8671036188824565,0.7650914284256969,0.7778429522327919,0.9436127617250262,6.681798474917753,12.687766188059474,78.54938665170488,29.315753232511284,9.295860855372217,83.73925684119253,0.7324342379885387,3.8469120953825238,0.9053581903037413,3.5576751421794905,0.6503277141618423,3.825457142128484,8.339496569840096,0.969115809339216,6.235495141669429,10.64752237892428,5.330136951365688,16.576980949223433,6.26099818928362,28.257376756522405,3.5576751421794905,0.956364285532121,19.344061615363035,1.0838795236030705,0.5483155237050827,0.012751523807094947,3.5831781897936805,5.470403713243733,16.576980949223433,2.7288260947183187,18.591721710744434
persuasion,19C,nonquotes,79.46029720120339,18.032637432765064,2.388549548728234,2.534415170024615,5.397027987966086,0.5469960798614276,0.21879843194457108,80.73662138754672,12.198012580909836,1.7139210502324733,3.8836721670161363,2.2791503327559486,1.3127905916674263,20.074756130914395,7.986142765976844,188.78658036284074,11.906281338317076,1.458656212963807,27.91503327559486,2.534415170024615,2.807913209955329,0.45583006655118974,1.0757589570608077,22.335673261008296,1.9691858875011397,0.36466405324095175,0.9663597410885222,0.43759686388914215,0.4922964718752849,0.18233202662047587,3.1543440605342328,1.4404230103017595,1.0939921597228552,1.9327194821770444,0.21879843194457108,1.458656212963807,1.3492569969915216,18.433767891330113,104.91384811742182,41.20703801622755,6.253988513082323,77.65521013766067,0.7329529098016293,4.530212062792619,2.5526483726866624,4.740632692132373,0.2917312425927614,6.19928890509618,8.934269304403319,0.2917312425927614,3.3913756951408516,9.098368128361747,4.284802625581183,3.62840732974747,8.314340413893701,19.783024888321634,3.5372413164372323,2.2426839274318535,0.07293281064819035,0.2917312425927614,0.34643085057890416,0,6.089889689123894,7.931443157990701,13.401403956604979,3.3549092898167565,9.116601331023794
persuasion,19C,quotes,33.52969381464484,14.076306596342215,58.94239331461059,2.1234331118569765,4.794848962257689,62.02479621891911,25.89218439619152,44.283855058565656,15.549010206178504,3.9386259332831015,5.685320912391259,5.137338173847524,1.952188506062059,8.219741078156039,4.418110829508871,158.33276251798068,8.767723816699775,0.7192273443386533,40.379478046441534,2.6029180080827454,2.3974244811288443,0.5822316597027194,2.3631755599698607,20.343859168436193,0.5137338173847524,0.06849784231796699,0.30824029043085144,0.3767381327488184,0.8219741078156038,0.7877251866566203,2.500171244605795,0.7877251866566203,0.3424892115898349,1.3699568463593397,0.4794848962257689,0.9247208712925543,4.520857592985821,13.494074936639496,83.8071100760326,31.78299883553668,8.870470580176724,90.55414754435235,0.7280893709839041,4.0250963921784635,1.815192821426125,3.5276388793752997,0.5822316597027194,8.699225974381807,9.692444687992328,0.5137338173847524,4.452359750667854,12.124118090280156,7.979998630043154,12.637851907664908,7.2265223645455166,29.180080827453935,3.6646345640112337,1.3014590040413727,0.6849784231796698,0.8219741078156038,0.4109870539078019,0.034248921158983495,5.137338173847524,4.966093568052607,15.617508048496472,3.3563942735803822,16.50797999863004
Pomp,19C,nonquotes,87.08763106299548,8.62032222316938,10.580939391356235,4.4646662688602845,4.869576336203222,5.040064785610775,2.8237149433125905,62.69712726962748,11.507970335009803,2.19503878612224,1.054897280709232,0.35163242690307733,0.8204756627738471,12.807944761742393,5.626118830449237,221.1874520501236,7.671980223339869,1.1294859773250363,14.523484783905891,1.2573523143807006,1.054897280709232,0.2131105617594408,0.532776404398602,10.4424175262126,3.686812718438326,0.7458869661580428,1.7794731906913306,0.8950643593896513,2.0032392805387436,0.5114653482226579,3.8146790554939902,0.9803085840934277,2.8237149433125905,2.4933935725854575,0.14917739323160856,0.5967095729264342,1.3639075952604212,10.176029324013298,128.5482908532947,49.036740260847324,3.1114142016878357,59.66030176455545,0.7142085423168606,4.565899592770338,1.598329213195806,2.184383258034268,0.1917995055834967,1.1721080896769245,6.00971784161623,0.5860540448384622,7.6613246952518965,3.0687920893359473,0.7565424942460148,1.7688176626033587,10.687494672235957,10.815361009291621,1.9499616400988833,1.7475066064274145,0.41556559543090954,0.5647429886625182,0.1385218651436365,0,3.3032137072713326,12.63745631233484,10.92191629017134,1.6516068536356663,4.826954223851334
Pomp,19C,quotes,19.2577630182478,10.08250881577596,69.60183505084049,2.3622855969050636,4.142558800369749,62.138382005546234,37.21455715704064,33.15758841452977,13.677291245848883,4.433564997089938,1.8487452497517889,1.6775651340340305,1.5748570646033757,8.695949878462118,2.225341504330857,195.65887226539766,6.744496559279674,0.4621863124379472,32.45574994008696,1.8829812728953406,2.0199253654695473,0.32524221986374063,1.4892670067444966,12.393440377965696,0.6676024512992571,0.17118011571775824,0.5648943818686022,0.17118011571775824,1.934335307610668,0.7018384744428087,3.0127700366325447,0.9757266595912218,1.8145092266082372,0.8045465438734637,0.34236023143551647,0.3765962545790681,4.0740867540826455,6.96703070971276,92.76250470745319,31.771029477215926,6.658906501420795,65.44215823889897,0.7316149110924398,4.116602860134938,1.4036769488856173,1.9856893423259954,0.0684720462871033,1.2324968331678592,5.272347564106953,0.9414906364476703,9.106782156184737,7.600397137868465,3.2353041870656303,10.81858331336232,5.135403471532746,18.35050840494368,2.6532917936252525,0.7360744975863603,0.41083227772261977,0.32524221986374063,0.18829812728953405,0,2.6704098051970284,5.974186038549762,13.11239686398028,2.4821116779074943,12.41055838953747
pride,19C,nonquotes,93.06226027097583,13.89881429842344,2.1293041842285647,2.6251695421996004,5.337844735805854,2.989776423060656,1.1229891930520512,96.64999197864861,10.996543526769438,1.2542476701620313,3.0918663497017516,1.5896860005542024,0.9917307159420713,23.116076246590925,6.110811323231292,191.27276969970978,12.425802499744774,2.070967083290796,24.895357825192878,1.6917759271952981,3.514810331500576,0.7583823121909957,1.6042702757886447,19.907535695013635,1.6480231014919713,0.3208540551577289,0.6854609360187846,0.4812810827365934,0.7583823121909957,0.3208540551577289,3.6023159829072293,1.4000904225064534,2.0417985328219115,1.2834162206309156,0.20417985328219115,2.070967083290796,1.239663394927589,19.19290620852597,111.64262691965523,32.1583268919451,6.7379351583123075,75.13818600784634,0.7365183446252553,4.610237030937537,3.3689675791561537,3.806495836189421,0.24793267898551782,4.331529744629341,8.006767103708782,0.17501130281330668,4.010675689471611,7.948430002771012,2.741843744075138,3.9960914142371693,13.11126343576356,18.69704085055493,3.9815071390027272,1.618854551023087,0.14584275234442223,0.6708766607843423,0.16042702757886446,0,6.942115011594499,5.17741770822699,14.394679656394475,3.252293377280616,8.196362681756531
pride,19C,quotes,26.81236870231821,13.120554306563962,63.483580879371985,1.7690635020086243,4.054103858769763,65.17893340213024,32.13798695315667,45.40596321822135,16.492831607267902,3.1142888733276823,5.473040209339181,4.275236796520842,2.0270519293848817,13.32325949950245,3.6486934728927873,142.24376220838093,10.00626543323628,0.8845317510043121,40.448899863634686,2.8378727011388345,3.243283087015811,1.1978034128183392,2.8931559355766043,21.52360594110493,0.40541038587697636,0.12899421368812886,0.4238381306895662,0.11056646887553902,0.9766704750672612,0.35012715143920686,2.1929016326981903,1.1425201783805699,0.7739652821287731,0.9766704750672612,0.8845317510043121,1.0688091991302104,5.251907271588103,16.437548372830133,82.24302509858843,30.387351195960637,9.527144068108944,92.06501308369882,0.7349179389665295,4.095500493326135,2.1929016326981903,2.9668669148269635,0.7002543028784137,6.891976559908598,10.337964839862897,0.5159768547525154,4.625363947960048,12.733571665499577,7.4816643939114735,13.968230567943095,7.5369476283492425,28.010172115136548,4.312092286146021,1.1793756680057494,0.46069362031474587,0.49754910993992557,0.331699406626617,0.018427744812589835,6.504993918844212,4.201525817270483,15.442450152950283,3.151144362952862,18.114473150775808
Prof,19C,nonquotes,86.76370767026171,12.278452371973753,13.123161626065315,2.8961460140282074,5.264348744249189,59.14473188023229,2.217361791990346,50.923900746662646,11.991854589335546,1.7497548834753751,1.64416622671393,1.4480730070141037,0.3921864393996531,16.758428237423637,6.32023531186364,193.06131684139075,6.6973376574402295,0.7391205973301154,20.831133569650802,1.4480730070141037,1.976016290821329,0.2715136888151444,1.1916434120220227,14.872916509540689,3.1827437966664154,0.6184478467456067,1.7045026020061844,0.7089524096839882,0.5430273776302889,0.18100912587676296,1.5536616637755487,0.5128591899841617,1.825175352590693,0.9955501923221962,0.7089524096839882,0.9502979108530055,1.719586695829248,14.224300475148956,108.19820499283506,47.01712044648918,5.701787465118033,69.34157930462328,0.7457813998512668,4.411503485904819,2.292782261105664,3.3486688287201147,0.4977750961610981,3.0319028584357794,5.475526057772079,0.7240365035070518,5.777207934233351,4.268798551926993,1.7346707896523117,4.117957613696357,7.677803755939362,17.014857832415718,3.952032581642658,1.64416622671393,0.40727053322271667,0.7391205973301154,0.19609321969982654,0,3.7106870804736407,10.030922392337281,12.610302436081152,3.3939211101893054,7.391205973301154
Prof,19C,quotes,21.051226133784326,11.21545240108594,65.20094352218612,1.4686901953803018,4.717610930615515,53.851973830611065,45.974453691753084,32.756241933330365,12.995682940940851,2.9373803907606035,3.3379322622279584,3.5604610797098224,2.047265120833148,12.63963683296987,3.872001424184432,170.10102808313675,5.162668565579242,0.623080688949219,32.62272464284125,2.047265120833148,1.6022074858694202,0.3115403444746095,2.002759357336775,17.223730473096268,0.7120922159419645,0,0.7120922159419645,0.4450576349637278,0.623080688949219,0.2225288174818639,1.5577017223730474,0.40055187146735505,1.0681383239129467,0.8456095064310828,0.9346210334238284,0.7565979794383373,4.3615648226445325,11.705015799546041,80.37740887444924,32.22217277137389,7.6549913213761185,72.76692331656949,0.7409813841911683,4.19246237968277,1.7802305398549112,2.492322755796876,0.4895633984601006,2.002759357336775,5.91926654501758,0.9791267969202012,5.741243491032089,8.189060483332591,4.851128221104633,15.84405180470871,5.118162802082869,21.94134140371178,2.4033112288041303,0.4450576349637278,6.853887578441408,0.8456095064310828,0.4895633984601006,0,4.050024478169923,6.542347233966798,14.597890426810272,4.851128221104633,13.440740575904579
sybil,19C,nonquotes,92.808883972628,13.263059721725174,10.75793560421208,1.7134615176063592,3.50283588725857,4.099294010475973,1.2796737916300658,58.12755528082333,9.217989176996237,2.48343473121428,1.8219084491004327,0.6615262821138476,1.1170033943889557,17.047857630868336,6.474281810196181,239.64602921560333,9.142076324950386,1.2146056327336219,20.019303553805944,2.5268135038119097,1.6267039724111005,0.4663218054245155,0.42294303282688617,10.74709091106267,2.027957618939172,0.6506815889644403,1.6483933587099153,0.9760223834466604,2.4942794243636874,0.672370975263255,5.877823686978777,1.2146056327336219,2.9389118434893886,1.377276029974732,0.18435978353992474,1.3989654162735465,1.3989654162735465,8.578152281181204,119.51936319961827,51.306243289846115,4.457168884406416,51.77256509527063,0.7018875847655115,4.663694198249144,1.9412000737439135,3.1666503996269424,0.27111732873518346,2.581036969558946,4.4788582707052305,0.2602726355857761,6.474281810196181,3.817331988591383,1.4314994957217686,2.581036969558946,22.871457852100075,8.762512064721129,3.0798928544316837,1.5616358135146566,0.4988558848727375,0.3144961013328128,0.09760223834466604,0,4.251119714567676,9.348125494789125,11.20256802333778,1.9195106874450987,5.70430859658826
sybil,19C,quotes,25.50679934156867,12.57544525677339,74.51841086708288,1.0232378805629292,4.493348953776341,61.883647472305846,28.487535776251985,35.323951181172426,14.963000311420224,5.412780092832886,4.4043717467708685,4.196758263758101,1.6609078641021457,9.743004167099194,3.3811338662079398,183.54514851778802,7.533403526463304,0.7118176560437768,39.28343689291593,3.4404520042115876,2.2096006406358906,0.3707383625228004,2.1502825026322423,14.770216362908368,0.28176115551732833,0.04448860350273605,0.6673290525410407,0.43005650052644845,2.0019871576231223,0.7563062595465129,3.040054572686963,0.8007948630492489,1.1122150875684012,0.6376699835392167,0.4448860350273605,0.874942535553809,4.982723592306438,7.918971423487017,85.46260732875595,30.68230688238696,6.539824714902199,73.03545741699168,0.7216936465975584,4.045966144426436,1.0380674150638411,3.1438613141933476,0.43005650052644845,3.8408494357362124,6.450847507896727,1.0380674150638411,8.957038838550858,9.149822787062714,6.406358904393991,15.037147983924784,6.554654249403111,21.99219966485252,3.040054572686963,0.43005650052644845,8.438005131018937,1.1863627600729614,0.1779544140109442,0.014829534500912017,3.8408494357362124,4.359883143268132,18.255156970622693,4.018803849747156,15.407886346447585
Tess,19C,nonquotes,89.51452322913039,16.32244872447385,4.0716830516192974,5.527131159983213,4.56278517407338,1.7322511228380346,1.348298554373934,86.80899699088336,11.098907967462251,2.2322823747912817,2.026912396310484,1.6161724393488879,1.1161411873956408,14.483048047645836,6.134311965926442,202.88768048003,7.241524023822918,1.0357790219031546,20.76022608555892,1.9644084898163279,2.669809720250373,0.6607555829382193,1.1697159643906316,13.456198155241845,4.1431160876126185,0.32144866196994454,1.5000937558597411,1.625101568848053,1.1697159643906316,0.6964721009348799,3.8573839436393347,0.8125507844240265,2.6519514612520427,1.6072433098497227,0.18751171948246764,1.41080246086809,2.428723223772914,14.206245033171717,121.75760985061567,44.77958443831311,4.937808613038315,67.86138419365496,0.7376713909321999,4.44914415306251,2.1251328208013,3.473431375175234,0.28573214397328406,1.2679363888814479,5.29497379300492,0.2678738849749538,5.911083728447314,5.321761181502415,1.06256641040065,3.6162974471618763,8.027287419749449,14.322323716660863,3.446643986677739,1.8215424178296857,0.1339369424874769,0.43752734545909117,0.1696534604841374,0.008929129499165127,3.9645334976293163,6.902217102854642,11.116766226460582,1.8661880653255114,7.009366656844624
Tess,19C,quotes,29.098581873497228,12.954511997644634,68.50188919966632,2.9442072721919623,7.581333725894303,76.67206437999901,42.96089111340105,30.938711418617203,18.548505814809364,6.28097551400952,4.170960302271947,6.869816968447912,2.6252514843711663,4.342705726483144,4.121890181068747,138.574022277835,5.52038863535993,0.44163109082879437,37.09701162961873,2.6497865449727662,2.6743216055743657,0.6624466362431916,3.3858383630207567,18.523970754207763,0.858727121055989,0.09814024240639875,0.392560969625595,0.392560969625595,0.6624466362431916,0.6624466362431916,1.9873399087295747,0.466166151430394,0.2944207272191962,0.3434908484223956,1.3003582118847834,0.9814024240639875,5.692134059571127,12.095784876588645,74.61111928946464,26.154374601305264,7.237842877471907,99.90676676971393,0.7182645299872716,3.7461063915857604,0.8341920604543893,2.9932773933951617,0.41709603022719466,3.287698120614358,9.347858089209481,2.502576181363168,6.869816968447912,10.746356543500662,6.060159968595123,15.751508906226999,7.06609745326071,27.209382207174052,3.0178124539967612,1.1776829088767848,22.793071298886108,0.7605868786495903,0.5643063938367928,0.024535060601599688,3.508513666028755,4.489916090092742,17.518033269542176,2.0609450905343736,24.510525540998085
vanity,19C,nonquotes,78.35481395330437,10.870855189765257,13.402640969041007,2.6346395765588286,2.8324353405647464,6.673629077559675,2.1005910137428496,71.08384166844682,7.085044266691985,1.6061016037280547,1.8395006052550378,1.1749068381951533,1.4834682300443853,12.152571740523605,5.93782883545766,239.32100670132047,7.927654221357195,0.8940368533067495,19.94176892707666,1.5151155522853323,2.108502844303086,0.4549302572136115,1.139303600674088,13.833835734573908,2.6979342210407222,0.2215312556866282,0.9810669894693536,0.8861250227465128,0.4747098336142033,0.3164732224094689,4.913246777907005,1.819721028854446,3.374395733940962,1.5942338578876996,0.15032478064449772,0.8426099546652109,1.6140134342882912,11.163592920494015,114.32990751070075,47.66877912542625,3.955915280118361,57.285609171393986,0.7337403112570177,4.4389272968777505,1.2579810590776388,2.1876211499054534,0.2531785779275751,3.6987807869106675,5.205984508635763,0.28878181544864034,7.500415371104412,3.8135023300340998,1.8869715886164582,4.023165839880373,10.269556067187265,12.14070399468325,3.1726440546549255,0.613166868418346,0.8267862935447374,0.26900223904804854,0.13054520424390592,0,2.618815915438355,10.324938881108922,12.014114705719463,1.4557768230835568,5.807283631213754
vanity,19C,quotes,27.631094191329975,10.122629427553903,68.66546200943843,1.9473342572937318,3.1929264398870196,64.5076402168383,37.61337520394379,41.332608199856146,13.017315485693233,3.2104699917545307,3.613971684707286,3.964842722057508,2.1052262241013318,4.96482517850564,2.8245118506692863,205.32973105734987,4.947281626638129,0.4385887966877774,38.20985596743917,2.701706987596709,1.806985842353643,0.26315327801266647,2.350835950246487,14.140102805213944,0.3508710373502219,0.12280486307257768,0.4210452448202663,0.19297907054262206,0.6140243153628884,0.5438501078928439,2.684163435729198,1.0175260083156437,0.9648953527131103,0.5263065560253329,0.561393659760355,0.5263065560253329,3.947299170189997,8.17529517026017,77.52495570253153,30.315257627059175,6.877072332064349,68.7707233206435,0.728442248401189,3.923177508989866,0.368414589217733,2.4210101577165313,0.4210452448202663,3.122752232416975,5.859546323748706,0.561393659760355,6.929702987666883,7.491096647427238,4.736759004227996,15.157628813529588,5.754285012543639,18.87686180944194,3.122752232416975,0.5438501078928439,25.10482272240838,0.7894598340379994,0.24560972614515536,0,2.666619883861687,5.315696215855862,14.017297942141367,2.385923053981509,16.227785477447764
VivianG,19C,nonquotes,79.78268831644488,9.990640133479836,14.070321084116713,1.6074553371586702,4.751149635779107,5.198795425873927,2.5434419891751108,59.07907052455948,7.548935823871729,1.5667602653318684,1.4650225857648638,0.8647702763195377,0.9970292597566435,16.369592642331014,5.626093680055345,238.4324258332316,10.000813901436537,1.7600618565091768,21.10039474219672,1.424327513938062,2.2585764863874984,0.5697310055752248,0.49851462987832174,10.804541570015871,2.4213567736947055,0.5392097017051235,1.1191144752370488,0.7833801326659342,0.3967769503113173,0.34590811052781506,4.944451226956415,1.3022422984576567,2.736743580352419,2.044927359296789,0.15260651935050665,0.9665079558865421,1.0987669393236479,12.137305172343629,118.43283278394986,54.02270785007936,4.547674276645099,56.51528099947097,0.7138519240699237,4.654283959463609,1.8617995360761812,3.621861392585358,0.17295405526390753,2.6960485085256174,5.687136287795548,0.2543441989175111,5.595572376185244,3.2149106743173403,1.5260651935050666,2.105969967036992,9.85838115004273,10.346722011964351,4.13054979042038,1.7498880885524764,0.12208521548040532,0.36625564644121594,0.19330159117730844,0,4.954624994913116,5.463313392748138,10.478980995401457,2.1975338786472958,6.338257437024376
VivianG,19C,quotes,25.600634278143485,12.35173226785733,62.3324326861888,1.1579749001116246,4.934433583358545,59.547033602136516,30.169940640746113,28.500787631576202,11.22505398666764,3.922509571549287,3.0462042417350848,2.3055175939159374,1.6795852154772213,12.236977998476897,3.5573823507933695,196.06288533962046,8.011934444015564,0.9180341550434501,35.584255714241,2.545458338984112,3.755594270632296,0.9910595991946337,1.56483094609679,14.375580291475844,0.7615510604337712,0.156483094609679,0.5111781090582848,0.32339839552666994,0.5737713469021564,0.6780934099752757,3.3800348435690664,1.731746247013781,2.128170086691634,1.1475426938043127,0.4068560459851654,0.9806273928873217,3.40089925618369,10.41134189469731,94.47406031901687,42.06265583108171,6.280188197001784,72.09697778983278,0.721251330964463,4.246563267362059,1.8360683100869002,3.2131195426520756,0.1877797135316148,3.912077365241975,8.345765045849546,1.1162460748823768,8.418790490000731,8.116256507088684,4.882272551821985,9.848002754102465,5.727281262714252,22.606591067944958,4.120721491388213,0.8658731235068905,1.418780057794423,0.6885256162825876,0.29210177660473413,0,4.788382695056177,3.5052213192568096,11.548452382194311,3.0775008606570204,12.330867855242705
wh,19C,nonquotes,105.05940461887599,8.85507052907934,9.092392352304246,3.2928402972455837,3.3373381391002535,50.238063453922486,2.4918791438615226,82.5879944822676,11.599104110117326,1.8985745857992553,1.7947462881383587,1.4090983253978848,0.608137172013824,13.393850398255685,7.342143906020558,181.8923448879396,6.303860929411591,0.4449784185467005,16.95367774662929,1.2014417300760913,1.6019223067681216,0.28181966507957695,1.542591850961895,18.985745857992555,6.882332873522301,0.29665227903113367,0.8454589952387309,1.0827808184636378,1.0976134324151945,0.5933045580622673,1.3349352556401015,0.5043088743529273,0.6674676278200508,0.8009611533840608,0.4153131906435871,0.9492872928996277,2.4918791438615226,16.330707960663908,92.94115902045418,35.746599623251605,5.295243180705736,63.66157908008128,0.7637420595000677,4.422206252245778,1.542591850961895,2.566042213619306,0.20765659532179356,1.9579050416054822,3.9009774692594075,0.4153131906435871,3.693320873937614,5.295243180705736,2.284222548539729,5.473234548124416,12.622554472774738,16.983342974532402,5.310075794657292,1.498094009107225,3.4708316646642636,1.9134071997508122,0.13349352556401015,0,2.3732182322490694,7.178985152553435,17.235497411708867,2.7292009670864297,8.009611533840609
wh,19C,quotes,35.04276797410804,10.017723664945674,62.14841642906681,2.2925175310164136,5.856515373352855,70.68274639747246,42.49826616321184,51.99583879170841,15.00732064421669,3.9878246127764507,3.6988518147491716,4.488710796023734,1.7723664945673114,6.492255529012869,4.68135932804192,150.41997379979964,6.126223318178315,0.26970794482546046,36.429837404638974,1.6760422285582184,1.887955613778223,0.5394158896509209,2.4273715034291437,19.5730908530477,1.5219234029436697,0.21191338522000464,0.3275025044309162,0.4045619172381906,0.6550050088618324,0.42382677044000927,0.9439778068891115,0.23117823842182322,0.2504430916236418,0.2504430916236418,1.3100100177236649,0.8476535408800185,6.126223318178315,13.408337828465747,71.81937273637975,23.368266933805966,9.536102334900209,79.75649225552901,0.7404349303273665,3.9502419210321964,1.2136857517145718,3.0438468058873394,0.13485397241273023,1.9457501733836788,5.817985666949218,1.3100100177236649,6.049163905371041,8.746243353625646,6.164753024581953,21.24913308160592,5.7987208137474,19.688679972258612,2.9282576866764276,0.6935347152654697,28.66610156430608,0.7705941280727441,0.19264853201818602,0,3.1209062186946137,4.758418740849195,20.883100870771365,2.75487400786006,19.592355706249517
wwhite,19C,nonquotes,82.75364295619359,15.736888767646457,12.571324649344154,3.6884221055263815,5.938984746186547,58.82152356270886,0.932051194616836,55.036486394325856,10.570824524312897,1.392393552933688,2.045966036963786,1.545841005705972,1.0457159744481574,14.657073359248903,4.933051444679352,193.40630612198504,7.706472072563596,0.8865852826843075,18.811521062083703,1.5685739616722363,2.239196162677033,0.4035099684011912,1.2787287731023664,18.476209961581304,2.2846620746095616,0.37509377344336087,1.0968651253722521,0.6706222010047966,1.2446293391529701,0.8752188047011753,3.2280797472095295,1.636772829571029,2.1823637727613723,1.2900952510854986,0.25006251562890724,0.30689490554456794,2.665439087044488,16.344995339744028,120.80292800472846,44.0394189456455,4.467025847370934,64.48771283730024,0.7154471992517323,4.328960553363758,1.2787287731023664,2.631339653095092,0.13639773579758577,1.8982018231830684,5.183113960308259,0.30689490554456794,6.859669462820251,5.87646911727932,1.8754688672168043,2.5290413512469025,10.917502102798426,16.435927163609083,4.234013048716725,1.3810270749505558,0.22732955966264293,0.6365227670554002,0.10229830184818932,0,4.825069903839596,6.785787355929892,9.178430971379209,2.3755938984746185,4.95010116165405
wwhite,19C,quotes,29.847121210076775,12.67018391331921,63.55331867064268,2.69865472062177,5.383816167640431,70.86667296352768,40.452834262120334,36.081013614713065,14.964040425847715,2.6716681734155525,4.061475354535764,3.87256952409224,1.8350852100228037,9.431798248573086,3.3733184007772126,175.53399630284304,6.328345319858051,0.4857578497119186,30.26541269177315,2.5637219845906816,2.4827623429720282,0.4587713025057009,2.9280403718746206,20.2803902254726,0.5667174913305717,0.0269865472062177,0.6071973121398982,0.31034529287150353,0.9985022466300549,0.7286367745678779,2.4692690693689197,1.0119955202331639,0.6206905857430071,0.7151435009647691,0.7961031425834222,0.17541255684041504,6.395811687873595,12.818609922953408,94.60134123139615,29.874107757282996,6.652183886332663,71.2040048036054,0.7040037173878984,4.01668649898103,0.6881569537585513,2.4962556165751373,0.20239910404663275,2.4692690693689197,6.274372225445616,0.5802107649336805,7.569726491344065,8.865080757242515,3.6431838728393897,10.497766863218686,9.526251163794848,24.935569618545156,4.277367732185506,0.5532242177274629,7.50226012332852,0.6746636801554425,0.1619192832373062,0,3.3193453063647773,4.9655246859440565,11.887574044338898,2.8605740038590763,11.887574044338898
BH,DNov,nonquotes,60.55803172654522,10.677819361163154,39.92615767992194,3.715019949336473,4.869378799191948,35.94087117446851,0.8428651919579667,61.64367874009977,13.467519914980555,2.065935878114364,3.050805531760901,2.070516667201092,0.7970573010906858,11.245837207917436,7.631594618488981,205.6820107831775,7.173515709816173,0.7970573010906858,21.813717630999115,2.1529708707621973,2.1575516598489255,0.7146030975295804,1.7452806420433984,15.226542924284137,4.663243290289185,0.3343976033311498,1.0581622790341865,1.2093283188962132,1.090227802641283,0.6779567848357558,2.3957526923587857,0.5359523231471853,2.029289565420539,1.3146864678909589,0.27942813429041286,0.9619657082128967,2.817185288337769,14.612717186662575,111.49182558187474,44.983348831669744,4.530400406774071,69.38521229667022,0.7138048653172406,4.308251789508617,1.4475293514060732,2.235425074323303,0.42143259597898336,3.6005002221682707,6.216130790690004,0.49014443227990456,5.716824780236643,4.883121166452133,1.6765688057424772,3.0049976408936203,16.573294915782192,16.110635218022658,2.98209369545998,2.07509745628782,0.8474459810446947,0.57259863584101,0.1374236726018424,0,3.724181527509929,8.369101661452202,11.726820062023885,1.7498614311301264,6.037480016307609
BH,DNov,quotes,23.758402447410152,11.802017990709945,74.39060329221572,2.2523470719488063,5.599292720919463,73.35915463309898,36.767285535862136,31.252192705482816,20.55178994933973,5.55017611810438,4.574860719347732,5.802775789724807,1.9015141946982135,7.732356614603067,3.529378745140965,163.55127071668142,8.111256122033708,0.5823825762359842,39.90373145848244,2.4137301954840793,2.069913975778498,0.6946490969561739,2.5470466888393046,18.208226329305774,0.5683492611459605,0.09823320563016602,0.5613326036009486,0.3788995074306403,1.143715179836933,0.6665824667761265,1.6068145778077154,0.5613326036009486,0.989348713846672,0.7577990148612807,0.9121654808515416,0.6385158365960791,5.529126145469344,11.416101825734293,80.60034521955122,29.94709440211061,7.767439902328127,82.89479223677009,0.6921170505732189,3.928733072308632,1.241948385467099,1.8032809890680475,0.5402826309659131,4.209994527007115,7.620090093882878,1.6910144683478578,7.858656450413281,9.03043826043026,4.6380106372528385,11.914284511430136,7.970922971133471,25.196817244137584,3.5995453205910835,0.6385158365960791,18.271376247210878,0.8770821931264823,0.3017162744355099,0.0070166575450118585,3.410095566875763,5.073043405043573,15.415596626391052,2.5470466888393046,16.818928135393424
BR,DNov,nonquotes,92.82499768024496,11.16962048807646,4.094367634777767,3.9203860072376355,4.633710680152176,1.5658346478611858,0.6031363088057901,74.47573536234573,11.28560823976988,2.7373109399647397,2.1167764684049364,1.6064303609538833,1.090284865918159,11.163821100491788,9.539992576783892,207.1773220747889,8.200334044724878,0.9684977266400668,17.079196436856268,1.97179177878816,1.5600352602765148,0.3073675419875661,1.0554885404101326,13.738749188085738,6.361928180384152,0.5045467198663821,1.003294052148093,1.0322909900714485,0.8119142618539482,0.295768766818224,4.7265008815069125,0.45815161918901365,2.5053354365778975,2.1283752435742787,0.14498468961677646,1.4440475085830937,2.1399740187436205,14.927623642943304,118.86424793541802,46.99823698617426,4.146562123039807,62.81896631715691,0.733591760327224,4.449449204406365,1.5194395471838174,1.8384058643407257,0.48714855711236893,3.079474807460332,5.323837802728032,0.40015774334230303,7.742182425535863,3.636216015588754,1.0554885404101326,3.050477869536977,12.120720051962513,11.100027837060406,2.545931149670595,1.8152083140020414,0.7655191611765797,0.45235223160434257,0.2841699916488819,0,3.5434258142340167,11.192818038415144,9.911153382202839,2.3255544214530945,4.065370696854412
BR,DNov,quotes,24.86631016042781,11.915833527086724,74.90118577075098,2.5110439432690073,4.940711462450593,68.75145315043014,43.08300395256917,33.678214368751455,16.775168565449896,6.975122064636131,4.126947221576377,6.370611485701,2.3482910950941642,6.7658684026970475,3.778191118344571,158.33527086724018,7.009997674959312,0.4533829342013485,39.293187630783535,2.6970471983259707,1.9297837712159962,0.3255056963496861,2.766798418972332,15.44989537316903,0.9183910718437572,0.09300162752848175,0.3138804929086259,0.27900488258544526,1.2671471750755638,0.48825854452452916,2.278539874447803,0.639386189258312,1.0462683096954197,0.9183910718437572,0.5580097651708905,0.9300162752848175,6.4054870960241805,10.834689607068123,79.00488258544524,31.515926528714253,7.172750523134155,78.4352476168333,0.714341329619719,3.864768300552064,0.7905138339920948,1.6856544989537317,0.6045105789351314,3.417809811671704,6.614740757963264,0.9997674959311788,8.591025342943501,8.149267612183213,4.173448035340618,14.333875842827249,6.056730992792374,23.48291095094164,3.0458033015577772,0.47663334108346894,23.238781678679377,0.7672634271099744,0.41850732387816786,0,2.5924203673564286,6.568239944199023,13.171355498721228,3.952569169960474,16.11253196930946
DC,DNov,nonquotes,96.70645131036508,12.371705737714946,11.747819456281066,3.8452598914519425,4.603709880646069,67.90166247344406,0.54233251915494,53.54412262423696,13.191321048618276,2.548555071216823,3.3192381247527902,2.348748353633424,0.884858320726481,10.10451114636046,7.225663337913936,185.2983032739758,6.981002051077121,0.733983860510445,22.423206938594095,1.9654456709224137,2.2671945913544858,0.33844811345759407,1.6963182554019174,15.466671016200655,4.770895093317892,0.293593544204178,0.7299061723964981,0.9052467612962155,1.0968981026517206,0.54233251915494,1.9450572303526792,0.5137887023573114,2.0429217450874053,2.01030024017583,0.293593544204178,0.827770687131224,3.3518596296643657,15.902983644392975,111.41059464925766,38.48929810754495,4.876914984280512,68.48884956185242,0.7129264301410764,4.178939290726591,1.423113151767474,1.8757365324155817,0.4934002617875769,3.510889466108295,5.80662787426041,0.4934002617875769,6.3204165766177205,5.01147869204076,2.0388440569734585,3.135742159625179,16.885706479854182,18.891929031916064,2.927780065813886,1.7126290078577049,1.5413661070719344,0.7462169248522857,0.22835053438102734,0,3.6862300550080125,5.822938626716197,13.668410557950065,1.8838919086434756,5.892259324653295
DC,DNov,quotes,26.062526152190806,12.997105112593188,73.05534444036446,2.527689299163984,4.765035908559132,75.2756120680085,36.07934894921565,34.550780082491485,17.84753592990786,4.730877945056916,4.44053525528808,5.4567346694790055,1.8872274834974339,8.659043747811756,3.492651768101586,160.73029725967737,7.079237935834265,0.4269745437777,44.115009863111965,2.937584861190576,2.322741518150688,0.6575407974176579,2.758255552803942,18.76980094446769,0.631922324790996,0.187868799262188,0.563606397786564,0.281803198893282,1.1528312681997899,0.6063038521643339,1.5541873393508279,0.614843343039888,0.89664654193317,0.6575407974176579,0.7941726514265219,0.6404618156665499,6.566868483301025,11.306285919233495,79.25501481601667,29.051347958634707,8.992083891958362,81.70584869730067,0.697243154813584,3.9289278560635346,1.02473890506648,1.8103720656174478,0.563606397786564,3.97086325713261,7.583067897491952,1.2553051587064379,6.105735976021109,9.128715745967225,5.2090894340879395,12.886091731210986,7.651383824496383,25.92589429818194,3.347480423217168,0.59776436128878,20.836357736351758,0.7941726514265219,0.43551403465325395,0,3.467033295474924,5.234707906714601,14.491516015815137,2.664321153172848,17.283929532121295
DS,DNov,nonquotes,82.36074850287504,10.721282421150095,12.39424754320502,4.049290877372849,4.91955064395249,3.115450488577344,1.4623543109648758,76.4835147367961,12.692281709841883,2.431958799756804,2.3802995442064145,1.6530961776124682,1.0610016332272332,13.220795632011253,8.519803376925797,218.3596994226085,6.727624588216126,0.9497355443494709,18.064844287082405,2.086239166458043,1.60541071095057,0.29406037774837174,1.0729229998927077,13.117477120910474,5.297060588359183,0.4331429888455746,1.0252375332308097,1.1285560443315887,1.7961525775981626,0.389431311072168,2.9286824108182428,0.4291691999570831,2.3723519664294317,1.4941446220728078,0.09934472221228775,0.9099976554645558,2.984315455257124,14.71494025408406,117.26253631049597,45.00713295105484,4.232085166243458,63.86276122694706,0.7163088652335716,4.434955133877626,1.6332272331700106,2.1378984220084325,0.3059817444138463,3.071738810803937,5.074528410603659,0.4172478332916085,6.465354521575687,4.180425910693068,1.152398777662538,3.5326983218689523,14.544067331878926,13.085686809802542,2.833311477494447,1.8954972998104502,1.4901708331843162,0.6119634888276926,0.21855838886703305,0.00794757777698302,3.516803166314986,9.596700165706997,11.337219698866278,2.2769810331056353,5.189768288369912
DS,DNov,quotes,22.48817594907116,12.34556800402827,73.71374107576385,2.9492689769273652,5.386012552376499,73.67777438092327,39.4644559138238,29.726473285737406,16.481737910694697,5.332062510115633,5.233154099304045,4.954412214289568,1.9511931951013362,7.930656212347366,3.5157444206664628,167.60479795709173,7.6878810221734675,0.4675670329275091,41.67640764651932,3.6865862211592066,2.9312856295070766,0.5574837700289532,3.0841440825795314,17.71359720898448,0.6384088334202529,0.1258834319420217,0.4136169906666427,0.287733558724621,1.150934234898484,0.5484920963188088,1.9601848688114805,0.6474005071303972,1.330767709101372,0.6923588756811193,0.5664754437390976,0.8542090024637186,6.617871850666283,10.91589188411531,78.11066952002446,27.721330048375204,8.011581275738665,85.90645062671966,0.7005777866212751,3.90341319026917,0.863200676173863,2.2748934486665346,0.4136169906666427,4.585753592173647,7.597964285072023,1.105975866347762,6.6538385455068605,9.63008254356466,4.360961749420037,13.379610480694877,7.400147463448846,25.860053590375312,4.010286474724405,0.5484920963188088,20.8157246389843,0.6923588756811193,0.44958368550722033,0,3.623644505188196,5.880554606434441,13.676335713129642,3.2819609042027085,16.436779542143974
ED,DNov,nonquotes,54.355743317066064,10.925777551169059,35.399519265787745,3.514458445626047,5.68140432660791,1.9120110714545853,0.9469007211013184,69.97960521523781,14.25813970427562,1.9120110714545853,2.531138466020832,1.2928836768883385,1.1654162721246994,11.83625901376648,7.757302061330031,228.09381600990605,8.212542792628742,1.0743681258649573,16.73464928254061,1.6024473741714618,1.8573821836987399,0.45524073129871073,1.0197392381091122,11.909097530774273,5.244373224561148,0.30956369728312333,1.4203510816519775,1.5296088571636681,1.0561584966130089,0.29135406803117486,1.6752858911792556,0.32777332653507174,1.6206570034234102,1.0197392381091122,0.25493480952727804,1.0925777551169058,3.2777332653507174,15.824167819943186,118.61752494719208,49.11137009250492,3.769393255153325,65.09942457571564,0.7189627682894828,4.520275720466378,1.9120110714545853,2.1123169932260177,0.5280792483065044,2.749654017044213,4.625245829994902,0.45524073129871073,6.792191710976764,4.115376210940346,1.3657221938961324,3.295942894602666,13.857527860732755,10.998616068176853,3.1502658605870786,1.693495520431204,0.6555466530701435,0.673756282322092,0.14567703401558743,0,4.1517954694442425,8.631364265423557,9.195862772233957,1.7663340374389978,4.2064243572000874
ED,DNov,quotes,23.299024521428745,11.197222697601642,70.58161993007847,2.4203603647654206,5.134097743441801,76.74253722220864,41.48839938390827,27.406302716182186,20.536390973767205,4.767376476053101,3.2515952375131407,4.9385130675011615,1.9069505904212405,8.410141065447522,4.033933941275701,156.22325990758625,7.872283206610762,0.5134097743441801,36.06092462655551,2.2247756888247805,2.982666308094761,0.7578906192699802,2.6403931251986408,17.822653595090824,0.8801310417328803,0.14668850695548002,0.5867540278219201,0.31782509840354006,1.0757157176735204,0.6845463657922402,1.1979561401364203,0.6845463657922402,1.0512676331809403,0.7089944502848202,1.1001638021661002,0.7578906192699802,4.840720729530841,11.539495880497762,82.34114857100946,30.291176686306628,7.432217685744322,85.4705033860597,0.696739079162303,3.9401845449797297,1.3935408160770604,1.8825025059286604,0.46451360535902014,3.4227318289612008,7.3099772632814215,0.7578906192699802,6.258709630100482,10.023714641957802,4.962961151993741,12.786348189619343,8.190108305014302,24.350292154609686,3.985037772290541,0.8801310417328803,12.419626922230643,1.0023714641957802,0.5134097743441801,0,3.471627997946361,5.965332616189522,15.915703004669584,3.520524166931521,16.551353201476665
GE,DNov,nonquotes,101.154641027945,14.848593764039896,4.0285140923113785,3.481894150417827,5.3389043639740015,65.72917602659717,0.46425255338904364,49.26318627010513,13.822745379938299,2.703147931829754,2.927786264114775,2.4410698774972293,0.756282385359571,10.018869619911941,6.716686135322131,181.56018809716358,7.457992631862701,0.8161859406355767,20.86890106927846,1.999281157336688,2.98020187498128,0.5016922754365472,1.5724683259951477,14.901009374906401,4.3579836463294095,0.25459010992302394,0.8835774403210831,0.9509689400065894,1.2280228831581155,0.8012100518165753,1.6398598256806542,0.5016922754365472,1.7072513253661605,1.1830952167011113,0.32946955401803096,0.8311618294545782,3.6541168718363437,18.345463803276726,112.25926258723456,37.18513193758049,4.462814868062419,68.06541468236139,0.7071022274315645,4.1658909123774235,1.4751250486716387,1.6548357144996555,0.48671638661754574,2.807979153562764,5.031898643184473,0.44178872016054155,6.207505915476084,4.642525533890437,2.5084613771827358,3.5792374277413366,14.414292988288855,18.150777248629705,3.040105430257286,1.6248839368616528,1.0183604396920958,0.6364752748075598,0.23961422110402253,0,4.125857369634888,6.896396801150148,15.552460538532962,2.029232934974691,5.893012250277054
GE,DNov,quotes,30.96928426543031,11.753839466821212,70.88525065198493,2.118951028687337,6.755288322225442,63.38742393509128,48.7902057374674,35.478846711098235,20.320197044334975,6.048971312662996,3.567806432917995,6.791509707331208,1.9197334106056216,5.867864387134164,3.531585047812228,154.55665024630542,8.041147493480151,0.4708780063749638,40.35062300782382,3.2780353520718633,2.3000579542161694,0.5070993914807302,3.0607070414372646,17.223268617791945,0.814981164879745,0.12677484787018256,0.3984352361634309,0.27166038829324834,0.8693132425383947,0.4708780063749638,1.4126340191248914,0.814981164879745,0.5795421616922631,0.8512025499855115,0.8330918574326283,0.5433207765864967,5.578093306288032,11.844392929585627,75.0144885540423,26.278614894233556,6.8277310924369745,84.34149521877717,0.6774832961097876,3.8088172163428338,0.9598667053028108,1.6842944074181396,0.28977108084613157,2.915821501014199,6.429295856273544,1.5394088669950738,7.189944943494639,9.1277890466531435,4.763112141408287,12.858591712547089,8.14981164879745,26.20617212402202,2.5536076499565343,0.488988698927847,24.55809910170965,0.9236453201970444,0.4708780063749638,0,3.3142567371776295,5.197768762677485,17.114604462474645,2.789046653144016,17.875253549695742
HT,DNov,nonquotes,92.56645495177605,11.308263601841583,5.7297442618543535,3.7302147393890515,4.637564270591794,5.813758107336089,1.8146990624054844,78.92260644554223,13.526229122559398,2.0499378297543434,2.6884430554155325,1.7810935242127903,0.8905467621063952,11.694727291057566,6.586685485768054,215.2602748933024,8.468595624558928,0.8065329166246598,19.508014920858958,1.9155156769835668,1.3442215277077663,0.2352387673488591,1.4114326040931546,13.307793124306885,4.721578116073529,0.4872803037940653,0.9745606075881306,0.9073495312027422,1.277010451322378,0.2352387673488591,2.2515710589105082,0.4872803037940653,2.0331350606579965,1.1593910676479484,0.26884430554155325,1.0249689148771717,2.9404845918607387,14.483986961051182,116.56080922135968,45.24985717646268,4.049467352219645,65.21154686292302,0.7189275939014071,4.418327097899138,1.4618409113821957,2.1339516752360788,0.4032664583123299,3.058103975535168,6.133010720166683,0.3864636892159828,6.905938098598649,4.015861814026952,1.2434049131296838,3.646200893907316,14.920858957556206,13.845481735389992,3.192526128305945,1.713882447827402,1.5458547568639311,0.3192526128305945,0.28564707463790034,0.01680276909634708,3.39415935746211,7.964512551668515,11.089827603589072,2.0667405988506906,5.544913801794536
HT,DNov,quotes,25.83211311930415,14.424022553926175,71.18036584566296,2.229167121970409,5.638481543807504,71.22407500491728,42.09192036191184,32.45405074633389,16.78431715365955,5.070262473501322,4.26164302729637,5.660336123434666,1.9232030071901567,7.780230347269271,3.2781869440741307,153.96551347334835,8.108049041676683,0.5463644906790218,35.97263806630679,2.491422077496339,2.2728762812247307,0.4589461721703783,3.4967327403457396,20.193631575496646,0.677491968441987,0.13112747776296524,0.6556373888148261,0.39338243328889566,1.2457110387481696,0.5900736499333435,1.7483663701728698,0.4152370129160566,1.1364381406123654,0.6119282295605044,0.9178923443407566,0.8741831850864349,6.075573136350722,12.194855431955766,80.42485302795201,26.422186769237495,7.321284175098892,85.42955176257185,0.6987399798501905,3.9038034829773403,1.5953843127827436,2.3165854404790522,0.43709159254321744,3.8901151736346353,7.408702493607535,1.2894201980024915,7.474266232489018,9.725287934086587,4.26164302729637,12.78492908188911,7.51797539174334,26.990405839543676,3.6278602181087045,0.9178923443407566,17.83333697576327,0.5900736499333435,0.32781869440741307,0.02185457962716087,3.8464060143803134,4.76429835872107,13.877658063247154,2.5132766571235003,17.418099962847215
LD,DNov,nonquotes,87.79379277876363,13.2546264440662,5.649512910585594,3.263861224785427,4.499692173976026,6.668054901676746,2.358490566037736,76.77090500851048,14.481403686669323,2.2860609133379204,2.833810161880274,2.2770072067504437,1.1769818563719987,12.99206895302937,6.821967913663854,210.7567087965813,7.663962626299207,0.9461123383913375,20.307463875710717,2.132147901350813,2.150255314525767,0.44363162278636875,1.2584652156592908,15.110636294498969,4.499692173976026,0.40741679643646106,1.0366494042661065,1.072864230616014,1.2946800420091986,0.45268532937384565,2.8202296019990585,0.5386955419548763,2.2272118205193205,1.2810994821279833,0.3349871437366458,0.9461123383913375,3.0737333864484118,15.622170716691414,117.61670227791258,46.73976025784956,4.445369934451164,62.78292833085865,0.7118567423599994,4.424258706105202,1.7202042516206135,1.8107413174953826,0.3123528772679535,2.5938869373121354,5.36884800637381,0.3847825299677688,7.315394922681346,4.395574548220042,1.46670046717126,4.015318871546011,14.001557237533046,13.209357911128816,2.93340093434252,1.5979792126896752,1.0230688443848912,0.35762141020533805,0.23086951798066127,0.004526853293738456,3.983630898489842,7.709231159236592,10.131097671386666,1.9510737696012748,5.80795277586644
LD,DNov,quotes,24.6675613029157,13.265015656134358,71.44077101378554,2.4236509292017403,4.920499369688097,73.5309666138018,39.0061404578911,29.734455695173033,21.276076613395144,5.2946199829205804,4.97743076735391,5.449148062299215,1.8624700093530153,8.29571794558985,3.4158838599487615,151.29925582530194,7.685738684884714,0.44731812451709974,38.93294294660648,2.2040583953478916,2.789638485624822,0.5855800902769306,2.968565735431662,20.08865031922248,0.8051726241307795,0.1219958521410272,0.4635842381359034,0.43105201089829615,1.0410312716034322,0.7970395673213777,1.92753446382823,0.6669106583709488,1.1548940669350576,0.6343784311333415,0.8946362490341995,0.7238420560367614,5.660607539343662,11.288682851449718,79.3623683461429,29.01061363913627,7.791468423406937,88.96750843804644,0.6878092205831249,3.925517081106205,1.439551055264121,2.147126997682079,0.44731812451709974,4.269854824935952,8.059859298117198,1.1467610101256558,7.157089992273596,9.353015330812086,4.790370460737668,12.516774429669391,8.377048513683867,27.31080476597129,4.367451506648774,0.6831767719897524,15.891993005571145,0.8458379081777886,0.4961164653735106,0,3.838802814037656,5.497946403155626,13.8993940872677,3.2532227237607256,18.266845593916475
MC,DNov,nonquotes,92.17735292427348,11.49882186165016,5.545870768759219,3.4338422635581693,4.7987586444704124,1.436754085170782,1.1877167104078465,73.19304227888355,13.208559223003391,2.375433420815693,2.5430547307522846,1.815099327599088,0.8716308116702746,13.4097047949273,7.509434685159288,220.13467174958333,7.763261240206126,0.828528189115151,19.496752935767514,2.044979981226413,1.8103101473151855,0.402291143847819,0.9195226145093006,13.55816938372828,5.541081588475317,0.27777245646635124,1.096722285013697,0.8764199919541771,0.8428957299668589,0.3304534395892799,3.026761939426448,0.4549721269707477,2.1599203080400757,2.025823260090803,0.29692917760196164,1.0823547441619892,2.7729353843796094,15.809084117162506,115.94126549299821,48.83048217467098,3.951073734219651,64.16064826344324,0.7254282943782747,4.453426751469503,1.379283921763951,1.9779314572517768,0.45018294668684505,3.7499281622957414,5.636865194153368,0.38792360299611117,7.739315338786613,4.650294055669431,1.1350357272849179,3.132123905672305,17.906745081511847,12.198042183099941,3.108178004252792,1.6187429359590813,1.221240972395165,1.0105170399034502,0.11015114652975996,0,3.8983927510967225,7.772839600773931,9.501733683262772,2.083293423497634,5.244152410873355
MC,DNov,quotes,24.127064727142386,11.738701872815795,74.15096030347382,2.0460587233788345,4.973266823979211,71.87341318438425,40.01762298754443,32.64733116281848,18.75056005257027,6.6534245347829986,3.6814122285611877,5.137548911257803,1.6577556079930702,8.229039099136772,3.614205920129036,156.59816601451655,6.914782400908032,0.4405746886107709,41.55590071388034,3.0392186146539624,2.419427103557454,0.5525852026643567,2.6807849696824877,17.025598136145046,0.8288778039965351,0.134412616864303,0.3584336449714747,0.29122733653932315,0.769138863167956,0.5227157322500672,2.0983302966038413,0.7766062307715285,0.9184862152394038,0.9483556856536933,0.5749873054750739,0.6795304519250873,6.280056154604379,11.589354520744347,79.17649870067804,31.370411302607604,8.214104363929627,85.7851190298396,0.7039851389537061,3.8835870233702336,1.0006272588787002,2.1655366050359928,0.634726246303653,4.8836584127363425,7.482302338779533,1.232115654589444,6.668359269990143,9.177394784790465,4.435616356521999,13.590609038501748,7.698855999283133,25.680277188685444,3.2557722751575615,0.4555094238179157,23.776098449774487,0.9259535828429762,0.3957704829893366,0,3.2035007019325548,4.794050001493473,12.896143851369516,3.0989575554825413,19.377818931270347
NN,DNov,nonquotes,92.88918991867104,11.947260940197491,5.107886923707623,3.126861985200878,4.053716840749021,1.5328753380219289,0.6263909188594593,61.28955047539506,9.258363337288593,2.46482280266649,2.301859311581102,1.4310231560935613,1.2935227104902656,15.6648655805829,8.601416763850624,229.96185635786782,8.336601090836869,0.9625031192230715,16.78014697269852,2.398618884413051,2.301859311581102,0.37176046403854085,1.0949109557299492,14.524121142985186,6.416687461487144,0.4277791640991429,1.4157453288043063,0.9166696373553063,0.6212983097630409,0.29537132759226536,4.802330377922521,0.830095282716194,2.8162128303193574,2.0574140749530208,0.1731487092782245,0.9115770282588879,2.3731558389309595,15.440790780340492,110.77952567438876,51.481185355693285,3.345844176346868,63.515020650529884,0.7289762619670845,4.645980687619165,1.828246665614194,2.571767593691276,0.24444523662808165,4.410199477498307,5.948167424616654,0.3208343730743572,6.686595743597318,4.033346404363347,1.3597266287437042,2.8416758758014495,21.03756817730428,11.213925230313246,3.5597337583964395,1.7314870927822452,1.0236144283800919,1.8333392747106125,0.24444523662808165,0,4.1046429317132045,9.212529855420827,9.51808640120593,1.9708397203139085,4.776867332440429
NN,DNov,quotes,26.64431064705434,10.990016004877678,69.293498971115,2.4007316515509487,5.11393948631964,63.684170413840405,36.29296547519244,36.59019891776541,18.001676701470924,7.255544546909534,4.809084673424282,5.495008002438839,1.7376724335035438,7.3546223611005255,4.039326270863501,158.53212407590885,6.798262327566497,0.3353402941848944,39.006173309961135,2.842771130249219,2.2940324670375736,0.39631125676396617,3.0866549805655055,16.01249904732871,0.8383507354622362,0.1524274064476793,0.4725249599878058,0.3277189238625105,1.3489825470619616,0.7545156619160125,2.2101973934913497,0.7545156619160125,0.9907781419099154,0.7850011432055484,0.8078652541727003,0.6249523664354851,6.5391357366054415,10.913802301653837,74.67418641871808,33.51878667784467,6.691563143053121,84.44478317201433,0.7099410551310384,3.9245633127940933,0.7926225135279323,2.5455376876762443,0.40393262708635014,5.47976526179407,7.049767548205168,1.1660696593247466,7.781419099154028,8.505449279780505,5.563600335340294,15.097934608642634,7.385107842390061,25.440134136117674,3.025684017986434,0.6249523664354851,22.056245712979194,0.9298071793308437,0.5182531819221096,0,3.1323832024998093,6.340980108223459,14.549195945430988,2.842771130249219,18.024540812438076
OCS,DNov,nonquotes,88.20268286899062,11.331372134310087,6.389919693386401,3.851897428009255,4.435129817275215,2.8456613278471035,0.5255500650528434,71.07744172482968,11.408281899927577,2.3842027341421677,2.422657616950912,1.3715574868452256,0.9549629230838252,12.792657681042384,10.216180532856493,206.55399386003705,7.594839354727067,0.9229171874098714,17.996885154492492,1.897107551898069,2.3137021156594693,0.4101854166266095,1.24337454414941,15.074314061027899,5.755414127042115,0.41659456376140025,1.0382818358361052,1.2497836912842009,1.0062361001621514,0.2884116210655848,4.1787639318835845,0.7498702147705205,2.646977766668589,1.9996539060547214,0.22432014971767708,0.9100988931402898,2.422657616950912,15.349907387823903,112.666397482487,52.465278445397274,3.928807193626744,64.36065552756895,0.7289097722685921,4.452872866938186,1.8522435219545335,1.8842892576284873,0.4742768879745172,3.864715722278836,4.742768879745173,0.4358220051657726,6.966742935517571,3.7429419267178115,1.3138751626321086,3.2943016272824575,13.516891307273742,11.959468553519583,2.743114973690451,1.8586526690893244,0.8716440103315451,0.6409147134790774,0.24354759112204938,0,4.037762694918187,10.972459894761805,10.523819595326449,2.435475911220494,4.653040819858101
OCS,DNov,quotes,25,12.058465286236297,75.25883069427528,2.8014616321559074,6.836175395858709,64.38794153471376,41.24543239951279,36.4190012180268,18.727161997563947,6.942752740560293,4.476248477466505,6.074908647990256,2.451278928136419,5.84652862362972,3.745432399512789,148.4774665042631,6.059683313032886,0.30450669914738127,43.80328867235079,3.24299634591961,2.847137637028015,0.42630937880633374,3.2734470158343485,16.626065773447017,0.715590742996346,0.09135200974421437,0.3654080389768575,0.30450669914738127,1.7813641900121802,0.6394640682095006,1.979293544457978,0.5328867235079172,0.8526187576126675,0.5785627283800243,0.5937880633373934,0.5937880633373934,7.369062119366626,10.261875761266747,70.64555420219244,29.978684531059685,8.389159561510354,89.78380024360536,0.7024123701005528,3.8316275842492864,0.8982947624847747,2.3142509135200973,0.4110840438489647,4.765529841656517,6.607795371498173,1.004872107186358,7.201583434835566,8.176004872107187,4.902557856272838,16.03227771010962,6.425091352009744,26.400730816077953,2.7405602923264314,0.5785627283800243,30.16138855054811,0.7003654080389768,0.5481120584652862,0,3.0602923264311817,6.790499390986602,15.42326431181486,2.877588306942753,16.976248477466505
OMF,DNov,nonquotes,82.06567938794684,9.887700774014586,14.093329157532102,2.9137398774104066,4.809628204554606,3.1150731510894367,1.6050735984967115,71.05386783589101,13.13140351662118,2.063666055210058,2.147554919242987,1.8119994631112701,0.8724441859424634,11.459218826898125,8.232293857098117,232.59585700863497,7.303923761800367,1.0010737774596214,16.380698850163302,1.817592054046799,1.8902957362086708,0.3299628651961881,0.9954811865240929,12.834996197038164,6.213368529372287,0.3802961836159456,1.3198514607847525,1.426110688559796,0.9619256409109213,0.4809628204554606,2.2985548745022593,0.4306295020357031,2.063666055210058,0.9619256409109213,0.2684443649053734,0.8444812312648203,3.0591472417341508,16.693883942552905,115.38074359089079,46.20598630933739,3.702295199319941,61.44020401771733,0.7087186021035737,4.4972194206703815,1.6777772806585836,1.5771106438190685,0.40266654735806007,2.706814012795848,4.356628338776789,0.3970739564225314,6.64959062234352,3.842109972708156,1.2583329604939377,3.271665697284238,18.964475862377522,11.856292783320656,4.0658136101293,1.8064068721757416,1.107333005234665,0.8444812312648203,0.20692586461455864,0.005592590935528612,3.2996286519618807,7.007516442217351,10.290367321372646,1.7728513265625698,4.708961567715091
OMF,DNov,quotes,25.268747571558087,11.831368993653673,71.71350861287398,2.3118766999093383,5.297241289988343,75.14570651470017,43.970988213961924,28.513145965548503,21.473902344255926,5.271337909597203,4.0668307214091435,5.789405517420024,1.787333246988732,6.838492423261235,4.0862582567025,154.0474031861158,7.46017355264862,0.6216811293873851,36.789276000518065,2.603289729309675,2.5320554332340373,0.446833311747183,3.0630747312524282,18.66986141691491,0.9778526097655744,0.1165652117601347,0.5633985235073177,0.37559901567154513,1.0944178215257092,0.7835772568320166,1.2368864136769848,0.5763502137028882,0.7447221862453051,0.6475845097785261,1.2563139489703405,0.5763502137028882,5.83473643310452,12.440098432845486,80.42352026939515,27.023701593057893,6.9874368605102966,83.53840176142987,0.6810146646878213,3.858485914554516,1.1850796528947027,1.7938090920865173,0.37559901567154513,3.302680999870483,7.0780986918792905,1.3081207097526226,6.352804040927341,9.700815956482321,4.779173682165522,13.165393083797436,8.625825670249968,26.447351379355005,3.6070457194663903,0.7576738764408756,23.177049604973448,0.9325216940810775,0.446833311747183,0,3.1148814920347103,4.1574925527781375,16.27379873073436,2.73280663126538,19.434011138453567
OT,DNov,nonquotes,97.93402042449057,11.379359028660172,5.816744317379642,4.1790201891853735,3.9625394136194645,1.7224339968939715,0.6212057037978258,64.42656124994117,9.261612311167584,2.343639700691797,1.6941973739940703,1.1765259541625488,1.4400677678949598,12.78177796602193,7.689773636406419,225.27177749541156,8.376864793637347,1.0447550472963434,15.981928561344063,2.240105416725493,1.8165560732269754,0.3764883053320156,0.9788695938632406,13.148854063720645,7.830956750905925,0.5270836274648218,1.2141747846957505,0.8847475175302367,1.0729916701962445,0.2823662289990117,4.470798625817686,0.6776789495976281,2.8613111205233186,2.4942350228246033,0.1882441526660078,0.7812132335639325,2.315403077791896,15.18189091251353,112.22175161184056,48.97171631606193,3.5484022777542474,60.75580027295402,0.7237802443971716,4.508128386827845,1.4400677678949598,2.315403077791896,0.14118311449950585,3.642524354087251,5.073179914348911,0.3576638900654148,5.920278601345946,3.3319215021883384,1.0541672549296437,2.5883570991576073,19.2291401948327,10.569909172196338,3.2095628029554333,1.7506706197938726,0.9223963480634383,2.0989223022259873,0.25412960609911056,0,4.11313473575227,8.743940891336063,9.045131535601675,1.8259682808602757,3.830768506753259
OT,DNov,quotes,26.89509072487796,12.508059316569955,67.86405084277425,3.1131988578797087,5.894814405452704,59.64815326517454,38.20576586534033,39.716312056737586,19.45288753799392,7.755365202173713,5.213226489822235,6.263240305793497,2.1184489269595654,5.397439439992631,2.928985907709312,151.62567928525377,6.557981026066132,0.5710601455282306,38.666298240766324,2.800036842590034,1.9342359767891684,0.40526849037487334,2.947407202726352,15.952841484756378,0.46053237542599246,0.11052777010223819,0.5342175554941513,0.22105554020447638,1.639495256516533,0.7000092106475085,2.302661877129962,0.8842221608179055,0.8473795707838261,0.792115685732707,0.5894814405452703,0.40526849037487334,6.981670811458046,11.347517730496454,73.72202265819287,29.050382241871603,6.336925485861656,85.5669153541494,0.7092378927295896,3.7870839466992945,0.5342175554941513,2.800036842590034,0.29474072027263515,3.3710969881182646,5.710601455282307,1.0131712259371835,7.110619876577323,8.842221608179054,4.27374044395321,16.302846090080134,5.913235700469743,24.35295201252648,2.3947683522151606,0.46053237542599246,29.179331306990882,0.6263240305793497,0.5157962604771116,0.036842590034079394,2.7816155475729945,5.342175554941512,12.692272266740352,2.4500322372662797,19.54499401307912
PP,DNov,nonquotes,90.87072367082943,10.286580157019078,10.845909775047797,3.589879184802506,3.544115852418338,4.7898954562095755,2.2068095838587642,50.2989871049099,8.074685758450961,2.105113289671724,2.0796892161249643,1.5712077451897652,1.3474758979782777,14.700199324736607,6.905178375300004,255.16617174470161,8.771305373632185,1.0881503478013261,15.615465972419965,2.0034169954846845,1.6068014481552293,0.19322295895537567,0.7220436887279827,12.005247528780052,5.135662856445511,0.43220925029491924,1.25086441850059,0.7932310946589106,0.7017044298905748,0.19830777366472765,4.2203962087621525,0.594923320994183,2.710206240084611,1.9220599601350528,0.15762925598991173,0.3661066590733434,2.0288410690314445,12.915429361754057,110.34556400764757,52.12443558556726,2.893259569621283,57.5855265834113,0.7063241040915325,4.565294039040737,1.3373062685595738,1.8559573689134767,0.2745799943050075,4.179717691087337,4.957694341618192,0.41695480616686326,5.862791359882846,3.132245860960827,1.215270715535126,2.827156978399707,25.759671317577187,9.483179432941464,2.52715291054794,1.133913680185494,2.883089940202579,1.4186633039092056,0.3508522149452874,0,4.128869543993817,7.3323028108855715,9.356059065207663,1.4237481186185574,4.032258064516129
PP,DNov,quotes,32.74952559946976,9.59696383660647,61.131842489944525,3.077928799063002,5.138960767757107,55.021382071745705,30.243601267489264,35.582309626925976,16.951306984810103,5.7563624147667944,3.949554653664914,4.41260588892218,1.6342984773785851,8.407557722514277,3.559138906291141,195.24419143082832,6.319287445863863,0.4630512352572658,35.42795921517355,2.4968448959950607,1.815887197087317,0.26330364357766095,2.0428730967232314,15.008307683926674,1.3528359618300512,0.2996213875194073,0.5266072871553219,0.4902895432135756,0.9533407784708414,0.42673349131551946,2.3334150482572023,0.962420214456278,1.1258500621941365,0.7989903667184195,0.38133631138833657,0.4085746193446463,4.548797428703729,9.51524891273754,79.06372856118178,36.51749153342595,5.692806362868739,78.78226604563325,0.7156855724301663,4.0197031849884075,0.8080698027038561,2.1064291486212876,0.3631774394174634,5.838077338635724,5.692806362868739,1.1984855500776292,8.1260952069657435,6.655226577325017,3.8315219858542386,12.348032940193756,8.1260952069657435,22.07210888059634,3.341232442640663,0.7172754428494902,25.104640499732156,0.7717520587621097,0.7626726227766731,0.009079435985436585,2.9689755672377633,4.830259944252263,10.459510255222945,2.5422420759222435,15.298849635460645
TTC,DNov,nonquotes,90.3328410769056,12.666136544359878,3.646484153129615,3.9531977734863113,4.2485516301260935,1.170055662842213,0.2612745654890378,70.69180961036011,14.165625354992617,2.0901965239123026,2.3173917982505965,1.419970464614336,1.0110189708054071,11.496080881517665,7.679200272634329,220.1749403612405,9.110530500965579,0.7497444053163694,18.87992729751221,2.1810746336476203,1.0337384982392366,0.22719527433829376,0.908781097353175,11.450641826650006,4.464387140747473,0.5111893672611609,1.385891173463592,1.351811882312848,2.1015562876292173,0.3748722026581847,2.987617857548563,0.31807338407361124,1.8970805407247529,1.272293536294445,0.20447574690446438,0.8292627513347722,2.2037941610814493,13.49539929569465,125.19595592411677,46.93854367829149,3.82824037260025,59.36612518459616,0.7065583995822107,4.41572469228837,1.5562876292173122,1.8062024309894353,0.2953538566397819,2.2265136885152788,4.418948085879814,0.44303078495967285,6.440986027490628,3.419288878791321,0.9315006247870045,2.3628308531182554,10.326025218675452,10.019311598318755,2.9194592752470747,1.056458025673066,0.05679881858457344,0.2612745654890378,0.13631716460297627,0,3.317051005339089,10.303305691241622,10.17834829035556,2.249233215949108,4.577984777916619
TTC,DNov,quotes,28.516501121435436,12.295738545338033,67.28612624158923,2.543255366869593,5.366869593079142,69.86943287407883,35.645626401794296,33.7431912848446,21.787888497276516,4.946331304069209,3.5044857417494395,4.4456904838192886,1.7021787888497277,8.070330022428708,3.6446651714194167,165.15139378404356,9.171739826978532,0.5406920858699135,38.00865107337392,3.0038449214995193,2.8836911246395385,0.6207946171099007,2.3229734059596283,16.220762576097403,1.3617430310797822,0.20025632809996796,0.5206664530599167,0.4806151874399231,1.3216917654597886,0.9612303748798462,1.9224607497596924,0.5406920858699135,1.081384171739827,0.6808715155398911,0.4605895546299263,0.6608458827298943,5.446972124319129,10.613585389298303,91.77747516821532,29.417654597885292,7.549663569368792,74.25504645946812,0.6823093284106186,3.9396731959809195,1.2415892342198014,1.5419737263697533,0.24030759371996155,2.342999038769625,5.967638577379045,1.1414610701698173,9.19176545978853,8.831304069208587,3.5044857417494395,11.795097725088112,7.109099647548862,26.13345081704582,3.7447933354694007,0.5206664530599167,7.910124959948734,0.5206664530599167,0.26033322652995833,0.020025632809996797,3.4844601089394427,5.306792694649151,11.93527715475809,3.364306312079462,14.318327459147708
