doc_id	f_01_past_tense	f_02_perfect_aspect	f_03_present_tense	f_04_place_adverbials	f_05_time_adverbials	f_06_first_person_pronouns	f_07_second_person_pronouns	f_08_third_person_pronouns	f_09_pronoun_it	f_10_demonstrative_pronoun	f_11_indefinite_pronouns	f_12_proverb_do	f_13_wh_question	f_14_nominalizations	f_15_gerunds	f_16_other_nouns	f_17_agentless_passives	f_18_by_passives	f_19_be_main_verb	f_20_existential_there	f_21_that_verb_comp	f_22_that_adj_comp	f_23_wh_clause	f_24_infinitives	f_25_present_participle	f_26_past_participle	f_27_past_participle_whiz	f_28_present_participle_whiz	f_29_that_subj	f_30_that_obj	f_31_wh_subj	f_32_wh_obj	f_33_pied_piping	f_34_sentence_relatives	f_35_because	f_36_though	f_37_if	f_38_other_adv_sub	f_39_prepositions	f_40_adj_attr	f_41_adj_pred	f_42_adverbs	f_43_type_token	f_44_mean_word_length	f_45_conjuncts	f_46_downtoners	f_47_hedges	f_48_amplifiers	f_49_emphatics	f_50_discourse_particles	f_51_demonstratives	f_52_modal_possibility	f_53_modal_necessity	f_54_modal_predictive	f_55_verb_public	f_56_verb_private	f_57_verb_suasive	f_58_verb_seem	f_59_contractions	f_60_that_deletion	f_61_stranded_preposition	f_62_split_infinitive	f_63_split_auxiliary	f_64_phrasal_coordination	f_65_clausal_coordination	f_66_neg_synthetic	f_67_neg_analytic
19C_AgnesG_nonquotes	77.48272884283247	9.84455958549223	7.923143350604491	3.087219343696028	4.296200345423143	60.92400690846287	1.1442141623488773	57.512953367875646	11.161485319516407	2.9792746113989637	2.569084628670121	3.454231433506045	14.766839378238343	16.947322970639032	3.065630397236615	164.3782383419689	8.851468048359239	0.9715025906735751	21.43782383419689	1.5975820379965457	2.353195164075993	0.25906735751295334	92723818.41537133	23.488773747841105	2.806563039723662	0.38860103626943004	0.582901554404145	0.4965457685664939	1.403281519861831	0.25906735751295334	1.5112262521588948	0.3022452504317789	1.1226252158894647	1.575993091537133	0.7556131260794474	1.2305699481865287	3.238341968911917	11.053540587219343	106.04490500863557	49.222797927461144	4.922279792746115	80.073402417962	0.7392731062332875	4.359092681658651	3.3678756476683938	3.454231433506045	0.19430051813471502	3.562176165803109	6.714162348877375	0.5181347150259067	4.058721934369603	7.037996545768566	3.5837651122625216	6.4550949913644216	9.71502590673575	17.681347150259064	3.3678756476683938	1.5328151986183074	0.38860103626943004	0.8203799654576857	1.3169257340241796	0.0	4.857512953367875	9.088946459412782	16.234887737478413	3.64853195164076	8.678756476683938
19C_AgnesG_quotes	31.233618731434564	7.731958762886598	61.156735977634106	1.9220688450113577	5.50410623798707	63.51563865105714	38.96557749432116	48.27013803948978	17.167569456578715	4.499388432640224	3.9751878385462165	7.338808317316093	18.21597064476673	8.256159356980604	1.7473353136466887	137.2531888869474	5.678839769351739	0.17473353136466888	35.29617333566311	2.2278525248995282	1.616285165123187	0.30578367988817057	2.3152192905818625	22.75904246024812	0.6989341254586755	0.08736676568233444	0.30578367988817057	0.30578367988817057	0.9610344225056788	0.2184169142058361	0.8299842739821772	0.2184169142058361	0.4368338284116722	0.8736676568233444	0.6552507426175083	0.9173510396645116	8.125109208457102	9.56666084221562	72.20863183644941	30.05416739472305	7.731958762886598	100.73388083173161	0.7166040449437854	3.898429459931093	2.0094356106936924	3.8878210728638827	0.4805172112528394	4.1062379870697185	9.74139437358029	1.0920845710291804	4.805172112528394	12.318713961209156	6.7272409575397525	17.691770050672726	7.469858465839595	28.17578193255286	3.101520181722873	0.8299842739821772	20.531189935348593	1.4852350165996855	1.5289183994408528	0.0	3.188886947405207	6.159356980604578	24.06954394548314	4.412021666957889	20.26908963830159
19C_Antoni_nonquotes	75.94500665982822	12.485264173186154	6.19287474929957	3.949967083607637	7.739179692882404	2.7864108884363947	0.29854402376104233	73.36528009553409	11.061438829095028	1.0028017208383728	0.8037723716643446	0.11482462452347782	18.180565549550654	23.768697276359905	3.230399436593842	204.8241652249797	8.619501814229068	1.201831070012401	10.724619930492828	0.9185969961878225	0.9568718710289817	0.2143392991104919	32877862.631474193	12.117825374711025	3.421773810799639	1.5386499686146027	2.22759771575547	0.995146745870141	3.0160601374833504	1.0563865456159958	3.7203178345606807	1.255415894790024	1.737679317788631	1.7223693678521672	0.007654974968231853	0.8420472465055039	1.263070869758256	10.257666457430684	141.98447571076443	63.0846487131987	2.870615613086945	59.119371679654606	0.7217169461110629	4.7353855625673384	1.6534745931380803	2.2964924904695563	0.07654974968231855	1.2707258447264878	4.003551908385259	0.7731524717914173	4.554710106097954	2.503176814611816	0.6200529724267803	1.6534745931380803	2.7634459635316992	8.925700812958342	2.8476506881822496	2.1357380161366875	0.08420472465055039	0.3444738735704334	0.3904037233798246	0.0	4.562365081066185	11.796316426045287	7.754489642818868	3.061989987292742	2.3730422401518747
19C_Antoni_quotes	36.02007676409802	16.131196822073704	53.30541911587084	2.6035375902514963	5.985452398207048	78.77714255039321	31.53769761387122	37.89891832407333	10.09206323643879	2.200928684542502	1.7714791851195748	0.9662613737015864	24.26389671739539	13.259253294682878	2.0398851222589043	182.7844431918834	9.931019674155193	1.0199425611294521	24.42494027967899	1.5835950291220442	3.220871245671954	0.5368118742786591	115279469.06621575	15.299138416941783	0.9125801862737204	0.7515366239901227	0.9394207799876533	0.18788415599753067	2.657218777679362	2.335131653112167	3.1940306519580215	1.2615079045548487	0.9662613737015864	0.5368118742786591	0.40260890570899427	0.8320584051319215	3.1403494645301553	8.427946426174946	118.36701827844432	27.377405588211612	6.844351397052903	55.21110126956008	0.6917257664075447	4.1767191495088145	0.9394207799876533	1.127304935985184	0.0	0.7515366239901227	4.777625681080066	0.563652467992592	5.743887054781652	5.3949593365005235	4.616582118796468	14.681804761521326	3.408755401669485	17.63427007005395	3.301393026813753	0.5368118742786591	0.1073623748557318	0.4562900931368602	0.563652467992592	0.0	3.6503207450948816	6.602786053627506	10.81675926671498	3.5966395576670154	6.790670209625038
19C_Deronda_nonquotes	79.78819739011905	15.327569607945934	8.950614341953504	2.916813619422547	4.461009064999189	3.331458692771831	0.9675051711483286	79.83109170805173	9.918119513101832	1.5966218341610348	2.7452363476918094	1.3106597146098047	21.7426531565452	21.246985482656395	4.62305426607822	195.35502197142284	7.840128111029559	1.1533805488566282	22.991354411918902	2.1542479672859334	3.126519173760116	0.7911618640917366	20469959.998665508	17.801141942064074	3.9081489672001446	0.35745264943903765	1.0866560542946746	0.896014641260521	1.7729651412176266	0.5004337092146527	6.052864863834371	0.9913353477775978	1.8682858477347033	1.620452010790304	0.40034696737172215	0.5337959564956295	2.8119608422537627	8.931550200650086	125.2800045753939	51.06330248119799	6.105291252418763	65.07544633920827	0.7450064099793909	4.571608884281655	1.9540744836000723	2.7690665243210786	1.0056334537551592	1.911180165667388	5.72877446167631	0.22400366031513025	7.168117130084168	6.396019407295847	2.31152713303911	5.018635198124088	13.440219618907815	17.07193853720844	3.2313719509289003	2.4735723341181406	0.06672449456195369	0.4670714619336758	0.6720109809453908	0.004766035325853835	3.7985301547055066	6.457977866531947	11.695850689645312	2.611787358567902	8.002173312108589
19C_Deronda_quotes	34.68975523712885	13.570541209494637	67.40699295393982	2.475130157706569	5.016643116577682	76.72903488890364	35.04063575757001	33.409515500384074	18.293203349486483	4.599379794971977	6.752079204165046	4.6467960815180795	20.768333507193052	8.070251970146707	3.0630921108782445	150.48032698271203	7.7952375081793095	0.398296806987264	40.83490597350378	3.3286233155364204	3.1768911985888915	0.7681438420468663	40730279.69919108	21.157147056871096	0.5784786958624548	0.028449771927661714	0.531062409316352	0.398296806987264	1.6880198010412615	0.43622983622414624	2.9018767366214946	0.5026126373886902	0.3224307485134994	0.597445210480896	1.2233401928894536	0.597445210480896	5.509772496657152	7.415907215810487	87.44511564832288	26.666919553528246	9.710855484641863	76.64368557312065	0.7102022404980932	3.92599560388931	1.2992062513632183	2.560479473489554	0.862976415139072	2.759627876983186	6.183083765611812	0.5026126373886902	5.016643116577682	11.057478022551186	7.14089275384309	16.595700291135998	6.846911777257252	27.04624984589707	3.290690286299538	1.1854071636525714	8.705630209864484	1.194890420961792	1.261273222126336	0.0	3.565704748266935	5.083025917742226	17.638858595150264	3.091541882805906	17.581959051294938
19C_Jekyll_nonquotes	94.79674796747967	11.924119241192411	6.4498644986449865	3.035230352303523	6.829268292682927	36.043360433604335	0.975609756097561	41.19241192411924	11.707317073170731	2.926829268292683	1.5176151761517616	0.975609756097561	16.856368563685635	14.471544715447154	2.4932249322493223	204.22764227642276	10.08130081300813	0.7046070460704607	20.75880758807588	1.7344173441734418	1.2466124661246611	0.3252032520325203	232789553.71273714	13.766937669376695	2.5474254742547426	0.4878048780487805	1.4092140921409213	0.5962059620596206	2.330623306233062	0.4878048780487805	1.4092140921409213	0.7046070460704607	2.113821138211382	1.4092140921409213	0.3252032520325203	1.029810298102981	1.4092140921409213	8.021680216802167	123.68563685636856	41.57181571815718	5.311653116531165	72.41192411924119	0.7116294349539661	4.2955399444535205	2.5474254742547426	2.5474254742547426	0.21680216802168023	2.330623306233062	5.528455284552845	0.7046070460704607	8.238482384823849	3.848238482384824	1.4634146341463414	3.1978319783197833	11.544715447154472	11.43631436314363	2.3848238482384825	2.113821138211382	0.05420054200542006	0.8130081300813008	0.3252032520325203	0.0	5.636856368563685	9.75609756097561	13.929539295392955	2.005420054200542	3.848238482384824
19C_Jekyll_quotes	32.409267443417704	11.919110753984196	73.7913486005089	1.8749162983795367	5.490826302397215	69.23798044730147	37.36440337484934	25.17744743538235	23.704298915227	7.365742600776751	4.821213338690237	4.017677782241864	19.418775947502343	4.955135931431633	1.6070711128967456	171.82268648721038	8.035355564483728	0.4017677782241864	40.712468193384225	4.285522967724655	2.2766840766037233	0.4017677782241864	0.26784518548279096	17.811704834605596	0.8035355564483728	0.26784518548279096	0.5356903709655819	0.9374581491897683	1.3392259274139549	1.2053033346725592	1.6070711128967456	0.5356903709655819	0.5356903709655819	0.4017677782241864	0.5356903709655819	0.6696129637069774	7.365742600776751	6.8300522298111686	84.23731083433775	23.83822150796839	7.633587786259541	76.06803267711263	0.7129094412331295	3.791717583163612	1.0713807419311638	2.4106066693451185	0.9374581491897683	4.821213338690237	6.562207044328378	1.7409937056381413	9.77634927012187	10.98165260479443	5.758671487880005	11.383420383018615	5.490826302397215	29.730815588589795	4.15160037498326	1.4731485201553502	8.57104593544931	2.544529262086514	0.5356903709655819	0.0	4.017677782241864	3.348064818534887	17.543859649122805	2.9462970403107005	11.51734297576001
19C_Jude_nonquotes	98.7567045939092	15.28310778967212	3.9273771853048767	4.869947709778048	5.73397069054512	2.311542000493727	1.3240871653313584	93.65111425301285	9.964316973002088	2.1544469130815322	2.064678291703135	2.0197939810139367	18.13326151843623	12.354406517201912	4.589420767970555	195.06721425525708	7.293700486994771	1.0772234565407661	19.412464373078393	1.7056038061895464	2.951143427814807	0.6620435826656792	48194158.744585834	15.081128391570726	3.893713952287978	0.4264009515473866	1.0884445342130658	1.4475190197266545	1.0996656118853654	0.4937274175811845	3.5570816221189885	0.6283803496487803	1.8851410489463407	2.0310150586862363	0.2132004757736933	1.6494984178280483	1.9524675149801387	10.177517448775781	117.33880921923742	43.818308310330124	5.184137884602437	71.15285352005206	0.7380956202317247	4.429008512656084	2.3227630781660267	3.377544379362194	0.31419017482439016	1.4475190197266545	5.071927107879441	0.2580847864628919	4.79140016607195	4.566978612625956	1.3801925536928568	3.3887654570344936	12.354406517201912	15.31677102268902	3.949819340649476	2.423752777216724	0.4712852622365852	0.763033281716376	0.5498328059426827	0.011221077672299648	3.893713952287978	6.923404923808883	13.38674566305348	1.6494984178280483	7.0692789335487785
19C_Jude_quotes	32.221309964645364	13.655937400512725	74.9484760644091	2.5468742145741525	7.305507615489017	80.86325631272935	37.90150969320219	32.23806571605704	21.547896315410263	6.601766056198791	4.758633400914864	8.193562440307636	21.011712270236757	6.048826259613612	2.4798512089274642	129.08630887552152	6.233139525142005	0.41889378529180143	40.86727769306815	2.2787821919873994	1.8598884066955983	0.41889378529180143	1.0221008361119954	20.157168948241484	0.7372530621135704	0.1843132655283926	0.4691610395268176	0.31835927682176907	1.0723680903470116	0.2680920225867529	1.5582848812855012	0.41889378529180143	0.35187077964511315	0.5361840451735058	0.904810576230291	1.3069486101104204	5.4288634573817465	9.517266801829727	77.51210603039493	26.65840049597024	8.126539434660948	105.7790586618857	0.7235366086790259	3.7936849410131854	1.4409946214037967	3.7700440676262126	0.41889378529180143	2.8652334913959217	9.70158006735812	1.9269114123422866	5.278061694676698	9.45024379618304	7.774668655015835	13.957540925922824	7.271996112665672	26.071949196561718	2.814966237160905	1.1058795931703556	30.746803840418224	1.3907273671687805	1.189658350228716	0.033511502823344114	3.0663025083359865	4.021380338801293	17.99567701613579	2.7311874801025455	25.803857173974965
19C_LadyAud_nonquotes	88.68287957466461	14.373092129718284	5.8348446106536604	4.1677461504669004	2.816044696261419	5.2040505986911025	0.6420581907476035	76.10079187176859	7.727226646541333	1.5206641359811663	1.430550705700801	1.047568627009248	18.43946067111977	11.185329533550355	2.6921387296259165	235.7142052558658	5.384277459251833	1.0588328057942935	16.220417450465774	1.903646214672719	1.9599671085979478	0.382982078691553	48379274.620678775	11.917501154578327	4.179010329251946	0.5970014756074209	1.3066447390652984	1.2503238451400702	1.9712312873829931	0.2928686484111876	4.787275983644412	0.9461910179438369	3.063856629532424	1.5769850299063946	0.2252835757009135	0.37171789990650733	1.982495466168039	9.58581614607387	120.43659956970836	61.547472881489576	3.8185566081304843	55.04804172251822	0.7320126988462207	4.495493345154068	1.2953805602802528	2.7146670871960077	0.1464343242055938	3.2102909537380175	3.469367065794068	0.23654775448595922	8.369284837288937	3.717178999065073	1.2390596663550244	2.2415715782240895	10.768554918503666	11.016366851774672	2.680874550840871	1.3629656329905269	0.27034029084109623	0.9799835542989739	0.2928686484111876	0.011264178785045676	2.99627155682215	7.299187852709599	9.270419140092592	2.196514863083907	3.5031596021492053
19C_LadyAud_quotes	35.167109408784825	13.622042379687404	58.95162784950887	2.6564527089639838	3.0425650213133997	74.34978686600358	32.7423240872305	40.52634830419472	11.923148205349973	3.7066781985543953	3.2742324087230497	4.185457465867672	21.42151108914561	7.490578859578674	1.9923395317229877	176.93210601099648	5.930685117687033	0.5560017297831593	31.707543090134056	2.285784889108544	3.6603447210724656	0.24711187990362635	66333588.589608945	19.382838079940694	0.8494470871687156	0.12355593995181317	0.6023352072650893	0.2316673874096497	1.2973373694940384	0.308889849879533	3.227898931241119	0.9421140421325755	1.173781429542225	0.4787792673132761	0.8031136096867857	0.5096682523012294	6.146908012602705	8.865138691542596	89.94872428492	35.22888737876073	7.722246246988324	71.18366590473838	0.6987669588565152	3.9365124420474973	0.9730030271205289	2.7027861864459135	0.37066781985543956	4.324457898313462	5.57546179032557	0.308889849879533	8.386359424229319	10.147031568542658	4.494347315747205	13.838265274603078	5.71446222277136	24.124297275591523	3.1352319762772596	0.7567801322048557	14.347933526904304	1.0811144745783654	0.6486686847470192	0.015444492493976647	3.7375671835423487	4.726014703156855	16.479273491073084	2.71823067893989	12.40192747266325
19C_NorthS_nonquotes	91.42846611746927	13.895799929968117	7.178268000958331	3.8517535614898364	4.137409926097934	6.321298907134038	1.004404636847828	93.82429369160171	11.334107369934205	1.760011794843442	1.6955087447706456	2.220747866791987	17.848915427286634	12.38458561397689	2.9026372532758336	199.5816516466707	6.957114686423029	0.9030427010191482	21.820460367483093	1.9258767807449182	2.1931037024750744	0.5068096791433995	39576925.627983265	18.023995134627082	3.9254713330016036	0.460736071948545	0.8753985367022354	0.6634599436059048	1.4927848731132858	0.2856563646080979	2.4511159027662597	0.9399015867750318	1.8798031735500635	1.7876559591603547	0.39623302187574866	1.197913787066217	4.2295571404876435	11.195886548349645	109.98691509555667	42.544368883728644	6.164648642671533	72.90687602513776	0.7402445234032325	4.32336389385808	1.935091502183889	3.510808868247913	0.4699507933875159	2.6999133816184737	6.514808057352426	0.5713127292161958	4.9575201341663435	6.1738633641105025	2.0640976023294813	5.519618141943569	12.172647020880559	18.04242457750502	3.9991891045133703	1.6125762518199074	2.957925581909659	0.7648218794345847	0.7003188293617884	0.0092147214389709	3.7043180184663016	7.583715744273051	13.62857300823796	2.56169256003391	7.7772248944914395
19C_NorthS_quotes	31.622118873613733	11.486175703991414	67.66494608269025	2.172024326672459	4.867889814483569	68.98093729238003	28.364082383605048	41.23013236571779	17.452854295497524	3.590228445852711	2.989727602596208	5.263964838759136	19.854857668523536	6.017785046251341	2.1848009403587674	163.87284714059385	5.775029386211479	0.6260540706291204	38.76424592426024	2.491439668830173	1.8270557571421269	0.26830888741248016	0.5749476158838861	19.203250370521797	1.0476823222773037	0.20442581898093728	0.6516072980017377	0.40885163796187457	1.0860121633362294	0.24275566003986304	2.1464710992998413	0.4855113200797261	0.7027137527469719	0.7665968211785149	0.7793734348648234	0.9454694127868349	6.694945571625697	8.304798896100579	82.44748811774927	29.501201001686514	9.378034445750497	87.14928195431084	0.7306442768120973	3.8513442691682824	1.2010016865130064	3.564675218480094	0.6516072980017377	3.820207492206266	8.240915827669035	1.0349057085909952	6.107221342055501	10.579036132263505	5.3534011345632955	16.124086472121427	6.2733173199775125	27.980783973015793	3.590228445852711	0.9582460264731436	18.296110798793887	1.5459702560433382	1.2521081412582409	0.0	3.475238922675934	5.340624520876987	17.46563090918383	3.2963663310676137	18.47498339040221
19C_Pomp_nonquotes	87.02002004136196	8.517578832910475	10.436432637571158	4.456004946378696	5.052981685606465	5.031661087776901	2.23866277210413	62.72519881457477	11.513122827964095	1.6949875274502697	1.0553695925633755	0.30914866852866557	17.696096198537408	12.77103809990832	2.3239451634223824	222.56572074280965	7.632774022983605	1.1513122827964095	14.583288915421189	1.140651983881628	1.1832931795407544	0.20254567938084983	45785631.04705456	10.617657719122445	3.6778031255996417	1.0553695925633755	1.4604609513250753	0.6502782338016758	2.0680979894676246	0.3837707609321365	3.773745815832676	0.8848048099268704	2.6224335330362663	2.4945099460588875	0.149244184806942	0.6396179348868942	1.3645182610920412	8.048525680660086	125.96209197705905	50.77500373110462	3.1341278809457815	62.24548536340959	0.7158194466741795	4.566339512904398	1.663006630705925	2.1853612775302222	0.19188538046606826	1.1726328806259727	6.04438948468115	0.5863164403129864	7.568812229494915	3.070166087457092	0.7568812229494915	1.5990448372172357	10.713600409355479	10.79888280067373	1.9828155981493722	1.758949320938959	0.15990448372172356	0.8315033153529625	0.45839285333560753	0.0	3.1980896744344713	12.376607040061403	11.012088778969362	2.078758288382406	4.829115408396052
19C_Pomp_quotes	22.20358133324203	9.706577190399562	68.68216523436163	2.311089807237991	4.296915123086931	62.19399459033794	25.30215359331667	33.142739754168524	13.678227822097442	4.468106960660116	1.8488718457903928	1.5064881706440236	22.135104598212756	8.730783716232411	1.2325812305269284	203.42726058821515	6.556647379052967	0.4450987776902797	32.44085322011846	1.934467764576985	1.934467764576985	0.32526449138905056	73526332.02656896	12.137501283938782	0.5991714315061458	0.2910261238744137	0.47933714520491666	0.18831102133050295	1.900229397062348	0.5135755127195535	3.09857226007464	0.719005717807375	1.5236073544013422	0.8046016365939671	0.342383675146369	0.3595028589036875	4.074365734241791	5.358304516040675	92.15256616564523	33.02290546786729	6.779196767898107	69.5894819734995	0.735336107004086	4.116330558654424	1.4722498031293867	1.9858253158489405	0.0684767350292738	1.2325812305269284	5.204231862224809	0.9929126579244703	9.090286575136098	7.618036772006711	3.2526449138905056	10.802204950867942	5.067278392166262	18.11209641524292	2.6363542986270416	0.7361249015646933	0.3937412264183244	0.7018865340500565	0.3937412264183244	0.0	2.65347348238436	6.07731023384805	12.907864553018111	2.961618790016092	12.411408224055878
19C_Prof_nonquotes	86.58720579360289	11.541943270971634	13.171394085697044	2.896801448400724	5.461677730838866	59.127942063971034	2.2178636089318045	50.93542546771273	11.994568497284249	1.5691007845503921	1.6445383222691612	1.388050694025347	13.141219070609536	16.732045866022933	2.9873264936632467	194.1007845503923	6.75920337960169	0.7091128545564273	20.850935425467714	1.4182257091128545	1.991550995775498	0.25648762824381416	64800350.69402535	14.906457453228727	3.4701267350633676	0.9806879903439952	1.3729631864815932	0.7091128545564273	0.5280627640313821	0.12070006035003017	1.6143633071816534	0.3771876885938443	1.7501508750754375	0.995775497887749	0.7091128545564273	1.0863005431502717	1.71997585998793	9.082679541339772	110.80265540132771	47.91792395896198	5.838865419432709	72.78213639106819	0.7477547645059425	4.412314591760981	2.595051297525649	3.3494266747133374	0.4978877489438745	3.032589016294508	5.416415208207604	0.724200362100181	5.733252866626433	4.254677127338564	1.7501508750754375	4.0585395292697655	7.709716354858178	16.958358479179243	3.952926976463488	1.6143633071816534	0.331925165962583	1.0863005431502717	0.7543753771876885	0.0	3.4852142426071215	9.76161738080869	13.201569100784551	3.7417018708509353	7.3928786964393485
19C_Prof_quotes	22.282632915905346	11.185881723784481	66.04572396274344	1.4706537724497528	4.768483444003743	54.05766745398637	45.857658540933194	32.800035652212664	13.013057622888722	2.629350684076831	3.3423949373858015	3.6097865323766656	18.67284638352868	12.745666027897856	2.3619590890859663	198.62738981238024	5.347831899817282	0.6239137216453496	32.577209323053616	1.9163064307678594	1.6043495699451846	0.3119568608226748	0.04456526583181068	17.42501894023798	0.9804358482998351	0.2673915949908641	0.7130442533089709	0.35652212665448546	0.579348455813539	0.13369579749543206	1.6489148357769954	0.3119568608226748	0.9358705824680245	0.8467400508044031	0.9358705824680245	0.6684789874771603	4.3673960515174475	7.709790988903249	84.45117875128125	32.66633985471723	7.709790988903249	76.91964882570525	0.7416882940108745	4.191201047924477	2.272828557422345	2.4956548865813986	0.49021792414991755	2.005436962431481	5.882615089799011	1.0695663799634565	5.526092963144525	8.200008913053166	4.857613975667364	15.686973572797362	5.080440304826418	21.836980257587236	2.228263291590534	0.4456526583181069	6.729355140603413	0.8913053166362138	0.6239137216453496	0.0	4.010873924862962	6.46196354561255	15.330451446142876	5.347831899817282	13.458710281206827
19C_Tess_nonquotes	89.56516305269642	15.604495665913818	4.401039109436792	5.481213008507485	4.6509967059159605	1.7407761183370678	1.330131495549862	86.78884832037423	11.09633187227167	2.0353689999018023	2.026441942884689	1.535453806943465	18.068363402637054	14.42612413965488	3.7136557191190778	202.95664128406787	7.23984324087878	1.0355386139851277	20.942875762147494	1.910390201662218	2.660262991099724	0.6427481052321481	38341414.61716316	13.694105464251601	4.302841482248548	0.47313402190699794	1.2944232674814096	1.3569126666012017	1.1248091841562593	0.32137405261607405	3.758291004204644	0.7141645613690535	2.428159508654782	1.6068702630803702	0.18746819735937653	1.428329122738107	2.428159508654782	9.551951008311091	123.43441737562377	46.12610360742374	4.9634437015149215	70.96117622903257	0.7412955563954648	4.449719037986064	2.4817218507574608	3.4726251796570224	0.28566582454762135	1.2676420964300699	5.293744811148109	0.26781171051339503	5.891857631294691	5.329453039216561	1.0712468420535801	3.615458091930833	7.989716030316285	14.283291227381069	3.4279898945714566	1.8211196314910865	0.12497879823958435	0.5981128201465823	0.5534775350610165	0.017854114034226334	3.874342745427115	6.5346057365268395	11.560538837161552	2.392451280586329	7.0077397584338375
19C_Tess_quotes	30.077405086619976	12.777982553139207	68.85366752672319	2.9733382479420074	7.740508661997788	76.76618749232092	42.83081459638776	30.863742474505468	18.57722078879469	5.651799975426957	4.1774173731416635	6.733013883769505	22.82835729205062	4.251136503255928	2.8258999877134783	143.7768767661875	6.192406929598231	0.46688782405700946	36.56468853667526	2.6047425973706844	2.8750460744563213	0.6388991276569602	0.9829217348568621	18.356063398451898	0.8600565179997544	0.2948765204570586	0.3931686939427448	0.34402260719990174	0.712618257771225	0.41774173731416636	2.0887086865708318	0.34402260719990174	0.2948765204570586	0.34402260719990174	1.3023712986853422	1.1057869517139698	5.676373018798378	8.403980833026171	76.7416144489495	26.096572060449684	6.8313060572551905	104.85317606585576	0.7161075427149566	3.750050648298217	1.0320678215997052	2.997911291313429	0.41774173731416636	3.292787811770488	9.19031822091166	2.7276078142277917	6.757586927140926	10.713846909939797	6.069541712741123	15.653028627595527	7.175328664455092	27.153212925420814	3.0716304214276935	1.1795060818282344	22.65634598845067	1.0320678215997052	0.9092026047425974	0.02457304337142155	3.48937215874186	4.4477208502273005	18.52807470205185	2.5064504238849983	24.523897284678707
19C_VivianG_nonquotes	79.44728782344143	9.208477904740587	13.980606233274656	1.597492851982621	4.863704351896133	5.19948310422369	2.289400584051527	59.07671018223628	7.549934370516591	1.373640350430916	1.465216373792977	0.8140090965516539	16.63631091077443	15.751076018274503	2.4522024033618575	240.27513507463448	9.330579269223334	1.719594216465369	22.079996743963616	1.373640350430916	2.3504512662929007	0.5799814812930534	43701774.91630969	11.039998371981808	2.3504512662929007	0.9971611432757761	0.9462855747412977	0.6003317087068448	0.37647920715514	0.24420272896549622	4.985805716378881	1.1599629625861068	2.5132530856032314	2.0451978550860304	0.1526267056034351	1.0073362569826718	1.0989122803447329	7.214155618189034	118.87585343766216	56.30907925396066	4.904404806723715	58.50690381465013	0.7147423303457631	4.65447587081986	2.1164236510343004	3.62234047965486	0.17297693301722647	2.655704677499771	5.718413903275369	0.26455295637928755	5.575962311378829	3.2051608176721373	1.536442169741247	2.0655480824998222	9.869860295688804	10.266689730257735	4.090395710172061	1.750119557586056	0.05087556853447837	0.2747280700861832	0.5596312538792622	0.0	4.456699803620306	5.4029853783616035	10.70421961965425	2.4522024033618575	6.3390958393960055
19C_VivianG_quotes	26.27297190179186	11.983979640793509	62.85070610567596	1.1472913494232253	5.110661465612549	59.554850956423785	29.485387680176892	28.504975072487955	11.222595381630823	3.52531341913682	3.0455370366507437	2.3363023842800223	21.69423642545735	11.618932393249754	1.950395294019483	200.56738772189658	7.332234714950249	0.9178330795385803	36.46300506894178	2.461461440580738	3.765201610379858	1.0429921358392957	44796167.9843134	14.518450530882998	0.8448236300298296	0.2920377980350028	0.4276267756941113	0.27117795531821687	0.5945055174283985	0.4484866184108972	3.2854252278937817	1.4184693047414423	1.9086756085859113	1.1472913494232253	0.40676693297732536	0.9908425290473309	3.4001543628361044	5.559148084023446	97.6136339931997	42.616658670393626	6.654289826654707	75.2310227580884	0.7210390864436306	4.246301441677589	2.1068441143953773	3.212415778385031	0.18773858445107325	3.900790588038966	8.364796929431153	1.1577212707816182	8.375226850789545	8.114478816829722	4.881203195727904	9.835415840964558	5.757316589832913	22.52863013412879	4.119818936565219	0.8656834727466155	1.3350299338742986	0.8343937086714367	0.6153653601451845	0.0	4.662174847201652	3.5774630259287847	11.890110348567973	3.5774630259287847	12.33859696697887
19C_alli_nonquotes	86.68173694862297	21.137845738700246	9.947569621152049	2.6925307421916607	4.840637685962151	6.834885730178831	2.6096836424319174	96.36301232054727	11.361887967050524	3.361225190252447	2.6866130922088223	2.982495591350763	16.82387890121075	9.018498573846355	2.74578959203721	193.51898973879491	10.58667581929864	1.0888475968423421	27.26853112092126	2.5209188926893353	6.586344430899601	1.2012829465162795	25416109.281242233	15.758701904299764	4.095013788124461	0.2307883493307138	0.7278709478891742	0.38464724888452295	0.7101179979406578	0.4615766986614276	3.686695939308582	1.4498242457955097	2.3315540932384935	0.6509414981122696	0.46749434864426637	1.7634596948859669	2.4144011929982363	11.73469991596937	110.96185482821062	32.51156900571645	6.740203330453411	75.70449623045695	0.7064135242432078	4.230636792031312	2.6747777922431446	3.603848839548838	0.21895304936503615	4.799214136082279	5.319967334572095	0.3964825488502006	7.326050678754453	7.284627128874582	4.177860887884203	8.503663025339378	18.137597197400968	17.498490999254376	4.100931438107299	0.9172357473400163	0.7929650977004012	0.44382374871291114	0.26629424922774664	0.0	4.929402435704733	3.1126838909732166	16.167019753115643	3.9293195886049737	10.870723018474903
19C_alli_quotes	22.17746232708826	13.950167316750857	82.262292985485	2.1847091672528083	5.765500777969606	77.43461858175075	40.0387919091161	42.69241426348658	21.75117761152674	6.031928725195558	5.584329773855958	7.896924355777223	17.86132958202784	3.1864782488223886	1.7264530980241704	134.39691369865932	5.456444359187501	0.3836562440053712	42.92687085704542	2.9307074194854743	5.424473005520387	0.9378263742353518	1.555939211799561	19.89683909883411	0.5328558944519044	0.0959140610013428	0.21314235778076177	0.20248523989172368	1.0550546710147708	0.5541701302299806	1.332139736129761	0.5861414838970949	0.40497047978344736	0.13854253255749516	1.1829400856832277	0.8845407847901613	7.662467762218386	8.515037193341433	72.6922011211288	17.221902508685552	8.717522433233157	104.2266129547925	0.6920879910660518	3.694477578970621	0.9058550205682375	2.9946501268197028	0.8951979026791994	5.999957371528444	8.994607498348147	0.8525694311230471	5.5523584201888445	10.017690815695804	8.653579725898927	22.763603810985355	8.504380075452396	32.685380565679814	3.2610780740456553	0.6927126627874758	31.85412537033485	1.5772534475776372	0.5754843660080567	0.0	4.102990387279664	2.046166634695313	19.161497964490483	2.4831084681458746	27.015793848711557
19C_arma_nonquotes	83.25251052704502	15.716772790525358	15.234847982843476	3.3252811730049823	6.656586406105987	22.590225360088194	3.2770886922367937	71.29475123643833	10.283070583912144	1.012042096131951	2.5060089999457835	1.313245100933127	17.764953223173354	12.951729206450564	2.7288992234986535	212.1433003415642	6.162613478232059	0.6807187908506575	17.511942699140366	1.84938644947922	1.373485701893362	0.2951789447051524	25873138.08952958	15.355329184763946	3.512027035981711	0.6445744302745164	1.2831248004530094	0.6445744302745164	1.9216751706315023	0.6084300696983753	3.132511249932229	1.361437581701315	1.4337263028535971	1.150595478340492	0.10843308172842332	0.24698646393696425	2.7168511033066065	8.674646538273866	124.42696128336577	44.096119902892156	3.740941319630605	62.499623496244	0.7053942220241594	4.3908118198233375	1.1385473581484449	1.6204721658303263	0.15060150240058795	1.42167818266155	4.879488677779049	0.3734917259534581	5.168643562388178	4.746959355666532	1.1325232980524214	3.433714254733405	11.614387865133342	15.25894422322757	4.018048084047686	1.036138336516045	1.5060150240058794	0.8674646538273866	0.4939729278739285	0.0	3.5662435768459226	5.283100704212625	8.35537135318462	2.3915518581213364	3.915639062415287
19C_arma_quotes	39.540945623054085	15.226992976612845	55.70921729056549	2.403880964448628	6.0603866483238	73.92658026210991	31.655926435450002	35.826515096662085	14.032293099703136	2.79487365143726	4.242994714358121	3.6565056838751717	20.816740279487362	9.803779595974223	2.425602780392441	175.99015277677213	6.0097024111215696	0.5140829773369053	29.42581999855188	2.4907682282238794	2.266309463471146	0.38375208167402797	31098162.037506334	20.939830569835635	1.0136847440446022	0.19549634349431613	0.7819853739772645	0.3692708710448193	1.419158641662443	0.46339874013467525	2.526971254796901	1.201940482224314	0.8616320324379119	0.8254290058648903	0.23169937006733762	0.3765114763594236	6.219679965245095	8.485989428716241	103.24379118094272	33.26334081529215	5.517341249728477	69.76323220621245	0.7071749519159675	4.028570583756533	1.086090797190645	2.881760915212512	0.3330678444717978	2.309753095358772	5.75628122511042	0.5213235826515097	6.842372022301064	9.029034827311563	3.091738469336036	9.941351096951704	9.803779595974223	21.975237129824052	4.720874665122004	0.8616320324379119	13.04757077691695	0.9702411121569764	0.9702411121569764	0.0	3.504452972268482	3.598580841358338	11.874592715951053	2.4907682282238794	11.237419448265875
19C_basker_nonquotes	91.02846329123702	15.486811107249064	14.482678716255359	6.06341482253891	4.364113853164948	48.70042096319469	2.896535743251072	47.27146332985749	14.637160622562083	1.9696443054107289	2.587571930637624	1.1586142973004288	19.155756382033754	9.925462480207006	1.776541922527324	198.3161472212567	6.372378635152358	1.0813733441470668	23.48124975862202	3.2054995558645194	3.63032479820801	1.2358552504537905	165873676.823852	10.273046769397133	2.471710500907581	0.38620476576680957	1.4289576333371954	0.6951685783802573	0.23172285946008575	0.2703433360367667	6.140655775692272	1.7379214459506431	2.2786081180241764	1.1586142973004288	0.19310238288340478	0.23172285946008575	2.3172285946008575	9.848221527053644	118.6421040435639	52.330745761402696	5.406866720735334	60.595527748812415	0.7310197099871468	4.242274029896987	1.776541922527324	2.00826478198741	0.07724095315336191	2.742053836944348	5.522728150465376	0.38620476576680957	6.372378635152358	6.102035299115591	2.510330977484262	3.1282586027111576	10.620631058587264	14.52129919283204	2.742053836944348	1.6220600162206003	0.0	0.6951685783802573	0.2703433360367667	0.0	3.3213609855945623	7.028926736955934	16.490943498242768	2.2013671648708146	3.977909087398138
19C_basker_quotes	41.63963432615748	15.86552639339428	59.27455028015335	2.506635210852256	4.393984075493955	57.09230315541138	28.2217634915954	38.86759068121498	20.495429076968446	5.36714833382483	4.276024771453849	4.305514597463875	23.296962547920966	8.139191978767325	1.150103214391035	179.97640813919196	5.45561781185491	0.5013270421704512	39.958714243585966	4.541433205544087	7.372456502506636	1.2975523444411678	126657833.47095253	15.777056915364199	0.6192863462105573	0.05897965202005308	0.6192863462105573	0.26540843409023884	0.5897965202005309	0.6487761722205839	4.747861987614273	1.739899734591566	1.2385726924211147	0.5603066941905043	0.707755824240637	0.6782659982306104	4.659392509584193	8.257151282807431	90.94662341492185	31.377174874668242	6.930109112356237	74.55028015334709	0.7239253397043037	4.019652215340638	1.8873488646416985	2.565614862872309	0.11795930404010616	4.68888233559422	6.2223532881156	1.1795930404010617	8.817457976997936	11.058684753759954	4.865821291654378	10.498378059569449	7.107048068416396	25.331760542612802	3.2438808611029195	1.415511648481274	5.780005897965202	0.5013270421704512	0.32438808611029196	0.0	3.214391035092893	3.125921557062813	15.688587437334121	3.4503096431731053	11.058684753759954
19C_cran_nonquotes	91.1893618601887	15.136319738503826	7.373152068939901	2.321521432285863	3.9373003491568235	36.048584800534876	0.6128816581234678	60.76814501151474	10.641854245598395	1.8757893172869773	2.284377089369289	2.284377089369289	20.299383403907584	10.400416016640666	2.4515266324938714	204.62818512740512	8.45033801352054	0.8728920585394845	24.292400267439266	1.374340687913231	2.87868657603447	0.6314538295817547	79766866.87467499	18.442166258078895	2.210088403536141	0.48287645791545947	1.3000520020800832	0.3528712577074512	1.0400416016640666	0.4643042864571726	3.3058465195750686	0.8914642299977714	2.1357997177029935	2.0986553747864196	0.5385929722903201	1.2443354877052224	4.531609835822004	12.963375677884258	107.42143971473145	39.50300869177624	5.627367951860932	74.10296411856474	0.7428578125292851	4.265861875350926	2.3958101181190106	3.472996062699651	0.4457321149988857	4.215882921031127	6.165960924151252	0.39001560062402496	4.605898521655152	6.425971324567269	2.5629596612435925	4.290171606864274	9.917539558725206	18.962187058910928	4.401604635613996	1.3000520020800832	0.9100364014560582	0.9657529158309189	1.132902458955501	0.018572171458286903	4.327315949780848	6.908847782482728	15.322041453086694	1.727211945620682	7.763167669563925
19C_cran_quotes	56.14682884448305	13.846655082536925	50.6624674196351	2.0634231103388356	4.615551694178975	72.11120764552562	17.321894005212858	46.20981754995656	17.10469157254561	2.0091225021720245	2.8779322328410077	3.69244135534318	19.71112076455256	4.5069504778453515	2.0634231103388356	177.0199826238054	5.91876629018245	0.3801042571676803	34.589487402258904	1.9005212858384015	2.0091225021720245	0.10860121633362294	1.2489139878366637	18.84231103388358	1.1946133796698524	0.05430060816681147	0.4887054735013032	0.6516072980017377	1.0317115551694178	0.21720243266724587	1.5204170286707213	0.3801042571676803	0.3801042571676803	0.8688097306689835	0.43440486533449174	0.8688097306689835	5.7558644656820155	9.882710686359687	78.95308427454388	28.507819287576023	6.516072980017376	88.998696785404	0.7292789479549519	3.885508451094486	0.5430060816681147	3.4209383145091223	0.5973066898349262	5.973066898349261	8.579496090356212	1.2489139878366637	5.212858384013901	8.742397914856646	4.887054735013033	12.054735013032145	6.461772371850564	29.15942658557776	3.366637706342311	1.0860121633362294	12.652041702867074	1.5747176368375326	1.3575152041702867	0.0	3.366637706342311	4.561251086012163	23.512163336229367	3.258036490008688	16.181581233709817
19C_dorian_nonquotes	109.63225870058169	15.552597850734497	6.013999802819678	4.337967070886325	2.9823523612343488	2.587991718426501	0.2957704821058858	87.0551118998324	15.527950310559007	2.341516316671596	2.7605244996549345	1.3556147096519766	20.28492556442867	8.478753820368727	2.02109829439022	217.53918958887903	6.506950606329489	0.8873114463176576	22.725032041802226	3.475303164744158	1.577442571231391	0.5422458838607906	105860377.37848763	12.126589766341318	4.855565414571625	0.4929508035098097	1.257024548950015	0.714778665089224	5.05274573597555	1.7746228926353151	2.5633441782510107	0.1478852410529429	1.6020901114068815	0.2957704821058858	0.1478852410529429	0.5668934240362812	1.6513851917578626	8.281573498964804	116.18850438726216	51.414768806073155	5.471753918958887	52.79503105590062	0.7180333275472777	4.336293474496611	0.4929508035098097	2.316868776496106	0.1725327812284334	1.7746228926353151	4.04219658878044	0.12323770087745242	2.933057280883368	3.499950704919649	0.7394262052647146	4.06684412895593	8.355516119491275	12.003352065463867	2.440106477373558	2.9823523612343488	0.024647540175490486	0.5422458838607906	0.6654835847382431	0.0	2.883762200532387	6.901311249137336	11.239278320023661	1.8485655131617864	3.647835945972592
19C_dorian_quotes	32.382499238655974	13.475789259973608	86.8693533651406	2.639325956755659	5.0756268399147295	71.92163232159172	42.53375291848543	34.05745609582783	21.749061009034616	4.999492437316008	7.055121307481474	4.644198558521977	23.297127195208606	6.699827428687443	1.3957973809765507	156.1770378641762	4.847223632118567	0.22840320779616283	47.380976550604	3.070754238148411	2.9438635671505433	0.48218454979189934	0.12689067099786824	16.97797177951477	0.30453761039488375	0.10151253679829458	0.2791594761953101	0.17764693939701554	2.081007004365039	1.4719317835752717	2.3601664805603493	0.3806720129936047	0.5836970865901939	0.2791594761953101	0.8374784285859304	0.35529387879403107	4.060501471931784	5.557811389706629	81.99675159882246	31.392752004872598	10.98873210841539	89.3564105166988	0.7087170551640102	3.934909109634894	1.091259770581667	3.375291848543295	0.5836970865901939	4.415795350725815	8.324028017460156	0.9136128311846513	4.263526545528372	6.674449294487869	6.319155415693838	11.775454268602173	6.649071160288296	24.64216830778601	3.172266774946706	1.3450411125774033	10.963353974215815	1.3196629783778295	0.9897472337833723	0.025378134199573646	3.6290731905390317	2.5885696883565124	13.62805806517105	2.512435285757791	19.591919602070853
19C_dracula_nonquotes	85.65665496946755	11.162996325053191	26.387775966400486	4.319674320503256	6.281488031094287	59.55440118629862	1.7960266364565776	54.23079402798117	13.585329686017703	2.1736527497628324	2.7631179022408885	2.2381255008151197	17.444484356147477	7.331472833945824	5.176240870197931	180.0171313309939	6.20780488703453	0.6907794755602221	25.75225884888508	3.6841572029878513	3.4815285568235197	0.9855120517992503	39558334.954362504	15.666878505705837	2.1736527497628324	0.24868061120167997	0.6539379035303436	0.5802547594705866	0.9947224448067199	0.4697300433809511	2.5420684700616176	0.8565665496946754	0.8749873357096147	1.409190130142853	0.12894550210457478	1.4736628811951407	3.2328479456218395	14.1932156245107	102.46562220809962	35.754745654997095	7.0091090786843875	75.88442798854227	0.722473832322569	4.049095295536791	1.6578707413445333	2.993377727427629	0.74604183360504	2.2473358938225894	6.170963315004651	0.3776261133062548	3.371003840733884	8.335405671760014	3.1591648015620826	5.314396765309976	8.722242178073738	20.806277803873893	3.518370128853398	3.278899910659188	0.6263067245079348	1.0960367678888858	0.6539379035303436	0.05526235804481777	2.873642618330524	6.5485894283109065	16.016873439989684	2.090759212695606	7.874886021386533
19C_dracula_quotes	28.75093773443361	10.258814703675919	68.192048012003	2.606901725431358	6.189047261815453	68.45461365341335	28.75093773443361	42.96699174793699	15.735183795948988	4.219804951237809	3.1132783195798948	5.120030007501875	24.24981245311328	4.426106526631657	1.8192048012003001	161.4403600900225	5.401350337584396	0.468867216804201	38.447111777944485	4.50112528132033	3.2633158289572393	0.7876969242310577	80550774.04351087	17.23555888972243	0.5626406601650412	0.11252813203300825	0.3938484621155289	0.3188297074268567	2.100525131282821	0.7876969242310577	2.3443360840210055	0.8439609902475619	0.5063765941485371	0.6939234808702176	0.7689422355588897	1.0690172543135785	5.7201800450112525	10.277569392348086	85.8027006751688	28.73218304576144	8.533383345836459	85.61515378844712	0.7083237169753973	3.7749824767461684	1.2753188297074267	2.4381095273818456	0.3938484621155289	1.9692423105776442	8.570892723180794	1.1440360090022506	7.108027006751688	12.153038259564893	5.701425356339085	14.591147786946738	5.026256564141035	22.91822955738935	2.663165791447862	0.937734433608402	5.963990997749438	0.937734433608402	1.0690172543135785	0.056264066016504126	2.7569392348087023	5.495123780945237	18.88597149287322	3.525881470367592	16.504126031507877
19C_emma_nonquotes	84.07074139068314	15.20865225453957	2.8998494069621277	2.1531070704053565	5.6005675241757835	1.443701850676424	0.6845138085103736	83.44845611021917	14.661041207731273	1.5432674955506602	2.638489589167258	2.1406613647960775	15.283326488195248	19.66421486266164	3.7088202715652967	185.25432799412565	12.022551618564014	1.2321248553186723	29.732790700568767	2.4393582994187857	2.5762610611208605	0.5351653411990194	53453896.50151215	21.991561811596906	1.9166386638290458	0.23646840657631085	0.672068102901094	0.34847975705982653	0.746742336556771	0.27380552340414943	2.638489589167258	0.9334279206959638	0.6098395748546964	1.9166386638290458	0.16179417292063375	1.4312561450671446	1.705061668471294	8.699548220886383	105.82583479570374	39.40310395897895	6.745572440229498	86.88347085838032	0.7317876106195018	4.469773331327416	2.7753923508693323	4.057300028625123	0.4729368131526217	7.940360178720333	9.620530435973068	0.2862512290134289	3.5719175098632214	9.944118781814336	4.779150953963335	4.878716598837571	10.964666641775256	18.86768970366775	4.318659846419993	2.4891411218559036	0.03733711682783855	0.8089708646031687	1.3690276170207472	0.0	6.5215497392624675	7.131389314117164	14.797943969433348	3.7461573883931347	9.956564487423615
19C_emma_quotes	28.813995369179313	12.6183738223872	63.373638624474744	1.849878104058706	4.300047778308648	62.60183517708601	29.010008943119313	44.4583287392652	18.22926237641957	3.2219731216386736	3.4057358472074193	5.096352922439879	16.72240802675585	10.989010989010989	2.266406948681196	152.76807918948387	7.093241206953581	0.4900339348499884	42.40018621289524	2.9769561542136795	2.315410342166195	0.7718034473887316	0.47778308647873863	19.42984551680204	0.8085559925024808	0.1347593320837468	0.294020360909993	0.1225084837124971	0.8453085376162299	0.5145356315924878	1.6171119850049616	0.5267864799637375	0.2450169674249942	0.9555661729574773	0.46553223810748895	0.6615458120474843	4.373552868536146	9.016624401239785	82.0439315422593	30.847636198806768	8.624597253359795	104.57324169698752	0.7223067440799967	4.015082120607717	2.254156100309946	3.111715486297426	0.6860475087899838	11.197275411322234	11.307533046663481	1.004569566442476	4.030529114141155	12.324353461477207	7.98755313805481	14.7132688938709	7.742536170629816	29.5000428779693	3.699756208117412	1.396596714322467	0.5267864799637375	1.310840775723719	1.3843458659512171	0.0	5.145356315924878	4.0427799625124035	16.538645301187106	3.4914917858061667	18.52328273732956
19C_frank_nonquotes	85.92341608566278	13.422818791946309	15.095241198062597	3.43172389826459	4.039877500488695	81.38398384049	2.9973284681045156	35.05571121391803	9.2960622054256	2.67153189548446	1.151147889924198	0.651593145240112	22.63200191133989	20.460024760539522	3.866119328424665	182.48952021024738	9.491540148997633	2.1068178362763623	19.46091527117135	0.8036315457961382	3.0190482396125193	0.4778349731760822	93285703.87263526	16.029191372906755	1.8679003496883213	0.8905106318281532	1.151147889924198	0.4778349731760822	2.714971438500467	0.651593145240112	3.3448448122325756	1.9982189787363436	2.1936969223083773	1.8244608066723138	0.10859885754001869	0.6950326882561195	2.2588562368323886	8.42727134510545	115.13650876392781	43.30922438695945	5.92949762168502	61.14115679503052	0.7241693562456146	4.454183440322054	2.606372580960448	3.5837622988206164	0.28235702960404857	1.6072630915922763	5.451662648508938	0.3040768011120523	7.515040941769293	6.646250081449143	2.975608696596512	4.495992702156774	5.647140592080971	16.68078451814687	3.9747181859646834	1.8244608066723138	0.021719771508003735	0.6298733737321084	0.34751634412805976	0.0	4.82178927477683	11.163962555113919	18.67900349688321	2.3674550943724073	6.233574422797072
19C_frank_quotes	65.1242502142245	11.825192802056554	35.30419880034276	2.3993144815766922	4.730077120822622	76.81233933161953	25.5012853470437	33.04198800342759	9.048843187660669	3.4961439588688945	1.6452442159383034	0.9940017137960583	24.267352185089972	17.343616109682948	3.016281062553556	172.99057412167951	8.946015424164525	1.6795201371036845	25.22707797772065	0.5826906598114824	3.907455012853471	0.5141388174807198	147213956.60668382	15.32133676092545	1.2682090831191088	0.8226221079691517	0.6512425021422451	0.3770351328191945	2.125107112253642	1.062553556126821	3.290488431876607	1.9880034275921166	2.1936589545844045	1.3367609254498714	0.41131105398457585	0.7197943444730077	3.2562125107112254	7.437874892887746	102.07369323050557	41.165381319622966	9.048843187660669	65.02142245072837	0.7212374328604724	4.356552173763854	2.879177377892031	3.016281062553556	0.1713796058269066	2.707797772065124	5.621251071122536	0.27420736932305056	8.157669237360754	7.986289631533847	3.1876606683804627	9.357326478149101	4.353041988003428	20.25706940874036	4.250214224507284	1.6452442159383034	0.06855184233076264	0.41131105398457585	0.13710368466152528	0.0	5.1756640959725795	11.825192802056554	20.01713796058269	2.5021422450728363	9.220222793487574
19C_jane_nonquotes	103.7436313962933	10.835856161854833	9.063722956508897	3.8211622240271725	7.09776268182825	63.455290556006794	1.5783061360112236	52.94247950970982	13.549435132540797	1.5875359964557336	1.9567304142361366	1.495237392010633	14.315513549435133	13.097171970759803	2.9812449235767553	192.36875138447905	7.5500258436092444	0.6830096728937459	20.481060326367867	1.5875359964557336	1.2275714391198405	0.2215166506682419	39641948.082035	15.22926973344163	3.3596692018016685	0.8768367422284575	1.3752492062320019	0.8214575795613971	0.812227719116887	0.07383888355608063	1.8275123680129957	0.16613748800118142	1.2091117182308204	1.3014103226759213	0.5907110684486451	0.6737798124492358	1.864431809791036	9.25755002584361	101.2792586576091	41.534372000295356	5.704053754707228	72.34364616407001	0.7396916430253502	4.297672307592556	1.993649856014177	3.2304511555785274	0.3599645573358931	2.2705456693494797	4.827217012478772	0.6368603706711955	5.75943291737429	4.725688547589161	1.9105811120135863	3.848851805360703	8.879125747618696	17.42597651923503	4.014989293361884	2.648969947574393	0.1753673484456915	1.3290999040094513	0.6645499520047257	0.0	3.7380934800265817	10.235915232961677	14.426271874769252	3.4888872480248097	6.848556449826479
19C_jane_quotes	34.281105061504334	9.754990925589837	65.56261343012704	2.5458761847146603	6.125226860254084	66.8103448275862	45.0947771728171	33.260233918128655	15.804597701149428	2.8735632183908044	3.176043557168784	4.0582778786045575	18.57733413994757	10.032264569469652	1.802278685218794	174.1152450090744	6.931841096995361	0.49153055051421657	35.453216374269005	2.0039322444041137	1.5250050413389795	0.28987699132889694	54130965.06352087	17.56906634402097	0.7814075418431136	0.2520669489816495	0.819217584190361	0.40330711837063926	0.794010889292196	0.21425690663440208	1.663641863278887	0.4789272030651341	0.8318209316394435	0.6427707199032062	1.083887880621093	0.604960677555959	4.297741480137124	8.116555757209115	83.6484170195604	31.470558580358944	8.809739866908652	80.57320024198428	0.7233452079543373	4.003049632773386	1.3107481347045775	2.671909659205485	0.4411171607178867	2.961786650534382	6.024400080661424	0.9326477112321032	5.936176648517847	8.29300262149627	5.331215970961887	14.871949989917322	6.175640250050413	21.690360959870944	3.1634402097197016	0.8444242790885259	4.7010485985077635	1.1090945755192578	0.8570276265376083	0.0	3.3776971163541036	7.398164952611414	17.20356926799758	4.1717080056463	14.304799354708612
19C_mary_nonquotes	88.8478546090675	12.974391369843044	7.114048301666748	4.208173380630741	5.56878371155061	2.9155935662568635	1.4966713640118567	88.28417318625783	9.922736770494193	1.885417172846105	1.603576461441275	1.7882307206375432	18.42655133874338	11.847028524223722	4.208173380630741	197.79386753486563	7.327858496525584	1.1079255551776082	20.282812575926915	1.9437290441712425	1.4383594926867196	0.3693085183925361	41741260.556878366	18.066961465571698	3.547305505612518	0.4956509062636668	1.049613683852471	0.826084843772778	1.0301763934107584	0.320715292288255	3.6250546673793673	0.5831187132513728	1.8756985276252491	1.7590747849749746	0.21381019485883668	1.418922202245007	3.3820885368579616	10.719665678604404	110.38437241848487	44.939015501239126	5.384129452354342	73.03561883473445	0.7413090709439627	4.348724227435232	1.9826036250546673	3.2363088585451187	0.5150881967053792	1.9437290441712425	6.560085524077944	0.5345254871470917	5.121726031391224	6.3754312648816756	2.0700714320423734	4.703824286894407	8.202536566402644	17.58102920452889	3.77083434569221	1.7299188493124058	0.5831187132513728	0.7774916176684971	0.6997424559016473	0.009718645220856213	3.615336022158511	8.542689149132611	14.198940667670927	2.5365664026434716	6.82248894504106
19C_mary_quotes	42.28093222400623	8.465917384323456	61.87255712872411	3.1301188796444963	5.741254318104413	66.49475340177428	25.99782675684004	51.05499602653303	17.012925931332003	3.8437211112732936	2.1732431599604274	5.660163155419323	20.48362769425388	2.0110608345902463	2.5300442757748263	165.4259718775848	6.876530595695681	0.35680111581439855	37.447898927974826	2.4651713456267537	0.6487293014807246	0.08109116268509058	2.5138260432378083	18.975332068311193	1.2974586029614492	0.421674045962471	0.3405828832773804	0.5352016737215979	0.7784751617768695	0.11352762775912681	1.0217486498321413	0.25949172059228987	0.19461879044421737	0.37301934835141665	0.29192818566632606	1.1677127426653042	6.1791465966039025	12.212329100374642	73.11179227687767	23.824583596879613	6.892748828232699	89.68682592971018	0.7260301098603125	3.6899277287883145	0.6000746038696704	2.3192072527935905	1.0055304172951232	2.3354254853306085	8.271298593879239	1.8488785092200652	4.589759807976127	11.0121798926353	4.249176924698746	18.391475696978542	7.590132827324478	28.625180427836973	2.4489531130897353	0.7946933943138877	33.960978932515935	1.540732091016721	1.2488039053503948	0.0	3.4869199954588947	5.076306784086671	22.056796250344636	3.8599393438103116	16.86696183849884
19C_mill_nonquotes	82.93679231761503	13.92432277483159	9.380822703167551	3.33237781281353	4.837322631503512	3.1532177153504373	1.662605704457503	71.76436863981654	10.935932349147198	1.770101762935359	2.938225598394726	1.3974487602121255	19.585781854665328	16.439730543213415	4.178013472839329	209.8538053604701	7.445893650566146	1.0247957574888922	24.215278773111653	2.579905403468539	2.393578902106923	0.6521427547656586	30779466.69055468	16.525727389995698	4.650996130141895	0.3224881754335674	1.0391285652859394	0.6019779274759925	2.4652429410921597	0.2436577325498065	4.307008743012757	0.5876451196789451	1.7342697434427403	1.7557689551383115	0.6019779274759925	0.6449763508671348	2.9955568295829154	9.703310878601119	118.98380392718934	53.927189336390995	6.0126128708614015	69.8796044145048	0.7354488691449527	4.4263445952296605	1.5981080693707896	2.8880607711050597	0.4228178300128995	3.146051311451913	5.539630213558836	0.28665615594094884	8.019205962448043	4.894653862691702	2.6300702307582053	4.959151497778415	14.361473412641537	15.730256557259567	2.6300702307582053	1.7772681668338828	0.7381396015479432	0.4228178300128995	0.5876451196789451	0.0	3.9271893363909984	6.793750895800487	12.139888204099183	2.6659022502508245	7.582055324638096
19C_mill_quotes	24.37303224405602	10.46303332971447	74.08261860818587	2.958419281294105	5.645423949625448	72.98338942568668	42.27282596895017	31.809792639235695	18.781891217023123	4.736184996200195	6.079687330365867	6.161111714254695	18.67332537183802	4.6547606123113665	2.795570513516448	162.7537726631202	7.450331125827814	0.29855607425903813	39.422972532841165	4.179785039626534	1.0178047986103573	0.24427315166648572	1.8863315600911954	20.24753012702204	0.705677993703181	0.23070242101834762	0.29855607425903813	0.2849853436109	1.0856584518510477	0.3392682662034524	1.0856584518510477	0.24427315166648572	0.12213657583324286	0.18999022907393334	1.411355987406362	0.6378243404624905	7.4096189338834	12.566496580175876	71.01563348170666	26.13722722831397	8.088155466290305	82.7136033004017	0.7105400332416434	3.730065387532014	0.8549560308327	2.388448594072305	0.3664097274997286	3.229833894256867	6.405384865921182	1.302790142221257	4.912604494625991	10.300184561936815	7.151775051568777	18.30691564433829	6.3646726739767665	24.9701443925741	2.0356095972207147	0.6378243404624905	43.08706980783845	1.0449462599066335	1.2213657583324287	0.0	3.3926826620345243	5.089023993051786	17.88622299424601	4.111931386385843	19.85397893822603
19C_native_nonquotes	97.2870127339622	14.017673960136165	5.34115786216145	5.925705181840064	5.547468680871548	1.6619482618313524	0.8710901234426398	71.7732414868133	11.20955448324871	2.8654280376402625	2.0401847627998673	1.3066351851639597	18.934748472726856	13.62797574701709	4.1491397985031	211.42274232924916	8.561898976469106	1.2951734730133988	21.754329661764874	1.593177988927986	2.2579572936605268	0.5157770467752474	49227674.361296095	13.937441975082237	3.8511352825885132	0.4355450617213199	1.2607883365617156	1.0774009421527386	0.8023198505392736	0.41262163742019786	4.90561280044013	0.7564730019370294	1.7077951104335964	1.971414489896501	0.21777253086065995	1.352482033766204	1.822412231939207	8.481666991415178	125.49428633649296	44.517289992779126	5.1577704677524725	68.67857920616181	0.7370831023650944	4.5028549676437	1.9141059291436955	3.5072839180716815	0.3323896523662705	1.375405458067326	4.561761435923298	0.19484910655953785	6.063245727646796	4.882689376139008	1.0315540935504948	2.9800451591458734	13.5362820498126	13.799901429275506	3.0488154320492398	2.07456989925155	0.0916936972044884	0.676241016883102	0.447006773871881	0.0	3.908443843341318	6.1549394248512845	11.186631058947585	2.0860316114021114	5.707932650979403
19C_native_quotes	33.80711193676721	16.193764349182427	68.84102420301792	3.172155137664523	7.8339963897018885	74.50183143763472	38.889570444627495	34.718449324383535	18.85767363606092	6.747401812159344	5.152561383830772	6.204104523388072	22.538074624511474	3.3999894845686045	1.9628805271736274	137.4016369021539	5.801012986557773	0.4206172558229201	39.27513626246517	3.5051437985243346	3.067000823708793	0.5257715697786501	1.2969032054540037	20.084473965544436	0.5257715697786501	0.17525718992621672	0.4206172558229201	0.28041150388194674	1.384531800417112	0.3329886608598118	1.9453548081810057	0.3855658178376768	0.12268003294835171	0.3329886608598118	1.2618517674687604	0.963914544594192	6.169053085402829	8.552550868399376	76.32450621286738	23.27415482220158	8.254613645524808	101.22855290138277	0.7221585697069786	3.744200660729675	1.016491701572057	4.013389649310363	0.4556686938081635	2.786589319826846	7.02781331604129	1.8927776512031407	6.344310275329046	11.461820221174575	6.764927531151966	17.15767889377662	6.554618903240506	27.620533132371754	3.0845265427014144	1.0865945775425436	17.367987521688075	1.3144289244466254	1.1917488914982737	0.03505143798524334	3.995863930317741	2.839166476804711	17.40303895967332	3.259783732627631	21.433954327976306
19C_persuasion_nonquotes	79.55374070293131	17.281610033542368	2.862038792474843	2.570366049292694	5.541782120460843	0.5468863934665306	0.21875455738661223	80.72043167565991	12.195566574303632	1.5312819017062855	3.882893393612367	2.2604637596616595	15.20344173836955	20.034271547323904	4.010500218754557	189.13154440717514	11.429925623450488	1.458363715910748	28.966749307277237	2.38807058480385	2.7891206066793055	0.45573866122210877	78295302.53755286	22.495260317923293	2.2969228525594283	0.309902289631034	0.8385591366486802	0.32813183607991836	0.5104273005687618	0.10937727869330612	3.208400175003646	1.1666909727285986	1.0026250546886393	1.9323319235817413	0.21875455738661223	1.5130523552574011	1.348986437217442	9.169461863788829	111.65597199941665	41.72743182149628	6.289193524865102	81.86889310193962	0.7370720944343236	4.530301361817715	3.0807933498614553	4.739682076709931	0.29167274318214964	6.198045792620679	8.786641388362257	0.29167274318214964	3.463613825288027	9.096543677993292	4.283943415487823	3.64590928977687	8.330902727140149	19.578532886101794	3.4453842788391422	2.2604637596616595	0.07291818579553741	0.5286568470176461	1.604200087501823	0.0	5.687618492051918	7.5288026833892365	13.909143940498762	3.9011229400612515	9.114773224442176
19C_persuasion_quotes	33.75671881954192	14.002533465712622	58.85172378376528	2.122633434900202	4.895751309527886	61.96720188982847	25.81396145023794	44.267177924612284	15.543154507172446	3.7659625457906807	5.683179841829573	5.066931425245643	17.665787942072647	8.182409531308844	2.4307576431921665	161.4913211681331	8.559005785887912	0.7531925091581362	40.84357561025712	2.6019377589099246	2.3622855969050636	0.5820123934403779	147042598.61686468	20.16501763155192	0.6504844397274812	0.34236023143551647	0.3765962545790681	0.34236023143551647	0.8216645554452394	0.5820123934403779	2.70464582834058	0.7189564860145846	0.3081242082919648	1.3694409257420659	0.479304324009723	0.9243726248758944	4.519155054948817	8.011229415591085	89.492964497244	31.942209592933686	8.969838063610531	93.94364750590572	0.7285061481071838	4.0255412894564735	2.2595775274744083	3.5263103837858196	0.5820123934403779	8.661713855318565	9.517614433907356	0.5477763702968264	4.519155054948817	12.119552192817281	7.9769933924475325	12.633092539970557	7.189564860145845	29.066383648875348	3.7317265226471292	1.3009688794549623	0.5477763702968264	1.4379129720291692	1.6775651340340305	0.0	4.895751309527886	4.929987332671437	16.672943270909652	3.834434592077784	16.50176315519189
19C_pride_nonquotes	93.18165244658354	13.16998468606432	2.5085685116312986	2.6252461168234524	5.381754539488077	3.033617734995989	1.1230219499744767	97.04659811857363	10.996864289360461	1.0646831473784002	3.0919565375920657	1.5897323707430904	18.49340042295632	23.0438270254503	3.2232188434332385	191.14708670604534	11.653175818566323	2.0418580908626853	26.033690658499236	1.7501640778823015	3.4857434551155837	0.7438197330999782	62640809.144607306	20.112302194997447	1.648071173339167	0.33544811492744114	0.6271421279078246	0.3646175162254795	0.8021585356960549	0.2771093123313644	3.529497557062641	1.2542842558156493	1.7355793772332824	1.2834536571136879	0.20418580908626852	2.1293662947568004	1.210530153868592	9.9613505432801	117.82979654342594	32.436374243418655	6.92773280828411	77.95522496900752	0.7398045415771832	4.609372475878578	3.7920221687449867	3.8066068693940056	0.24793991103332605	4.3316560927586965	7.934077153066434	0.17501640778823013	4.1274702836724275	7.948661853715452	2.756508422664625	3.9816232771822357	13.111645883468242	18.755925034638665	3.9816232771822357	1.648071173339167	0.014584700649019178	0.9480055421862467	0.8021585356960549	0.0	6.329760081674324	5.060891125209655	14.55553124772114	3.8941150732881207	8.196601764748777
19C_pride_quotes	27.599167234740314	12.915231129207584	64.31821950365716	1.8792490373454687	4.18225030860217	65.95795640879194	32.97897820439597	46.33638557768484	16.489489102197986	2.9294176170385247	5.471931020505924	4.274370359452439	20.1374431158686	13.30213534277871	2.8004495458481493	144.1310315603294	9.469941227407556	0.9027764983326271	41.60141496398106	2.818873556018203	3.408441881459918	0.9948965491828953	79130520.8283435	21.648211949812996	0.38690421357112587	0.11054406102032167	0.22108812204064335	0.1289680711903753	1.2528326915636456	0.38690421357112587	2.100337159386112	1.1238646203732703	0.6264163457818228	0.9948965491828953	0.8843524881625734	1.1422886305433242	5.2508428984652795	8.954068942646055	89.09851318237928	30.454888811098627	9.672605339278148	96.72605339278147	0.7335644922164428	4.093471947316821	2.5977854339775597	2.9846896475486853	0.7001123864620373	6.927427823940159	10.206901634209702	0.5342962949315548	4.845514674724101	12.786263058017209	7.5906921900620885	14.112791790261069	7.572268179892036	27.967647438141388	4.38491442047276	1.1791366508834313	0.3132081728909114	0.8659284779925199	1.0870166000331631	0.018424010170053615	6.264163457818229	4.071706247581849	16.507913112368037	3.7953460950310443	18.258194078523132
19C_sybil_nonquotes	92.64337665434601	13.126375234399559	10.947678766922834	1.7017678875315694	3.5878036354964937	4.0972500731651795	1.2681964512177937	58.09857246604594	9.213393021667732	1.9835893211355236	1.8210000325178577	0.6503571544706634	20.356178934931766	16.974321731684316	2.558071474251276	240.24193286146308	8.823178728985335	1.2031607357707272	20.49708965173374	2.460517901080677	1.6150536002688143	0.5094464376686865	46554372.11268522	10.969357338738524	1.9293928915963017	0.9105000162589288	1.3549107384805488	0.7262321558255742	2.4171607574492993	0.44441072222162004	5.7556608170653725	1.0622500189687505	2.7206607628689423	1.3765893102962377	0.18426786043335464	1.495821455282526	1.3982678821119263	6.026642964761481	117.67128781555871	52.592215224860986	4.6500536544652435	53.17753666388458	0.7033514319290215	4.6642718172233515	2.135339323845345	3.165071485090562	0.2709821476961098	2.579750046066965	4.454946508124045	0.2601428617882654	6.4385358292595685	3.8045893536533812	1.4307857398354595	2.568910760159121	22.838375407828135	8.768982299446112	3.078357197827807	1.5716964566374367	0.4660892940373088	0.3360178631431761	0.2818214336039541	0.0	4.053892929533802	8.920732302155935	11.684750208656254	2.2870893265551664	5.7014643875261495
19C_sybil_quotes	26.69197461296637	12.560056942879173	74.61889791802598	1.0380212349486921	4.62660893291417	61.80675010380212	28.367637463669258	35.30755086304051	14.962334658046148	5.130790675603535	4.40417581113945	4.211400438934694	21.264606441663208	9.623939735452874	1.927753722047571	185.701998932321	6.925084524586274	0.6821282401091405	39.80069992288985	3.3216679518358143	2.268817842102141	0.3855507444095142	63689530.54748206	14.784388160626373	0.3707218696245329	0.1038021234948692	0.4596951183344208	0.3707218696245329	2.0315558455424405	0.5190106174743461	3.2920102022658524	0.5486683670443087	0.9935346105937483	0.6376416157541965	0.4448662435494395	0.9045613618838603	4.982501927753722	5.605314668722937	85.91850050418175	30.96269055104099	6.717480277596536	75.99798327302925	0.7209544422900566	4.046840762419331	1.3345987306483182	3.1437214544160392	0.43003736876445814	3.840678569310161	6.257785159262115	1.275283231508393	8.8083516222789	9.149415742333472	6.406073907111928	15.006821282401091	6.509876030606798	22.169167803547065	3.099234830061095	0.43003736876445814	8.363485378729461	1.5422029776380568	0.5486683670443087	0.0	3.7072186962453286	4.033453941514917	18.817842102141288	4.3448603119995255	15.392372026810605
19C_vanity_nonquotes	78.07653351902259	10.409413179717667	13.669525859340382	2.6389504336266376	2.951509780338039	6.662657466607584	2.0890042413116414	71.08153446856997	7.08599734126733	1.4361904159017536	1.839748053427866	1.1869342280179782	21.997847692599862	12.075077546369565	2.433215167436855	239.38089510666583	7.738811166677217	0.90602646072039	20.30053174653415	1.5113629170095588	2.16022029499272	0.4352092169399253	16992807.162752423	14.041431917452682	2.907988858644046	0.36003671583212005	0.8506361967462176	0.7121605368107868	0.47477369120719126	0.1899094764828765	4.787301386339179	1.4994935747293792	3.097898335126923	1.5944483129708173	0.15034500221561056	0.8268975121858582	1.6142305501044503	7.766506298664304	114.63015129454959	48.96894980059505	3.9564474267265934	59.75422548585174	0.7362816767254801	4.439285985750119	1.4401468633284802	2.1879154269798065	0.25321263531050203	3.699278343989365	5.190859023865291	0.2888206621510413	7.501424321073621	3.766537950243717	1.8872254225485852	4.007881243274039	10.263024624928784	12.106729125783376	3.1770272836614546	0.613249351142622	0.8189846173324048	0.45103500664683166	0.47873013863391783	0.0	2.425302272583402	9.982116857631196	12.403462682787872	1.81205292144078	5.808064822434639
19C_vanity_quotes	28.46356453028973	9.991220368744512	69.55223880597015	1.9666374012291483	3.2133450395083405	64.44249341527656	37.559262510974534	41.31694468832309	13.028972783143107	2.7568042142230023	3.617208077260755	3.880597014925373	22.423178226514487	4.916593503072871	1.6681299385425814	210.35996488147498	5.5311676909569805	0.456540825285338	37.664618086040385	2.633889376646181	1.9490781387181737	0.2633889376646181	75416457.38366988	14.187884108867427	0.43898156277436345	0.05267778753292362	0.33362598770851626	0.1755926251097454	0.5794556628621598	0.3160667251975417	2.4231782265144863	0.8428446005267779	0.8077260755048288	0.5267778753292361	0.5618964003511853	0.6145741878841089	3.9508340649692717	6.040386303775241	78.85864793678665	30.219490781387183	6.532045654082529	72.44951712028094	0.7282190483130454	3.925587823462021	0.4916593503072871	2.4231782265144863	0.42142230026338895	3.125548726953468	5.8121158911325725	0.6321334503950834	6.830553116769096	7.42756804214223	4.793678665496049	15.04828797190518	5.706760316066725	18.858647936786653	3.1957857769973663	0.5443371378402106	24.372256365232662	1.1237928007023705	0.7199297629499561	0.0	2.5812115891132574	5.3731343283582085	14.398595258999123	2.66900790166813	16.24231782265145
19C_wh_nonquotes	105.16008427049641	8.1748316073707	9.39141271772351	3.2343253909379546	3.44203436099819	50.235898044568415	2.477671285718525	82.60882466395655	11.602029613364587	1.5429809204474645	1.7951989555206078	1.4094537254087416	12.165811103528085	13.4120649238895	2.922761935847601	182.88774813803747	6.097741906768346	0.43025429512477376	17.10631731996083	1.231417465357111	1.661671760481885	0.2522180350731432	63721659.31278004	18.871843565472833	6.780214236966263	0.5637814901634967	0.6379632651850093	0.9050176552624551	1.0830539153140857	0.44509065012907634	1.3946173704044391	0.35607252010326107	0.6527996201893119	0.8011631702323374	0.41541794012047123	0.9940357852882703	2.477671285718525	9.317230942701997	98.94365152369366	36.86834218569182	5.474614996587638	66.60039761431412	0.7658557613014242	4.423600922238524	1.8248716655292128	2.56668941574434	0.20770897006023561	1.9435625055636332	3.8871250111272664	0.41541794012047123	3.694252396071333	5.266906026527403	2.2847986706625916	5.296578736536008	12.625738108661464	16.913444704904897	5.281742381531705	1.5133082104388593	3.471707071006795	2.373816800688407	0.47476336013768133	0.0	2.240289605649684	7.121450402065221	17.892644135188867	3.0266164208777186	8.011631702323372
19C_wh_quotes	35.84643848288622	9.71322849213691	63.40579710144928	2.2741288930003085	5.916589577551649	70.63290163428924	42.34119642306506	52.01588035769349	15.013105149552883	3.469010175763182	3.700277520814061	4.432624113475177	15.47563983965464	6.514030218933087	2.139222941720629	155.48874498920753	6.494757940178847	0.26981190255935866	35.923527597903174	1.561054579093432	1.98504471168671	0.46253469010175763	1.3683317915510331	19.253006475485662	1.4646931853222327	0.2505396238051187	0.3083564600678384	0.38544557508479804	0.7130743139068764	0.3469010175763182	0.9443416589577551	0.21199506629663892	0.21199506629663892	0.2505396238051187	1.3105149552883133	0.8479802651865557	6.1285846438482885	8.460530373111316	76.27967930928153	23.743447425223557	9.462688868331792	83.91150169596052	0.7395980360849369	3.950939186901181	1.5417823003391922	3.0450200431699046	0.13490595127967933	1.9465001541782299	5.839500462534691	1.349059512796793	5.993678692568609	8.749614554424914	6.167129201356769	21.25732346592661	5.78168362627197	19.59990749306198	2.9679309281529447	0.6938020351526364	28.176071538698736	1.1177921677459142	0.5396238051187173	0.0	2.8330249768732654	4.644619179771817	21.70058587727413	3.0257477644156645	19.58063521430774
19C_wwhite_nonquotes	82.3386377452178	15.430327752433003	12.737406046006921	3.6303311611946576	6.107364629552827	58.789775987546655	0.9203656465000539	55.01173182135816	10.567161126482102	1.2612418118704443	2.0452569922223423	1.4998551276297176	18.40731293000108	14.606543686121228	2.84063471141992	193.31087338154836	7.584494679491185	0.8635529522716556	19.18564684093014	1.5055363970525575	2.266826499713096	0.42041393729014814	24400863.00186914	18.680013862297393	2.340683002210014	0.49427043978706603	1.0851224597624094	0.5113142480555856	1.238516734179085	0.6590272530494213	3.1587857990989505	1.488492588784038	1.9770817591482641	1.2896481589846436	0.24997585460495292	0.3067885488333513	2.6645153593118844	9.55589516921661	123.41421567234984	44.791128129669296	4.323446030781118	67.07306680604715	0.7178209336564028	4.329039276308256	1.698699557429112	2.6304277427748457	0.13635046614815613	1.8975439872285065	5.164273905361414	0.3067885488333513	6.817523307407807	5.863070044370715	1.874818909537147	2.545208701432248	10.94780617781237	16.390462284892937	4.232545720015681	1.380548469750081	0.22156950749075374	0.9885408795741321	0.3863263207531091	0.0	4.562059346540392	6.70389791895101	9.669520557673406	2.8122283643057204	4.9483856672935005
19C_wwhite_quotes	30.417122113814557	12.469130804420875	64.77470547751103	2.69894606156296	5.478860504972808	70.83383938571988	40.40322254159751	36.07141411278896	14.965655911366612	2.4290514554066633	4.0619138226522535	3.886482328650662	20.377042764800347	9.459805945778175	2.1726515795581824	177.05086163853014	6.167091750671363	0.4993050213891475	30.579058877508334	2.4425461857144786	2.4965251069457377	0.4453261001578883	57959425.07050997	20.40403222541598	0.5262944820047771	0.12145257277033318	0.5802734032360364	0.2159156849250368	1.01210477308611	0.5262944820047771	2.348083073559775	0.8771574700079618	0.4453261001578883	0.7152207063141843	0.796189088161073	0.1754314940015924	6.396502165904214	7.476080590529398	97.4724370133463	29.998785474272296	6.69338623267614	74.43693237790643	0.7048061091706487	4.016880061282556	0.9176416609314062	2.4965251069457377	0.20242095461722198	2.4560409160222934	6.086123368824474	0.5937681335438512	7.408606938990324	8.893027272849952	3.6435771831099957	10.485405449172099	9.540774327625062	24.762830114840153	4.385787350039809	0.5532839426204068	7.34113328745125	1.2415151883189615	0.6207575941594807	0.0	3.063303779873959	4.885092371428957	12.860477983347502	3.68406137403344	11.888857401184838
DNov_BH_nonquotes	61.15633575057377	10.279761604815548	39.29580884407654	3.69686613863019	4.952059846170056	35.92877462859551	0.8291608068055321	61.641921637432254	13.46813686192411	1.8873715602424266	3.0463642901971206	2.0568685207496347	17.412376942916172	11.223447384936758	2.7944093489026214	205.8288630418749	7.132615338100627	0.7879318164118867	22.149129839252748	2.079773515412771	2.253851474852606	0.6596638462983239	19675239.56333918	15.341765425368655	4.810048879258611	0.4580998932627249	0.7604458228161233	0.9482667790538405	1.0765347491674035	0.3848039103406889	2.3683764481682874	0.40312790607119786	1.8232375751856449	1.3147466936640204	0.27944093489026217	1.04904875557164	2.8218953424983853	9.881214697676976	113.35223758892863	46.368871196053014	4.548931940098858	72.7462630501207	0.7150095668412424	4.308658303916237	1.694969605072082	2.2355274791220974	0.4214519018017069	3.59608416211239	6.101890578259495	0.49016688579111556	5.685019675390416	4.878763863248019	1.6720646104089458	3.000554300870848	16.537406146784367	16.065563256723763	2.9455823136793207	2.075192516480144	0.8062558121423957	0.9253617843907043	0.5313958761847608	0.0	3.490721186661964	7.934290151310395	12.24042914798001	2.2217844823242157	6.0377565932027135
DNov_BH_quotes	24.807485767635146	11.638599717809583	75.57368188295416	2.2322525393627553	5.671886955361969	73.29229170907712	36.6917736580161	31.251535551078568	20.55357055111367	5.215608920586563	4.576819671900995	5.706985265729307	20.293843054395364	7.665470984226819	2.0286823392321893	167.65058930063105	7.81990354984311	0.5756122900243582	40.18054570852959	2.239272201436223	2.0848396358199315	0.6738875590529072	0.32290445537951806	18.2160230806489	0.8002414763753273	0.1544325656162912	0.43521904855500254	0.31588479330605024	1.1933425524895231	0.421179724408067	1.7268368700730745	0.5124353313631482	0.8844774212569407	0.7581235039345207	0.9125560695508118	0.6949465452733106	5.524474051819145	7.209192949451413	84.29912184027461	30.009055364074772	7.9181788188716595	87.3105568697923	0.6920953695913339	3.9302016412998175	1.48816835957517	1.8040531528812205	0.5405139796570193	4.21179724408067	7.335546866773833	1.8321318011750913	7.7777855774023035	9.027285426479569	4.647016292635672	11.81409126964628	7.9673164533859335	25.067213264353455	3.657243940276715	0.6387892486855683	18.02649220466527	1.2775784973711366	1.0459296489466996	0.0	3.1588479330605024	4.941842099721319	16.18734074141671	3.1237496226931634	16.826129990102277
DNov_BR_nonquotes	92.52493620969612	10.594989561586639	4.337740663419161	3.926003247506379	4.703085131060079	1.571561122709348	0.5973092090002319	74.4606819763396	11.285084667130596	2.569009510554396	2.116678264903735	1.6005567153792624	18.139642774298306	11.122709348179077	2.696590118302018	206.94154488517745	8.240547436789608	0.9916492693110648	17.165390860589188	1.8847135235444212	1.577360241243331	0.2899559266991417	24907020.523080494	13.894688007422872	6.384829505915102	0.6553003943400604	0.8872651356993736	0.7132915796798887	0.8176757132915797	0.19717003015541637	4.621897471584319	0.3653444676409186	2.2906518209232196	2.1282765019717003	0.14497796334957086	1.4961725817675713	2.1398747390396657	11.19229877058687	120.1345395499884	48.405242403154716	4.105775922059847	66.4231036882394	0.7343931080726852	4.449721451714412	1.675945256321039	1.8383205752725587	0.48712595685455806	3.0735328230109022	5.230804917652517	0.4001391788448156	7.707028531663187	3.6186499652052886	1.0554395731848758	3.044537230340988	12.125956854558106	11.105311992577128	2.5806077476223614	1.8093249826026443	0.7364880538158199	0.7132915796798887	0.806077476223614	0.0	3.3112966829041985	10.815356065877987	10.310832753421481	2.86476455578752	4.065182092321967
DNov_BR_quotes	26.038394415357764	11.611401977894124	75.22978475858056	2.5247236765561376	5.08435136707388	68.760907504363	42.990110529377546	33.69400814426993	16.78883071553229	6.364165212332752	4.130308318789995	6.375799883653286	23.083187899941827	6.689936009307737	1.966259453170448	162.35020360674812	6.957533449680047	0.4421175101803374	39.360093077370564	2.6527050610820244	2.0826061663757995	0.33740546829552065	0.04653868528214078	15.660267597440374	1.0354857475276322	0.15125072716695753	0.2326934264107039	0.30250145433391507	1.2216404886561956	0.2559627690517743	2.164048865619546	0.5584642233856894	0.9191390343222804	0.9191390343222804	0.5584642233856894	1.0005817335660268	6.4223385689354275	7.969749854566609	81.29144851657941	31.44851657940663	7.260034904013962	83.28097731239093	0.7132774749955418	3.868001052833078	0.9307737056428156	1.6870273414776031	0.6050029086678301	3.408958696916812	6.29435718440954	1.0471204188481678	8.598022105875508	8.144269924374637	4.176847004072135	14.264107038976148	6.073298429319372	23.397324025596276	3.118091913903432	0.477021524141943	22.734147760325772	1.3961605584642234	1.3263525305410122	0.0	2.559627690517743	6.445607911576499	13.915066899360093	4.618964514252473	16.16055846422339
DNov_DC_nonquotes	96.68352778004406	11.854450518071305	11.768785183976503	3.859019335889696	4.703434771967039	67.9162927306845	0.5384678143101901	53.57346822224035	13.19654075222322	2.104919637758016	3.3205515215795054	2.3292812270539285	19.091131598270376	10.075875010198253	2.65154605531533	186.12629517826548	6.8573060292078	0.7179570857469202	22.778820265970467	1.9662233825569062	2.308884718936118	0.3304234315085257	17520466.464061353	15.587011503630578	4.915558456392265	0.3956922574855185	0.5466264175573142	0.6975605776291098	1.1014114383617526	0.3997715591090805	1.9499061760626581	0.3181855266378396	1.8887166517092273	2.0110957004160888	0.29370971689646735	0.8852084523129641	3.353185934568002	10.736721873215306	114.88129232275435	39.34078485763237	4.780941502814718	72.15876641918904	0.7139542542709127	4.1798956567427	1.7826548094966141	1.8764787468385413	0.4935954964510076	3.48780288814555	5.706942971363302	0.4935954964510076	6.302521008403361	5.001223790487069	2.0396508117810233	3.0880313290364687	16.884229419923308	18.777025373256098	2.920779962470425	1.7092273802724973	1.431834869870278	1.3502488373990373	0.9586358815370809	0.004079301623562046	3.4062168556743084	5.6294362405156235	14.261238475972913	2.321122623806804	5.894590846047157
DNov_DC_quotes	26.82258202689968	12.807333161997773	73.7685256575002	2.5443330763299925	4.840229589651332	75.4047802621434	36.09183586053285	34.62691681658528	17.895999314657757	4.197721237042748	4.454724578086181	5.3285359376338555	21.091407521631112	8.626745481024587	1.807590165338816	166.21262743082326	7.101858990833547	0.4454724578086182	44.20457465947057	2.8184699734429883	2.3729975156343697	0.6168080185042405	0.6510751306433651	18.915445900796712	0.9766126959650475	0.2827036751477769	0.4626060138781804	0.31697078728690137	1.1736485907650134	0.35980467746080697	1.584853936434507	0.5482737942259915	0.7281761329563952	0.6596419086781462	0.796710357234644	0.6425083526085839	6.5878523087466805	8.198406579285532	81.79559667609013	29.32408121305577	8.789514263685428	86.027585025272	0.696183056589804	3.9335249160356485	1.1565150346954511	1.8161569433735971	0.5654073502955538	3.966418230103658	7.427396556155229	1.4049515977041034	6.073845626659813	9.175019275250579	5.294268825494731	12.670264713441275	7.675833119163883	25.623233102030326	3.435277991947229	0.5996744624346784	20.200462606013875	1.2935834832519488	1.2935834832519488	0.0	3.246808875182044	5.037265484451297	15.385933350466889	3.2296753191124816	17.31345840829264
DNov_DS_nonquotes	82.32956464720726	10.193335585272319	12.49826137063604	4.045542154310807	4.983408508355356	3.1156238202157884	1.4465396308144733	76.49174399427743	12.692987859399526	1.9671349375086933	2.3804319748842566	1.6372921096031952	17.449877799193278	13.114232916724621	2.7977030222345856	218.2883939038687	6.580960518210901	0.9219703141454885	18.34403004351541	2.0823812267768793	1.6929282492499056	0.2821547082083176	17068240.745524272	13.316907425437638	5.7503924334850085	0.7033997655334114	0.7232698154072367	0.9458143739940787	1.7883044886442665	0.2503626284101973	2.9169233214775367	0.27818069823355257	2.1658354362469447	1.4942277505116537	0.09935024936912591	0.9458143739940787	2.984481491048543	10.344347964313389	118.93019651479325	46.44425457507898	4.327696862519124	67.42702724183839	0.7182670586541552	4.435217622824473	1.9273948377610428	2.141991376398355	0.30599876805690784	3.0560136705943135	4.983408508355356	0.4172710473503288	6.497506308740835	4.180658493452819	1.1524628926818608	3.5249468476165875	14.55679853756433	13.038726727204086	2.817573072108411	1.8956027579629224	1.422695570965883	0.7669839251296521	0.8265940747511277	0.003974009974765037	3.28253223915592	9.251495221253005	11.743199475430684	2.753988912512171	5.190057027043138
DNov_DS_quotes	23.5226310765296	12.004466778336125	74.87257073899966	2.962842888276508	5.466400100862736	73.71084814754778	39.435528898975164	29.74550170205868	16.516273121881813	4.7189351776805175	5.214243259307289	4.944075214783595	23.81981592550566	7.834873291187119	1.7290754849516399	170.73719853749031	7.46564363033807	0.45028007420615623	41.96610291601376	3.6382629995857423	3.02588209866537	0.5673528934997568	0.7924929306028349	17.804074134111417	0.7474649231822194	0.24315124007132435	0.37823526233317123	0.2521568415554475	1.1076889825471443	0.39624646530141744	1.810125898308748	0.5673528934997568	1.170728192936006	0.6934313142774805	0.5673528934997568	0.8645377424758199	6.62812269231462	7.699789268925271	81.14046937194935	27.908358999297562	8.105041335710812	90.41623890059617	0.6993933238728911	3.9053708439897696	1.0446497721582826	2.278417175483151	0.41425766826966376	4.58385115541867	7.600727652599917	1.1977449973883756	6.682156301219359	9.617982385043497	4.385727922767962	13.247239783145115	7.429621224401578	25.756020244592136	4.070531870823652	0.5493416905315106	20.388681760054755	1.1527169899677598	1.5399578537850545	0.0	3.323066947641433	5.772590551322923	14.462995983501738	3.980475855982421	16.453233911492948
DNov_ED_nonquotes	55.044702197782186	10.233252608386897	34.83311786449134	3.514266465157778	5.844971685573299	1.9119066261221072	0.9286403612593092	69.93936524700013	14.25736084051057	1.7116116462426483	2.5310002002949803	1.2381871483457456	13.110216864837305	11.762777909284582	3.459640561554289	230.0660973433602	7.993590560643858	1.056100803000783	16.93403011708152	1.5841512045011745	1.8936979915876109	0.4734244978969027	78205489.10213223	12.054116061836522	5.025583131520967	0.6008849396383765	1.1835612447422568	1.074309437535279	1.074309437535279	0.2731295180174439	1.547733935432182	0.2549208834829476	1.5113166663631894	1.0196835339317905	0.2549208834829476	1.201769879276753	3.2775542162093263	10.142209435714415	121.88859957391796	50.692838544037585	3.914856424916695	68.33700540796445	0.7205712450683395	4.520496757885482	2.2942879513465284	2.112201606001566	0.5280504015003915	2.749503814708935	4.570367268158561	0.45521586336240644	6.646151605091134	4.115151404796154	1.3656475900872194	3.295762850743823	13.856770880751654	10.961597989766748	3.131885139933356	1.693403011708152	0.5826763051038802	0.6737194777763615	1.0014748993972944	0.0	3.7873959831752217	8.230302809592308	9.432072688869063	2.330705220415521	4.206194577468636
DNov_ED_quotes	24.33298280795285	10.95595607835465	71.26262502751217	2.44552591034702	5.282335966349564	76.83842410310338	41.451664180382	27.414345454990094	20.54241764691497	4.499767675038517	3.252549460761537	4.744320266073219	19.979946687535154	8.339243354283338	2.3477048739331394	161.2579785282825	7.801227654006994	0.489105182069404	36.1937834731359	2.225428578415788	3.252549460761537	0.7825682913110464	1.0026656232422784	17.730062850015894	0.978210364138808	0.14673155462082121	0.611381477586755	0.3423736274485828	1.0515761414492186	0.44019466386246364	1.0760314005526888	0.5380157002763444	0.9292998459318677	0.7092025140006358	1.100486659656159	0.733657773104106	4.81768604338363	6.920838326282067	85.96023574869776	30.617984397544692	7.16539091731677	90.14208505539116	0.696222670954517	3.9400179051029545	1.687412878139444	1.8830549509672054	0.4646499229659338	3.399281015382358	7.116480399109828	0.7825682913110464	6.0649042576606105	9.977745714215843	4.964417598004451	12.643368956494093	8.216967058765988	24.16179599422856	4.084028270279523	0.8803893277249273	12.10535325621775	1.3939497688978015	1.1249419187596292	0.0	3.1547284243476557	5.5024332982807955	17.46105499987772	3.912841456555232	16.531755153945856
DNov_GE_nonquotes	101.06478569503099	14.421780932698356	4.230688591367898	3.466918261598826	5.481175307754515	65.71420013777818	0.4567646089795429	49.25569832569563	13.822745379938299	2.283823044897715	2.9202983197052745	2.3886542666307244	17.521789918231647	10.00389373109294	2.598316710096744	181.9645370952766	7.5104082427292065	0.8086979962260761	21.071075568334983	1.9917932129271871	3.040105430257286	0.4942043310270464	32160475.843891334	15.20052715128643	4.178272980501393	0.33695749842753164	0.6364752748075598	0.7188426633120675	1.2055590499296134	0.6289873303980591	1.6548357144996555	0.38937310929403657	1.4526612154431364	1.183095216701111	0.32946955401803096	0.9060412735495851	3.6541168718363433	12.602210441189685	116.63222212238296	38.11363704435858	4.343007757510408	71.2403031119897	0.708041628672852	4.166420675321546	1.819570491508671	1.6548357144996555	0.48671638661754574	2.7930032647437626	4.867163866175457	0.4567646089795429	6.229969748704585	4.6200617006619344	2.5084613771827358	3.5567735945128343	14.406805043879356	18.0833857489442	3.017641597028784	1.6323718812711534	0.9434809955970888	1.2205349387486149	1.3777817713481295	0.0	3.83382753766436	6.641806691227124	16.248839368616526	2.471021655135232	5.893012250277054
DNov_GE_quotes	32.29023134382479	11.512800058017259	70.88983972731889	2.1212560736819204	6.87141924722605	63.25694394082239	48.77075930089202	35.51744143882805	20.3241714410037	5.475378925230256	3.5716875770541736	6.744506490680978	22.010298063673943	5.83798680107332	2.066864892305461	158.40525056204223	8.158677206468925	0.4895206323881355	40.63021248821524	3.1546885198346506	2.3206904053956054	0.4895206323881355	1.105954021321343	17.4595692218435	0.9609108709841178	0.25382551309014434	0.2900863006744507	0.32634708825875697	0.8339981144390457	0.3444774820509101	1.3960403219957938	0.6526941765175139	0.4713902385959823	0.8521285082311987	0.8339981144390457	0.543911813764595	5.584161287983175	7.904851693378781	78.34143157589382	25.636376822104577	6.962071216186815	88.78453840017406	0.6765212913373753	3.811255864376367	1.3416491406193343	1.6861266226702445	0.2900863006744507	2.9008630067445065	6.254985858292843	1.7767785916310102	6.998332003771122	9.137718471245195	4.7864239611284365	12.763797229675829	8.122416418884619	25.94459351657118	2.5745159184857496	0.4895206323881355	24.421640438030316	1.4685618971644063	1.214736384074262	0.018130393792153168	3.1365581260424977	5.058379868010734	17.804046703894407	3.172818913626804	17.876568279063022
DNov_HT_nonquotes	91.9138055747136	11.051861321849715	5.8371322354366075	3.683953773949905	4.710077884502161	5.786667115245512	1.5475970191935675	78.97791309906303	13.541473917943714	1.7999226201490401	2.691473076858378	1.715814086497216	16.266590408262825	11.691086177603578	2.338217235520716	217.8747455716857	8.427675071912796	0.7737985095967838	19.950544182212727	1.7831009134186755	1.4130233653506483	0.25232560095547296	72248679.075479	13.575117331404446	5.113798846030918	0.6896899759449594	0.7906202163271486	0.7737985095967838	1.2448062980469998	0.25232560095547296	2.186821874947432	0.3868992547983919	1.7494574999579457	1.1606977643951755	0.26914730768583783	1.0597675240129862	2.943798677813851	9.941628677645634	118.32388514138644	46.74752300368395	3.9362793749053777	68.71667199354046	0.7209645548991662	4.419170606877151	1.6989923797668511	2.1363567547563376	0.40372096152875675	3.061550624926405	6.072636129661715	0.3868992547983919	6.7959695190674045	3.9362793749053777	1.21116288458627	3.532558413376621	14.937675576563999	13.659225865056268	3.1793025720389587	1.715814086497216	1.5139536057328378	0.5214729086413108	0.723333389405689	0.0	3.229767692230054	7.552946321933824	11.65744276414285	2.741938197049473	5.53434151429004
DNov_HT_quotes	26.7478002013746	14.16188766799457	71.2253206671628	2.2326314407039356	5.7566869500503435	71.29098629777175	41.6320098060675	32.39504443374338	16.810401435888455	4.727925403843628	4.268265989581054	5.515912971150899	22.26064877643042	7.792321498927461	1.7510834829050475	164.6675130236834	7.660990237709583	0.5472135884078273	36.22553955259817	2.2545199842402486	2.363962701921814	0.4815479577988881	1.4665324169329772	20.115571509871735	0.91931882852515	0.21888543536313093	0.5253250448715142	0.3939937836536357	1.2476469815698463	0.3721052401173226	1.8167491135139868	0.4158823271899488	1.0068730026704023	0.6128792190167667	0.91931882852515	0.91931882852515	6.08501510309504	8.821083045134177	84.2490040712691	26.288140787112027	7.266996454055947	89.96191393424681	0.6972359353181947	3.9076200534819443	1.7073063958324213	2.320185614849188	0.43777087072626186	3.8961607494637307	7.201330823447008	1.3570896992514119	7.376439171737513	9.499627894759882	4.268265989581054	12.585912533380029	7.420216258810139	26.966685636737733	3.8304951188547913	0.91931882852515	17.379503567832597	0.91931882852515	1.400866786324038	0.021888543536313095	3.8304951188547913	4.59659414262575	14.621547082257146	3.1738388127653985	17.423280654905223
DNov_LD_nonquotes	87.60270716856425	12.662124538808031	5.92136535458023	3.254940129925983	4.590416261119537	6.672853618234908	2.345005545621223	76.75592476063288	14.481993707417551	1.9783154892596029	2.8339256207700494	2.258991828696892	17.062405215147468	12.965436066909618	2.861087847167206	211.95137961474907	7.483193372416759	0.9416238484347766	20.742886891962247	2.0733832816496527	2.2816270173611897	0.46175784875166936	19443477.050182212	15.292333461599403	4.694538128975305	0.6247312071346114	0.8420290183118676	0.8963534711061817	1.294732791597818	0.32594671676588427	2.788655243441454	0.4255415468887933	2.023585866588198	1.2766246406663802	0.33500079223160323	1.0004753389619503	3.073858620611603	9.84178003123656	121.19332714638178	47.88247810045497	4.3866995631408585	66.01326422055729	0.7136770426244662	4.424307405131007	2.0009506779239006	1.8108150931438014	0.3123656035673057	2.5713574322641977	5.328323411575636	0.3893252450259173	7.297584825369519	4.37311844994228	1.4712872631793386	3.9973743181149413	14.020235858665883	13.141990538491138	2.9289934131600988	1.5980443196994045	0.9687860748319338	0.6202041694017519	0.8872993956404627	0.0	3.757441318273388	7.460558183752462	10.49820050250119	2.435546300278413	5.808189411258743
DNov_LD_quotes	25.376207567286016	13.046202928274369	72.2953341309178	2.409030609338249	5.078496960226579	73.57309698789788	38.94328197866054	29.730367621326433	21.290621871719118	4.842477069446819	4.972694940221858	5.39590302024074	21.526641762498883	8.16303277421035	1.7172481708458465	155.04879100845602	7.332893848019467	0.4639011646360818	39.512985163301344	2.124179017017848	2.8159614555102506	0.5697031846408022	0.5534259507939221	20.191908587054716	0.9359409461956035	0.13835648769848052	0.38251499540168143	0.36623776155480137	1.082436050817524	0.48831701540640177	1.904436360084967	0.5778418015642423	0.9929112646596837	0.6266735031048823	0.8952478615784034	0.789445841573683	5.6644773787142615	6.820160981842745	83.49407101757129	29.07927826745123	7.91073564958371	93.66734217187131	0.6875750625347994	3.926805168061645	1.6846937031520863	2.148594867788168	0.4476239307892017	4.248358034035696	7.878181181889949	1.2370697723628847	7.137567041856907	9.400102546573235	4.793645367906178	12.476499743633566	8.366498197296352	27.199257758136582	4.533209626356097	0.6755052046455226	15.74822374685646	1.3347331754441651	1.644000618534886	0.0	3.678654849394894	5.452873338704821	14.844837268354617	3.719347934012094	18.29561084389319
DNov_MC_nonquotes	92.52270201923446	10.828958963944979	5.70903099735622	3.4244607073067934	4.894823556458102	1.4368366604084448	1.1159431395838921	73.18288057013679	13.209318364688302	2.136097168473888	2.5384114333882524	1.7481512701636077	15.790834897888809	13.520632974443465	2.6150427219433694	219.92700869765125	7.457182267519828	0.8237863519675084	19.823556458101844	1.9684662247595694	1.8774665696003678	0.3879458983102801	20570552.497222118	13.673895551553699	5.85750411893176	0.40710372044905935	0.7902601632246447	0.6944710525307483	0.8381547185715927	0.2394727767347408	2.945515153837312	0.3400513429633319	1.9588873136901797	2.025939691175907	0.29694624315107854	1.1255220506532817	2.7730947545882985	10.948695352312349	118.40013027319054	49.89654776045059	3.9991953714701713	67.68937507184184	0.7258515395487783	4.453404050144648	1.6475727039350168	1.978045135828959	0.4502088202613127	3.750143683666041	5.58929460898885	0.3879458983102801	7.763707421740296	4.621824590980498	1.1351009617226713	3.089198819878156	17.926932066362696	12.088585769569717	3.098777730947546	1.6236254262615426	1.1542587838614506	1.0824169508410284	0.7519445189470861	0.0	3.659144028506839	7.562550289283115	9.952488601095828	2.5958848998045903	5.244453810490823
DNov_MC_quotes	25.007284763263872	11.438946212296681	75.02185428979162	2.062148370080917	5.088126956612697	71.77172914129453	39.95786044635052	32.56102390149506	18.761067236497038	6.343347703618472	3.6760036162312	5.103070060743718	21.81693203129086	8.166406407603052	2.1368638907360222	161.0567763241458	6.814055483745639	0.42587846773410243	41.624016556959376	2.9662061700076956	2.4133113171599136	0.5454233007822715	0.13448793717919025	17.04261026142961	1.0983181536300537	0.15690259337572193	0.32127673881695445	0.20920345783429592	0.7695698627475885	0.27644742642389103	2.0173190576878537	0.6126672693718667	0.814399175140652	0.9488871123198421	0.5753095090443138	0.7023258941579935	6.283575287094388	8.158934855537542	82.44110549084361	31.223616081768668	8.263536584454688	90.71958517942933	0.7037442261501605	3.886449478826109	1.300050059398839	2.166750098998065	0.6350819255683983	4.886395050843912	7.381893440724442	1.3598224759229234	6.5749658176493	9.182537488512489	4.46798813517532	13.448793717919024	7.695698627475886	25.440634783063487	3.3024260129556713	0.4557646759961447	23.36354330885155	1.4569526527745609	1.18050522635067	0.0	3.100694107186886	4.609947624420021	13.54592389477066	3.4668001583969037	19.366262953803393
DNov_NN_nonquotes	92.92612362984394	10.976529073794874	5.368566888064871	3.142699971476305	4.17668391671081	1.538242125422762	0.5348192820178478	61.290289719245344	9.260013854366163	2.215679882645369	2.3022696711625446	1.4109042011327981	18.000488977629274	15.616723034921153	3.081577767817122	230.20659304836803	8.154720671529278	0.9524876736889287	17.06837537182674	2.3837659427081213	2.363391874821727	0.37692025589829264	21876484.4240251	14.730451081863004	6.402550833299377	0.6978118251090013	0.9881422924901185	0.7589340287681838	0.6265025875066216	0.1935536449207449	4.747157817529848	0.723279409966994	2.5824131046004646	2.0577808565258136	0.17317957703435066	0.9575811906605273	2.373578908764924	10.752414327044537	113.04551566765821	52.631310867527816	3.3770017521698383	66.89825190497535	0.7290881865779171	4.646469098848831	1.9864716189234344	2.5722260706572673	0.24448881463673036	4.405892180432745	5.954321339798704	0.3208915692107086	6.70816185159529	4.028971924534453	1.3599690314168127	2.8319954362087936	21.051505643616803	11.2312049223748	3.5705553970905832	1.7317957703435067	0.9728617415753229	1.864227211605069	0.9321136058025346	0.0	3.8506988305285033	8.949309319098651	9.789739619412412	2.592600138543662	4.752251334501446
DNov_NN_quotes	27.46330597174331	10.878520643251656	70.10771718897806	2.4182966647340636	5.164627261908395	63.646211589515126	36.022702999603304	36.59485520734796	18.018980195904913	6.5835647371151325	4.80607854505508	5.40874553721278	22.847944829269778	7.331176955234811	2.082634036190534	163.7041896798999	6.659851698147753	0.35092002075005335	39.07418144090812	2.6319001556254005	2.4106679686308015	0.3585487168533154	0.3051478441304812	16.066033993469834	0.9001861401849196	0.16783131427176465	0.4119495895761497	0.251746971407647	1.4265661713099995	0.4500930700924598	2.219950566049251	0.6408104726740105	0.8849287479783956	0.7857556986359892	0.8086417869457753	0.6636965609837966	6.545421256598822	8.1169326538708	77.75929938054988	33.543376766043146	6.61407952152818	89.30151658478533	0.7105292304313173	3.9269120436411518	0.9307009245979677	2.547984498489518	0.40432089347288763	5.4850324982454	7.010771718897805	1.2434774648317108	7.727869152604437	8.521253547343687	5.59946293979433	14.921729577980532	7.407463916267432	25.31964236672668	3.0591071374080743	0.6255530804674865	21.612096060541333	1.4647096518263099	1.3960513868969515	0.0	2.9446766958591435	6.2402734124683406	15.40233743248604	3.234567147783101	17.942693234872294
DNov_OCS_nonquotes	88.1338768394606	10.72270932677024	6.588729938983747	3.858380761934061	4.512126339537508	2.8328975029482644	0.525560170230221	71.07880838845306	11.408501256216992	2.2496538994000925	2.4227041993539458	1.3908116699994875	18.62533969132954	12.773675844741835	2.685484284469056	206.1926370302005	7.312977490642465	0.9165256627185561	18.42665230990104	1.852279136543096	2.3201558734553656	0.3845562221196739	27527603.09311388	15.337383992206327	5.9285750910116395	0.7114290109213967	0.8460236886632826	0.9101163923498948	0.993436907142491	0.19868738142849818	4.127570117417833	0.6024714146541558	2.384248577141978	1.999692355022304	0.22432446290314312	0.967799825667846	2.4227041993539458	10.588114649028354	114.54648002871353	53.741732041224424	4.108342306311849	67.44475208942215	0.7299978079506948	4.453168390193615	2.0701943290775775	1.8843254883864022	0.4742860072809312	3.858380761934061	4.697995180228682	0.43583038506896377	7.043788135158694	3.691739732348869	1.3074911552068913	3.2815464287545506	13.549197559349842	11.889196533866585	2.7559862585243295	1.858688406911757	0.8716607701379275	0.88447931087525	0.8396144182946212	0.0	3.8006973286161103	10.741937137876224	11.100856278521254	3.012357073270779	4.653130287648054
DNov_OCS_quotes	25.861017982322462	11.947576958244438	76.10484608351112	2.758305394696739	7.010057909174032	64.35537945748247	40.91740323072234	36.421822615056385	18.744285278878394	6.400487656202377	4.480341359341664	5.897592197500763	23.879914660164584	5.592807071014934	1.6915574519963426	152.9868942395611	6.20237732398659	0.30478512648582745	43.431880524230415	3.1545260591283144	2.8954587016153615	0.4266991770801585	0.8838768668088998	16.48887534288327	0.9448338921060652	0.15239256324291373	0.30478512648582745	0.28954587016153616	1.752514477293508	0.38098140810728437	1.904907040536422	0.5638524839987809	0.7010057909174032	0.5790917403230723	0.5943309966473636	0.6248095092959464	7.375800060957025	7.467235598902774	73.52941176470588	29.655592807071017	8.41206949100884	94.37671441633648	0.7013004555232261	3.8345782732972222	0.9600731484303566	2.3163669612922893	0.41145992075586707	4.7698872295032	6.507162450472417	1.1581834806461446	7.055775678146906	8.153002133495885	4.891801280097531	16.001219140505945	6.491923194148126	26.226760134105454	2.7887839073453216	0.5790917403230723	29.60987503809814	1.2343797622676014	1.4020115818348065	0.0	2.9868942395611096	6.476683937823834	16.123133191100276	3.2307223407497716	16.97653154526059
DNov_OMF_nonquotes	82.15745820819562	9.065843414260387	14.395731615241354	2.908228609139668	4.899246656935286	3.1151602601746053	1.5995257350268173	71.03907652556165	13.131770719730653	1.795271891411218	2.1476149729031393	1.8120501333870238	13.89797710329245	11.414797290873196	3.7527334552552247	232.66947422582396	7.337684490752393	1.0011017712230779	16.621645050698255	1.7840863967606808	2.030167279072499	0.3411575868413841	24020665.363556538	13.114992477754846	6.308618982902971	0.6040167111290079	0.9955090238978094	1.0905857284273752	0.9507670452956606	0.2908228609139668	2.2035424461558253	0.3355648395161155	1.7896791440859492	0.9619525399461978	0.2684518716128924	0.9116178140187804	3.05923278692192	11.258200365765676	119.12551802822101	47.65579995861367	3.6688422453761964	64.48996940767212	0.7106737045010926	4.4974904377510265	1.9015340905913212	1.5771547457257427	0.40267780741933856	2.70129695810473	4.261673461854667	0.40267780741933856	6.621812833118012	3.819846423158448	1.258368148185433	3.2773499326073945	18.98737716928687	11.828660592943072	4.054741810819729	1.8120501333870238	1.0849929811021068	0.9507670452956606	0.9004323193682433	0.0	3.1710877334272913	6.8511154734540245	10.592663434058712	2.0637237630241105	4.7090932478761545
DNov_OMF_quotes	26.335907536021562	11.415465947963096	72.06903700632321	2.332331294703016	5.344925883694414	75.0362807090287	43.93205141494765	28.447963097335958	21.476884005390275	4.761843060018658	4.068622369648596	5.7401264641857574	20.99098165232715	6.744324660516223	2.377682180988909	158.38473100445736	7.5476832175805955	0.6219550119208044	37.129418472063854	2.494298745724059	2.662744894785944	0.4016792785321862	1.2115165336374003	18.742873432155076	1.127293459106458	0.2073183373069348	0.4146366746138696	0.34337099616461075	1.127293459106458	0.5118171452264952	1.3022183062091843	0.5571680315123873	0.6608272001658547	0.6478698040841713	1.256867419923292	0.6349124080024878	5.830828236757541	8.44174354721675	83.59464082098062	27.106872602881726	6.815590338965482	87.99367679071214	0.6802018584855483	3.859365625374985	1.4317922670260184	1.7945993573131545	0.3757644863688193	3.3041360008292733	6.951642997823157	1.4382709650668601	6.232507515289727	9.68565357105836	4.781279154141184	13.054576552296052	8.642583186482844	26.29703534777651	3.6993365813206176	0.7580076707784804	22.876282782212087	1.464185757230227	1.3086970042500259	0.0	2.921892816419612	4.0167927853218615	16.94827407484192	3.232870322380015	19.429615424484297
DNov_OT_nonquotes	97.56900981619343	10.503232849896003	6.032770839411593	4.159882544492862	4.0940020517067754	1.7034813134687963	0.6305704309525377	64.47817943963935	9.27032648489925	2.117587268124194	1.7034813134687963	1.1199683773634626	18.267719499684716	12.76199260256181	2.7105117031989683	224.18190545208137	8.235061598260755	1.025853387669054	16.291304716102132	2.230525255757484	1.919945789765936	0.37645995877763455	40422076.308433644	13.364328536606026	7.284500202347227	0.7623314165247099	0.7811544144635917	0.6588049278608604	1.035264886638495	0.1505839835110538	4.385758519759442	0.5835129361053335	2.6446312104128826	2.4940472269018286	0.18822997938881728	0.7717429154941507	2.315228746482452	10.860869810734755	113.51208907042624	50.33269648856974	3.6516616001430546	63.71584802311464	0.7240815649553262	4.50807688665846	1.5905433258355057	2.315228746482452	0.14117248454161296	3.632838602204173	5.035151948650862	0.3576369608387528	5.901009853839421	3.3128476372431837	1.0540878845773767	2.61639671350456	19.227692394567683	10.493821350926563	3.2093211485793343	1.7505388083160005	0.8564464062191185	2.192879259879721	0.9693843938524089	0.0	3.8116570826235496	8.4985835694051	9.825604924096261	2.5411047217490332	3.839891579531872
DNov_OT_quotes	27.964164577495943	12.369119598879221	69.58781890576611	3.096888364548002	5.82509954284029	59.836307329302464	38.305559651968736	39.83556997492995	19.484589293614512	6.765226367792361	5.21678218551836	6.1753428697832184	24.277392714938802	5.382686919333431	1.3456717298333578	157.64636484294354	6.912697242294647	0.5898834980091432	38.60050140097331	2.599174163102787	1.8986875092169297	0.38711104556850023	79172822.74000885	16.019023742810795	0.7557882318242147	0.1474708745022858	0.42397876419407166	0.20277245244064296	1.677481197463501	0.5345819200707861	2.4332694292877157	0.7004866538858575	0.7004866538858575	0.7926559504497861	0.5898834980091432	0.42397876419407166	7.004866538858575	8.571744580445364	75.35761687066804	29.27296858870373	6.341247603598289	91.8190532369857	0.70934266457317	3.789526994744386	0.5530157793835717	2.80194661554343	0.2949417490045716	3.3733962542397875	5.7144963869635745	1.1982008553310721	7.0970358354225045	8.885120188762718	4.313523079191859	16.387700929066508	6.064739713906504	24.222091137000444	2.3964017106621442	0.4608464828196431	28.683085090694586	1.474708745022858	1.548444182274001	0.018433859312785725	2.912549771420145	5.106179029641646	14.10190237428108	2.838814334169002	19.61362630880401
DNov_PP_nonquotes	91.09083140031741	8.95800268587474	10.611239978838562	3.606600740650307	3.67781711634721	4.786757823627559	2.2026207626256458	50.3194563138404	8.077971757620151	1.8617995360761812	2.0805355471452405	1.5718471493102186	15.601473161600131	14.65531274162699	2.736743580352419	255.89569853090794	8.535791315671672	1.0835062873885972	15.738819029015586	1.9381027957514345	1.7142799007040248	0.20347535913400888	21847996.34253042	12.188174012127131	4.440849713099744	0.6307736133154275	0.9359866520164408	0.666381801163879	0.7070768729906808	0.11191144752370488	4.14072355837708	0.5544703536401742	2.4417043096081064	1.9228421438163839	0.15769340332885687	0.3713425304195662	2.0296667073617383	8.907133846091238	110.92967891588329	53.8751882147072	2.930045171529728	60.8238717291336	0.7051788129187797	4.5660101965298905	1.4802832376999147	1.856712652097831	0.27469173483091197	4.176331746225532	4.944451226956415	0.42729825418141865	5.890611646929557	3.113172994750336	1.2208521548040532	2.7214829284173683	25.775241118300574	9.370040288121109	2.507833801326659	1.1343751271720994	2.777438652179221	1.536238961461767	0.7681194807308835	0.0	3.881292475481219	7.050421193993407	9.441256663818011	1.8516257681194808	4.033898994831726
DNov_PP_quotes	33.69111779621736	9.488407601632296	61.66556089758154	3.117359968735515	5.244072017377237	54.99459233474811	30.173863254232973	35.54517445400758	16.968253823991855	5.216806478292087	3.944414654318407	4.371574766652428	18.367884830362904	8.30690090794245	1.9540303011024367	204.55516272982578	6.289251015641331	0.47260267747593815	35.04530623744649	2.390278926464841	1.8267911187050687	0.2544783647947359	39034865.26279435	14.959692444719119	1.4450735715129648	0.42716011233402107	0.4816911905043216	0.3453634950785702	1.0088249461505603	0.2544783647947359	2.28121677012424	0.7816121204409747	0.9906479200937933	0.7997891464977416	0.38171754719210393	0.3726290341637205	4.56243354024848	6.734588154032119	80.36063219696625	36.60853047832844	5.698497668796408	84.15054212980215	0.7152357133455095	4.021454671839334	1.045178998264094	2.1085350225849546	0.3635405211353371	5.8348253642221595	5.662143616682875	1.4359850584845815	8.179661725545083	6.689145588890202	3.8535295240345726	12.214961510147326	8.143307673431549	21.70336911177962	3.4172808986721686	0.7179925292422907	24.30268383789728	1.2451262848885294	1.1360641285479285	0.0	2.7174653954866446	4.6169646184187805	11.178871024911615	3.008297812394914	15.314144452826074
DNov_TTC_nonquotes	89.7751928297986	12.188888005361747	3.7941179811657255	3.964512501277959	4.384818984221468	1.1700423714373345	0.24991196283127534	70.73644511592506	14.165464438663653	1.7493837398189274	2.3173654735263716	1.3745157955720144	15.91484817848258	11.416432847519625	3.0557417273460485	221.10392929763378	9.1104270086674	0.7383762538196772	19.16370369528916	2.1810498574365846	1.0905249287182923	0.22719269348297758	48789257.21620792	11.677704445025048	4.714248389771785	0.6134202724040395	1.2382001794822277	0.8860515045836126	2.0560938760209475	0.2385523281571265	2.94214538060456	0.2044734241346798	1.692585566448183	1.2722790835046744	0.2044734241346798	0.8633322352353148	2.2037691267848825	9.82608399313878	126.48953209664776	48.6646749440538	3.7373198077949814	62.06904385954948	0.7081303850988914	4.4161672887488725	1.7380241051447787	1.806181913189672	0.2953505015278709	2.2151287614590314	4.384818984221468	0.4430257522918063	6.463632129590713	3.3738114982222176	0.9314900432802081	2.362804012222967	10.314548284127182	9.951039974554417	2.919426111256262	1.0564460246958458	0.056798173370744394	0.5907010030557418	0.9769285819768038	0.0	3.0557417273460485	9.814724358464632	10.882530017834625	2.6922334177732843	4.577932773681998
DNov_TTC_quotes	29.735087403135697	12.23443663522957	69.36184697943573	2.5029534851124327	5.406379527842855	70.30295748983801	35.882341162571834	33.87997837448189	21.78570713441861	4.46526901744058	3.5041348791574056	4.665505296249575	20.644360345207346	7.889309385074388	1.7821028814000521	168.19847419955548	8.750325383953065	0.5606615806651849	38.64560181013596	3.0636150657776176	3.0636150657776176	0.6207324643078833	0.020023627880899463	16.37932760657576	1.4216775795438619	0.3404016739752908	0.4405198133797882	0.3404016739752908	1.4617248353056607	0.6607797200696823	1.9422919044472478	0.3604253018561903	0.9010632546404758	0.6808033479505816	0.4605434412606876	0.7008269758314811	5.446426783604653	7.308624176528304	93.12989327406339	29.354638473398612	7.8492621293125895	78.3124086421978	0.6809266291655294	3.93774066718009	1.3616066959011632	1.5418193468292585	0.24028353457079354	2.3227408341843376	5.806852085460844	1.1813940449730682	8.870467151238461	8.850443523357562	3.5041348791574056	11.813940449730682	7.06834064195751	25.990668989407503	3.7644420416090987	0.520614324903386	7.949380268717086	1.1012995334494704	1.1413467892112694	0.0	3.2838749724675114	5.306261388438357	12.474720169800365	4.3451272501551825	14.336917562724015
