doc_id	f_01_past_tense	f_02_perfect_aspect	f_03_present_tense	f_04_place_adverbials	f_05_time_adverbials	f_06_first_person_pronouns	f_07_second_person_pronouns	f_08_third_person_pronouns	f_09_pronoun_it	f_10_demonstrative_pronoun	f_11_indefinite_pronouns	f_12_proverb_do	f_13_wh_question	f_14_nominalizations	f_15_gerunds	f_16_other_nouns	f_17_agentless_passives	f_18_by_passives	f_19_be_main_verb	f_20_existential_there	f_21_that_verb_comp	f_22_that_adj_comp	f_23_wh_clause	f_24_infinitives	f_25_present_participle	f_26_past_participle	f_27_past_participle_whiz	f_28_present_participle_whiz	f_29_that_subj	f_30_that_obj	f_31_wh_subj	f_32_wh_obj	f_33_pied_piping	f_34_sentence_relatives	f_35_because	f_36_though	f_37_if	f_38_other_adv_sub	f_39_prepositions	f_40_adj_attr	f_41_adj_pred	f_42_adverbs	f_43_type_token	f_44_mean_word_length	f_45_conjuncts	f_46_downtoners	f_47_hedges	f_48_amplifiers	f_49_emphatics	f_50_discourse_particles	f_51_demonstratives	f_52_modal_possibility	f_53_modal_necessity	f_54_modal_predictive	f_55_verb_public	f_56_verb_private	f_57_verb_suasive	f_58_verb_seem	f_59_contractions	f_60_that_deletion	f_61_stranded_preposition	f_62_split_infinitive	f_63_split_auxiliary	f_64_phrasal_coordination	f_65_clausal_coordination	f_66_neg_synthetic	f_67_neg_analytic
19C_AgnesG_nonquotes	77.00777202072538	9.779792746113989	8.009499136442143	3.1088082901554404	4.339378238341969	60.902417962003454	1.16580310880829	57.512953367875646	11.161485319516407	2.763385146804836	2.569084628670121	3.4326424870466323	14.702072538860104	16.68825561312608	2.9792746113989637	165.9110535405872	8.808290155440414	0.9499136442141624	21.63212435233161	1.5975820379965457	2.2452504317789295	0.2806563039723662	92723818.39378238	23.726252158894646	2.9792746113989637	0.3454231433506045	0.6476683937823834	0.4749568221070812	1.4248704663212435	0.25906735751295334	1.4896373056994818	0.3454231433506045	1.1226252158894647	1.575993091537133	0.7556131260794474	1.2521588946459412	3.238341968911917	10.988773747841105	106.0880829015544	48.59671848013817	4.81433506044905	79.94386873920553	0.739018649992381	4.359092681658651	3.3678756476683938	3.454231433506045	0.19430051813471502	3.562176165803109	6.7573402417962	0.5181347150259067	4.058721934369603	7.059585492227979	3.5837651122625216	6.4119170984455955	9.736614853195166	17.681347150259064	3.3678756476683938	1.5112262521588948	0.41018998272884283	0.8203799654576857	1.2521588946459412	0.0	4.7927461139896375	9.196891191709845	16.040587219343696	3.4758203799654575	8.678756476683938
19C_AgnesG_quotes	31.146251965752228	7.688275380045431	61.244102743316446	1.9220688450113577	5.460422855145902	63.559322033898304	38.92189411147999	48.22645465664861	17.167569456578715	4.499388432640224	3.9751878385462165	7.338808317316093	17.910186964878562	7.994059059933601	1.616285165123187	138.12685654377074	5.635156386510571	0.17473353136466888	35.601957015551285	2.184169142058361	1.7036519308055216	0.2621002970470033	2.2715359077406956	22.890092608771624	0.6989341254586755	0.08736676568233444	0.2621002970470033	0.34946706272933775	1.0484011881880133	0.2184169142058361	0.8299842739821772	0.30578367988817057	0.4368338284116722	0.8736676568233444	0.6552507426175083	0.9610344225056788	8.125109208457102	9.391927310850953	71.72811462519657	29.573650183470207	7.5572252315219295	100.95229774593744	0.717023820224685	3.898429459931093	2.0094356106936924	3.8878210728638827	0.4805172112528394	4.1062379870697185	9.654027607897955	1.0047178053468462	4.674121964004892	12.318713961209156	6.7272409575397525	17.866503582037392	7.513541848680762	28.132098549711692	3.1452035645640395	0.8299842739821772	20.61855670103093	1.5726017822820197	1.397868250917351	0.0	3.407303861611043	6.071990214922243	23.851127031277304	4.412021666957889	20.26908963830159
19C_Antoni_nonquotes	75.70770243581305	12.064240549933402	6.667483197329945	3.9729320085123327	7.739179692882404	2.7864108884363947	0.29854402376104233	73.37293507050231	11.061438829095028	1.041076595679532	0.8037723716643446	0.1301345744599415	18.027466050186018	23.75338732642344	3.230399436593842	206.9828681660211	8.458747339896199	1.201831070012401	10.862409479921	0.9262519711560544	0.9645268459972136	0.2143392991104919	32877862.585544348	12.27092487407566	3.475358635577262	1.5003750937734435	2.31180244040602	1.0104566958066046	3.0084051625151185	0.9721818209654455	3.712662859592449	1.309000719567647	1.730024342820399	1.7223693678521672	0.007654974968231853	0.834392271537272	1.263070869758256	10.32656123214477	141.91558093605033	62.35742609121668	2.778755913468163	58.69069308143363	0.7217871088485682	4.7353855625673384	1.6534745931380803	2.2964924904695563	0.07654974968231855	1.2707258447264878	4.034171808258187	0.7731524717914173	4.508780256288562	2.503176814611816	0.6200529724267803	1.6534745931380803	2.72517108869054	8.902735888053646	2.8093758133410907	2.1357380161366875	0.08420472465055039	0.33681889860220154	0.44398854815744754	0.0	4.348025781955693	11.467152502411317	7.739179692882404	3.0543350123245094	2.3730422401518747
19C_Antoni_quotes	35.91271438924229	15.943312666076174	53.35910030329871	2.6035375902514963	6.012292991920981	78.69662076925142	31.457175832729416	37.87207773035939	10.09206323643879	2.1472474971146362	1.7714791851195748	1.0199425611294521	24.398099685965054	13.17873151354108	2.0667257159728374	184.0996322838661	9.904179080441258	0.9931019674155191	24.45178087339292	1.5299138416941782	3.301393026813753	0.4562900931368602	115279468.95885336	15.406500791797514	0.8857395925597874	0.7246960302761897	0.9662613737015864	0.2147247497114636	2.684059371393295	2.200928684542502	3.1940306519580215	1.3688702794105805	1.0467831548433852	0.5368118742786591	0.40260890570899427	0.8052178114179885	3.1403494645301553	8.052178114179886	118.52806184072791	27.53844915049521	6.81751080333897	54.513245832997825	0.6918879533678154	4.1767191495088145	0.9394207799876533	1.127304935985184	0.0	0.7515366239901227	4.697103899938266	0.563652467992592	5.797568242209517	5.36811874278659	4.616582118796468	14.708645355235257	3.381914807955552	17.580588882626085	3.2745524330998204	0.5368118742786591	0.08052178114179885	0.4831306868507932	0.7246960302761897	0.0	3.7308425262366804	6.09281477306278	10.709396891859248	3.5161177765252165	6.790670209625038
19C_Deronda_nonquotes	79.6690465069727	15.23701493675471	8.955380377279356	2.907281548770839	4.441944923695774	3.321926622120123	0.9675051711483286	79.81679360207418	9.918119513101832	1.6013878694868886	2.7452363476918094	1.305893679283951	21.64733245002812	21.146898740813466	4.694544795966028	196.2081422947507	7.821063969726143	1.1819767608117513	22.95322612931207	2.130417790656664	3.1074550324567003	0.7625656521366136	20469959.90811084	17.948889037165543	4.07496020360503	0.405113002697576	1.0914220896205282	0.9150787825639364	1.7777311765434807	0.37175075541659913	6.157717641003155	0.9627391358224747	1.8492217064312881	1.620452010790304	0.40034696737172215	0.5290299211697758	2.8167268775796166	9.060233154448142	125.22281215148368	50.896491244793104	6.062396934486078	64.6179069479263	0.744865486462203	4.571608884281655	1.9540744836000723	2.7690665243210786	1.0056334537551592	1.911180165667388	5.738306532328018	0.22400366031513025	7.125222812151484	6.386487336644139	2.31152713303911	5.023401233449942	13.402091336300986	17.095768713837707	3.2266059156030464	2.4688062987922867	0.0810226005395152	0.4575393912819682	0.6720109809453908	0.004766035325853835	3.788998084053799	6.438913725228531	11.667254477690188	2.664213747152294	8.002173312108589
19C_Deronda_quotes	34.66130546520119	13.58950772411308	67.35957666739371	2.4371971284696867	4.978710087340799	76.72903488890364	35.03115250026079	33.390548985765626	18.283720092177262	4.542480251116653	6.752079204165046	4.6467960815180795	20.588151618317863	7.9754193970545	3.053608853569024	150.10099669034318	7.738337964323986	0.398296806987264	40.948705061214426	3.3286233155364204	3.290690286299538	0.7302108128099839	40730279.765573874	21.42267826152927	0.5879619531716754	0.05689954385532343	0.5026126373886902	0.3793302923688228	1.7164695729689234	0.36984703505960226	2.8639437073846126	0.5120958946979108	0.3224307485134994	0.597445210480896	1.2233401928894536	0.597445210480896	5.509772496657152	7.359007671955164	87.37873284715835	26.714335840074348	9.701372227332644	76.69110185966676	0.7104977710311196	3.92599560388931	1.2897229940539976	2.560479473489554	0.862976415139072	2.759627876983186	6.239983309467136	0.5215791520071313	4.883877514248594	11.066961279860406	7.14089275384309	16.61466680575444	6.837428519948032	27.07469961782473	3.2148242278257735	1.1854071636525714	8.629764151390718	1.1854071636525714	1.194890420961792	0.0	3.4993219471023904	4.997676601959241	17.562992536676497	3.119991654733568	17.581959051294938
19C_Jekyll_nonquotes	94.47154471544715	12.032520325203253	6.612466124661246	3.089430894308943	6.720867208672087	35.9349593495935	0.975609756097561	41.19241192411924	11.707317073170731	2.872628726287263	1.5176151761517616	0.975609756097561	17.018970189701896	14.363143631436316	2.5474254742547426	204.82384823848238	9.864498644986451	0.7046070460704607	20.92140921409214	1.7886178861788617	1.084010840108401	0.3252032520325203	232789553.87533876	14.037940379403794	2.6016260162601625	0.7046070460704607	1.4092140921409213	0.6504065040650406	2.4390243902439024	0.5420054200542005	1.3550135501355014	0.6504065040650406	2.113821138211382	1.4092140921409213	0.3252032520325203	0.9214092140921409	1.4092140921409213	8.292682926829269	123.03523035230353	40.97560975609756	5.094850948509485	71.81571815718158	0.7121939334208984	4.2955399444535205	2.5474254742547426	2.5474254742547426	0.21680216802168023	2.330623306233062	5.4742547425474255	0.7046070460704607	8.184281842818427	3.848238482384824	1.4634146341463414	3.1978319783197833	11.544715447154472	11.382113821138212	2.3848238482384825	2.113821138211382	0.05420054200542006	0.975609756097561	0.3252032520325203	0.0	5.420054200542006	9.53929539295393	14.200542005420054	2.2222222222222223	3.848238482384824
19C_Jekyll_quotes	31.47180929422794	12.186955939466987	74.32703897147448	2.008838891120932	5.356903709655819	69.23798044730147	37.49832596759074	25.043524842640956	23.704298915227	7.499665193518147	4.821213338690237	4.15160037498326	19.150930762019552	4.821213338690237	1.4731485201553502	172.09053167269317	8.035355564483728	0.4017677782241864	40.712468193384225	4.41944556046605	2.2766840766037233	0.4017677782241864	0.6696129637069774	18.213472612829786	0.6696129637069774	0.8035355564483728	0.4017677782241864	0.9374581491897683	1.4731485201553502	0.9374581491897683	1.4731485201553502	0.26784518548279096	0.5356903709655819	0.4017677782241864	0.5356903709655819	0.6696129637069774	7.365742600776751	6.696129637069774	83.83554305611356	23.302531137002813	7.633587786259541	77.54118119726797	0.7141577208918155	3.791717583163612	1.0713807419311638	2.4106066693451185	0.9374581491897683	4.821213338690237	6.696129637069774	1.8749162983795367	9.77634927012187	10.98165260479443	5.758671487880005	11.24949779027722	5.490826302397215	30.132583366813982	4.285522967724655	1.4731485201553502	8.57104593544931	2.6784518548279097	0.5356903709655819	0.0	4.285522967724655	3.348064818534887	17.94562742734699	2.9462970403107005	11.51734297576001
19C_Jude_nonquotes	98.18442963262191	15.204560245966022	4.073251195044772	4.825063399088849	5.666644224511322	2.311542000493727	1.3240871653313584	93.63989317534056	9.964316973002088	2.1207836800646334	2.064678291703135	2.0534572140308356	17.998608586368633	12.331964361857313	4.409883525213761	196.11077447878094	7.147826477254876	1.0772234565407661	19.50223299445679	1.6943827285172468	2.9062591171256087	0.6620435826656792	48194158.62115397	15.159675935276823	3.8376085639264796	0.4488431068919859	1.0323391458515676	1.5821719517942503	1.0323391458515676	0.4039587962027873	3.5907448551358874	0.6844857380102786	1.873919971274041	2.0310150586862363	0.2132004757736933	1.6831616508449472	1.9636885926524383	10.166296371103481	117.8325366368186	43.212370116025944	5.10559034089634	70.30005161695729	0.7380826222096832	4.429008512656084	2.3227630781660267	3.377544379362194	0.31419017482439016	1.4475190197266545	5.060706030207141	0.2580847864628919	4.825063399088849	4.566978612625956	1.3801925536928568	3.3999865347067932	12.343185439529613	15.249444556655222	3.9385982629771763	2.423752777216724	0.46006418456428555	0.7181489710271775	0.7181489710271775	0.011221077672299648	3.7702820978926814	6.564330438295293	13.139881954262886	1.6719405731726475	7.0692789335487785
19C_Jude_quotes	32.522913490055466	13.572158643454365	75.3673698497009	2.5133627117508084	7.255240361254001	80.77947755567098	37.851242438967176	32.221309964645364	21.547896315410263	6.450964293493741	4.775389152326537	8.176806688895963	20.877666258943385	5.998559005378596	2.4966069603391365	129.05279737269817	6.233139525142005	0.41889378529180143	40.86727769306815	2.2452706891640553	1.8766441581072704	0.40213803388012936	1.0221008361119954	20.324726462358203	0.7540088135252425	0.20106901694006468	0.3853822824684573	0.3853822824684573	1.0723680903470116	0.2345805197634088	1.5415291298738292	0.5026725423501617	0.31835927682176907	0.5361840451735058	0.904810576230291	1.3237043615220925	5.4288634573817465	9.349709287713008	77.22725825639651	26.47408723044185	8.193562440307636	105.20936311388884	0.7238996541596406	3.7936849410131854	1.4242388699921247	3.7700440676262126	0.41889378529180143	2.8484777399842494	9.718335818769793	2.0944689264590073	5.278061694676698	9.46699954759471	7.774668655015835	14.058075434392855	7.271996112665672	25.98817043950336	2.781454734337561	1.1058795931703556	30.663025083359866	1.4577503728154688	1.206414101640388	0.05026725423501617	3.0998140111593306	3.8873343275079173	17.811363750607395	2.647408723044185	25.75358991973995
19C_LadyAud_nonquotes	88.62655868073938	14.305507057008008	5.879901325793843	4.133953614111763	2.7935163386913278	5.226578956261194	0.6420581907476035	76.10079187176859	7.727226646541333	1.4418148844858465	1.430550705700801	1.036304448224202	18.349347240839407	11.061423566914854	2.804780517476374	237.14475596156663	5.406805816821925	1.047568627009248	16.209153271680727	1.8698536783175823	1.9937596449530848	0.39424625747659864	48379274.63194296	12.018878763643738	4.010047647476261	0.6420581907476035	1.4418148844858465	1.4418148844858465	1.9712312873829931	0.2590761120560505	4.832332698784596	0.901134302803654	3.0413282719623327	1.5769850299063946	0.2252835757009135	0.37171789990650733	1.982495466168039	9.383060927943049	120.36901449699809	60.01554456672336	3.762235714205256	54.91287157709767	0.7320348876903522	4.495493345154068	1.2953805602802528	2.7146670871960077	0.1464343242055938	3.2102909537380175	3.582008853644525	0.23654775448595922	8.41434155242912	3.717178999065073	1.2503238451400702	2.2190432206539983	10.779819097288712	10.971310136634488	2.7034029084109625	1.3629656329905269	0.24781193327100487	0.8335492300933801	0.3266611847663246	0.011264178785045676	2.9850073780371043	7.299187852709599	9.48443853700846	2.16272232672877	3.5031596021492053
19C_LadyAud_quotes	35.22888737876073	13.699264842157287	59.22962871440045	2.6255637239760303	3.0425650213133997	74.33434237350961	32.726879594736516	40.5417927966887	11.923148205349973	3.598566751096559	3.2742324087230497	4.2163464508556245	21.344288626675727	7.413356397108791	1.884228084265151	177.56533020324952	5.94612961018101	0.5560017297831593	31.815654537591893	2.2548959041205907	3.614011243590536	0.29344535738555627	66333588.35794155	19.58361648236239	0.8957805646506456	0.1698894174337431	0.6641131772409959	0.29344535738555627	1.2973373694940384	0.3552233273614629	3.366899363686909	1.0347809970964355	1.142892444554272	0.4787792673132761	0.8031136096867857	0.5096682523012294	6.146908012602705	8.448137394205228	89.84061283746216	34.81188608142336	7.645023784518441	70.64310866744918	0.6992873726605192	3.9365124420474973	0.9730030271205289	2.7027861864459135	0.37066781985543956	4.324457898313462	5.57546179032557	0.26255637239760304	8.34002594674739	10.162476061036633	4.509791808241181	13.714709334651264	5.71446222277136	24.10885278309755	3.027120528819423	0.7567801322048557	14.33248903441033	1.0502254895904122	0.6486686847470192	0.015444492493976647	3.629455736084512	4.803237165626737	16.324828566133316	2.71823067893989	12.386482980169271
19C_NorthS_nonquotes	91.23495696725088	13.858941044212234	7.261200493909069	3.8241093971729234	4.10055104034205	6.321298907134038	0.9767604725309154	93.80586424872376	11.334107369934205	1.7876559591603547	1.6955087447706456	2.2483920311088994	17.977921527432226	12.320082563904093	2.884207810397892	200.5676268406406	6.8926116363502326	0.8846132581412064	21.866533974677946	1.9166620593059474	2.1746742595971327	0.460736071948545	39576925.637197986	18.097712906138845	3.7503916256611562	0.5344538434603122	0.8016807651904683	0.6542452221669338	1.4559259873574022	0.276441643169127	2.4511159027662597	0.9030427010191482	1.8705884521110927	1.7876559591603547	0.39623302187574866	1.207128508505188	4.220342419048672	11.205101269788614	109.60911151655885	42.129706418974955	6.044857263964911	72.25263080297083	0.7402839716867987	4.32336389385808	1.935091502183889	3.510808868247913	0.4699507933875159	2.6999133816184737	6.560881664547281	0.5805274506551666	4.893017084093548	6.183078085549473	2.0640976023294813	5.436685648992831	12.145002856563647	17.996350970310168	4.008403825952341	1.6033615303809365	2.838134203203037	0.7832513223125265	0.7003188293617884	0.0092147214389709	3.695103297027331	7.491568529883342	13.61014356536002	2.607766167228765	7.7772248944914395
19C_NorthS_quotes	31.839321306280983	11.511728931364031	68.00991465222057	2.172024326672459	4.880666428169878	68.94260745132111	28.338529156232433	41.23013236571779	17.452854295497524	3.4880155363622425	2.989727602596208	5.31507129350437	19.816527827464608	6.005008432565034	2.1464710992998413	163.6428680942403	5.966678591506107	0.638830684315429	38.68758624214239	2.4786630551438646	1.8526089845147442	0.30663872847140594	0.6516072980017377	19.61210200848367	1.1115653907088465	0.2555322737261716	0.6260540706291204	0.38329841058925745	1.0860121633362294	0.21720243266724587	2.0825880308682985	0.4599580927071089	0.7154903664332805	0.7665968211785149	0.7793734348648234	0.9454694127868349	6.694945571625697	8.087596463433332	81.7447743650023	29.488424388000205	9.135278785710636	87.51980375121379	0.731071564447388	3.8513442691682824	1.2010016865130064	3.564675218480094	0.6516072980017377	3.820207492206266	8.253692441355343	1.1243420043951553	6.107221342055501	10.579036132263505	5.3534011345632955	15.983543721572033	6.260540706291205	27.993560586702102	3.577451832166403	0.9582460264731436	18.18112127561711	1.5076404149844125	1.188225072826698	0.0	3.4880155363622425	5.31507129350437	17.516737363929064	3.3091429447539222	18.47498339040221
19C_Pomp_nonquotes	86.06059313903162	8.42163614267744	10.52171502888941	4.456004946378696	5.052981685606465	5.0423213866916825	2.2066818753597848	62.72519881457477	11.502462529049314	1.6949875274502697	1.0553695925633755	0.3198089674434471	17.621474106133938	12.739057203163977	2.4092275547406348	224.79372321599897	7.654094620813168	1.1299916849668463	14.583288915421189	1.1086710871372834	1.1513122827964095	0.223866277210413	45785631.03639426	10.948126985480673	3.720444321258768	1.119331386052065	1.5031021469842014	0.7568812229494915	1.9828155981493722	0.33046926635822865	3.7630855169178945	0.895465108841652	2.558471739547577	2.4945099460588875	0.149244184806942	0.6396179348868942	1.3645182610920412	8.037865381745304	125.8128477922521	50.551137453894206	3.123467582031	61.55256593394879	0.7162377053566922	4.566339512904398	1.663006630705925	2.1853612775302222	0.19188538046606826	1.1726328806259727	6.097690979255058	0.5863164403129864	7.590132827324478	3.070166087457092	0.7568812229494915	1.6097051361320172	10.670959213696351	10.788222501758948	1.9508347014050273	1.7376287231093959	0.1812250815512867	0.767541521864273	0.5543355435686417	0.0	3.1447881798605635	11.886233289981451	10.820203398503294	2.110739185126751	4.829115408396052
19C_Pomp_quotes	21.55305235046393	9.569623720341013	68.4596158455165	2.311089807237991	4.2626767555722935	62.1597562228233	24.976889101927622	33.12562057041121	13.661108638340124	4.057246550484472	1.8488718457903928	1.6092032731879342	21.946793576882254	8.628068613688498	1.3010579655562022	213.71589002636355	6.231382887663916	0.4622179614475982	32.646283425206285	1.8317526620330742	2.0714212346355327	0.3937412264183244	73526331.92385387	12.428527407813196	0.684767350292738	0.3081453076317321	0.6676481665354196	0.22254938884513986	1.8831102133050295	0.5306946964768721	3.0472147088026844	0.7361249015646933	1.5064881706440236	0.8046016365939671	0.342383675146369	0.3766220426610059	4.074365734241791	5.135755127195535	91.74170575546958	39.767863868250764	6.762077584140788	67.62077584140788	0.7354157067702807	4.116330558654424	1.4722498031293867	1.9858253158489405	0.0684767350292738	1.2325812305269284	5.238470229739446	1.0956277604683808	9.090286575136098	7.600917588249392	3.2526449138905056	10.802204950867942	5.015920840894307	17.75259355633923	2.5678775635977673	0.7361249015646933	0.3937412264183244	0.684767350292738	0.4450987776902797	0.0	2.4651624610538567	5.85476084500291	12.702434347930291	3.0643338925600028	12.37716985654124
19C_Prof_nonquotes	86.31563065781533	11.572118286059142	13.59384429692215	2.896801448400724	5.446590223295112	59.14302957151479	2.2178636089318045	50.92033796016898	11.994568497284249	1.4634882317441158	1.6445383222691612	1.4333132166566083	13.141219070609536	16.566083283041642	2.972238986119493	195.47374773687386	6.593240796620399	0.7091128545564273	21.047073023536512	1.448400724200362	2.0217260108630057	0.25648762824381416	64800350.64876282	14.981894990947495	3.4852142426071215	0.9203379601689801	1.5238382619191309	0.7091128545564273	0.5280627640313821	0.1056125528062764	1.6143633071816534	0.3771876885938443	1.7350633675316838	0.995775497887749	0.7091128545564273	1.0561255280627642	1.71997585998793	8.931804465902234	110.92335546167773	47.45021122510561	5.808690404345202	71.89197344598672	0.7479046795338536	4.412314591760981	2.595051297525649	3.3494266747133374	0.4978877489438745	3.032589016294508	5.476765238382619	0.724200362100181	5.838865419432709	4.269764634882318	1.7501508750754375	4.0132770066385035	7.694628847314424	16.91309595654798	3.937839468919734	1.6294508147254074	0.331925165962583	1.131563065781533	0.7543753771876885	0.0	3.6813518406759203	9.610742305371152	13.15630657815329	3.786964393482197	7.3928786964393485
19C_Prof_quotes	22.19350238424172	11.230446989616294	66.80333348188422	1.4260885066179418	4.768483444003743	54.013102188154555	45.81309327510139	32.800035652212664	13.013057622888722	2.629350684076831	3.3423949373858015	3.698917064040287	18.80654218102411	12.43370916707518	2.228263291590534	203.9752217121975	5.436962431480904	0.6239137216453496	32.577209323053616	1.8271758991042382	1.6934801016088061	0.2673915949908641	191406359.06234682	17.5141494719016	1.0695663799634565	0.35652212665448546	0.4456526583181069	0.3119568608226748	0.6239137216453496	0.13369579749543206	1.8271758991042382	0.3119568608226748	0.9358705824680245	0.8467400508044031	0.9358705824680245	0.7576095191407817	4.3673960515174475	7.397834128080574	84.67400508044031	32.488078791389995	7.709790988903249	76.96421409153706	0.7415580762250364	4.191201047924477	2.272828557422345	2.4956548865813986	0.49021792414991755	2.005436962431481	5.882615089799011	1.0695663799634565	5.436962431480904	8.244574178884978	4.857613975667364	15.686973572797362	5.080440304826418	21.79241499175543	2.1836980257587237	0.4456526583181069	6.7739204064352245	0.9358705824680245	0.6684789874771603	0.0	4.010873924862962	6.328267748117117	15.64240830696555	5.169570836490039	13.458710281206827
19C_Tess_nonquotes	88.97597728956696	15.47058981065712	4.526017907676376	5.374088324302128	4.668850819950187	1.7318490613199546	1.3212044385327488	86.78884832037423	11.09633187227167	1.963952543764897	2.026441942884689	1.5533079209776914	17.97909283246592	14.381488854569314	3.8118533463073225	204.04574224015568	7.338040868067024	1.0355386139851277	20.773261678822344	1.901463144645105	2.6245547630312713	0.6248939911979218	38341414.52789259	13.819084262491184	4.2582061971629805	0.41064462278720576	1.3122773815156357	1.5890161490461439	1.1337362411733722	0.3035199385818477	3.829707460341549	0.740945732420393	2.329961881466537	1.6068702630803702	0.18746819735937653	1.4729644078236728	2.428159508654782	9.596586293396657	123.20231389317883	45.420866103071795	4.865246074326677	70.5683857202796	0.7412013390205917	4.449719037986064	2.4817218507574608	3.4726251796570224	0.28566582454762135	1.2676420964300699	5.258036583079656	0.26781171051339503	6.016836429534275	5.338380096233675	1.0712468420535801	3.615458091930833	7.998643087333399	14.238655942295503	3.4279898945714566	1.8211196314910865	0.10712468420535802	0.5981128201465823	0.5713316490952427	0.026781171051339505	3.8832698024442283	6.436408109338594	11.364143582785063	2.392451280586329	7.0077397584338375
19C_Tess_quotes	30.470573780562724	12.949993856739157	69.61543187123725	2.948765204570586	7.7650817053692105	76.7416144489495	42.83081459638776	30.863742474505468	18.552647745423272	5.774665192284065	4.1774173731416635	6.880452143998035	22.65634598845067	4.324855633370193	2.6538886841135274	144.04718024327312	5.971249539255437	0.49146086742843104	36.85956505713232	2.580169553999263	2.8504730310849	0.6143260842855387	1.1057869517139698	18.650939918908957	0.9583486914854404	0.3194495638284801	0.34402260719990174	0.2948765204570586	0.6880452143998035	0.3931686939427448	1.8921243395994594	0.41774173731416636	0.2948765204570586	0.34402260719990174	1.3023712986853422	1.0566408649711265	5.676373018798378	7.986239095712003	75.95527706106401	26.489740754392432	6.905025187369455	104.70573780562722	0.7162426058036464	3.750050648298217	1.0320678215997052	2.997911291313429	0.41774173731416636	3.292787811770488	9.21489126428308	2.8258999877134783	6.585575623540976	10.738419953311217	6.069541712741123	15.530163410738421	7.077036490969407	26.981201621820862	3.047057378056272	1.1795060818282344	22.607199901707826	1.0566408649711265	0.9337756481140189	0.02457304337142155	3.4156530286275952	4.398574763484458	18.601793832166113	2.4327312937707335	24.499324241307285
19C_VivianG_nonquotes	78.99958282033802	9.157602336206107	14.011131574395343	1.597492851982621	4.863704351896133	5.189307990516794	2.2487001292239444	59.07671018223628	7.549934370516591	1.343115009310229	1.465216373792977	0.8038339828447583	16.67701136560201	15.628974653791758	2.56412865413771	241.69965099359985	9.24917835956817	1.719594216465369	22.191922994739468	1.3838154641378118	2.2690503566377354	0.6003317087068448	43701774.9977106	11.131574395343868	2.5132530856032314	0.8445344376723409	1.027686484396463	0.6512072772413232	0.37647920715514	0.22385250155170483	4.945105261551298	1.1192625077585243	2.4827277444825446	2.0451978550860304	0.1526267056034351	1.027686484396463	1.0989122803447329	7.24468095930972	118.93690411990355	56.064876524995164	4.873879465603028	58.120249493788094	0.7147734699104236	4.65447587081986	2.1164236510343004	3.62234047965486	0.17297693301722647	2.655704677499771	5.708238789568473	0.25437784267239183	5.667538334740891	3.194985703965242	1.536442169741247	2.075723196206718	9.85968518198191	10.225989275430152	4.070045482758269	1.7602946712929517	0.07122579594826972	0.3256036386206616	0.5494561401723664	0.0	4.477050031034097	5.341934696120228	10.755095188188728	2.472552630775649	6.3390958393960055
19C_VivianG_quotes	26.304261665867042	11.942259955359937	62.95500531925989	1.1472913494232253	5.068941780178977	59.52356119234861	29.474957758818498	28.484115229771167	11.212165460272429	3.535743340495213	3.0455370366507437	2.3363023842800223	21.537787605081455	11.556352865099397	2.0964141930369844	201.5686601723023	7.238365422724713	0.9074031581801874	36.62988381067607	2.430171676505559	3.713052003587893	1.011702371764117	44796167.91130395	14.685329272617285	0.8656834727466155	0.26074803395982393	0.46934646112768313	0.250318112601431	0.5632157533532197	0.4276267756941113	3.2749953065353887	1.5331984396837648	1.8669559231523396	1.1472913494232253	0.40676693297732536	1.001272450405724	3.4001543628361044	5.43398902772273	97.39460564467343	42.86697678299506	6.623000062579528	74.66780700473518	0.7213842940510079	4.246301441677589	2.1068441143953773	3.212415778385031	0.18773858445107325	3.900790588038966	8.354367008072758	1.178581113498404	8.312647322639187	8.124908738188113	4.881203195727904	9.835415840964558	5.736456747116127	22.57034981956236	3.9633701161893238	0.8656834727466155	1.2933102484407268	0.8552535513882226	0.5736456747116127	0.0	4.526585869542544	3.452303969628069	11.973549719435116	3.5878929472871777	12.33859696697887
19C_alli_nonquotes	86.46870154924076	21.078669238871857	10.083675570757341	2.6688601422603053	4.840637685962151	6.79346218029896	2.6156012924147563	96.35709467056442	11.361887967050524	3.361225190252447	2.6866130922088223	3.000248541299279	16.71736120151965	9.000745623897837	2.840471991762631	193.70243688826295	10.616264069212834	1.1006828968080196	27.286284070869776	2.5268365426721737	6.550838531002568	1.1894476465506019	25416109.287159886	15.83563135407667	4.177860887884203	0.21303539938219734	0.739706247854852	0.42015314878155585	0.7160356479234966	0.44974139869574997	3.704448889257098	1.437988945829832	2.3138011432899765	0.6509414981122696	0.46749434864426637	1.787130294817322	2.4144011929982363	11.480240966707301	110.9441018782621	32.458310155870905	6.675109180642184	75.56839028085167	0.7064375469425903	4.230636792031312	2.6747777922431446	3.603848839548838	0.21895304936503615	4.7932964860994405	5.314049684589256	0.4024001988330394	7.373391878617164	7.29054477885742	4.177860887884203	8.497745375356539	18.102091297503936	17.462985099357343	4.077260838175944	0.9113180973571775	0.7929650977004012	0.45565904867858875	0.2544589492620691	0.0	4.911649485756216	3.1245191909388947	16.007243203578994	3.8346371888795523	10.864805368492066
19C_alli_quotes	22.209433680755378	14.003452906196049	82.262292985485	2.2060234030308843	5.74418654219153	77.42396146386172	40.0387919091161	42.649785791930434	21.7405204936377	6.010614489417482	5.584329773855958	7.86495300211011	17.935929407251106	3.1758211309333504	1.6625103906899419	134.36494234499222	5.435130123409425	0.3836562440053712	43.150670332715215	2.89873606581836	5.424473005520387	0.9165121384572755	1.6838246264680181	19.939467570390264	0.4689131871176759	0.06394270733422854	0.25577082933691414	0.21314235778076177	1.0337404352366946	0.5754843660080567	1.2468827930174564	0.5967986017861329	0.3943133618944093	0.13854253255749516	1.1829400856832277	0.8738836669011233	7.662467762218386	8.333866189227786	72.7774580642411	17.243216744463627	8.664236843787965	104.2798985442377	0.6923015004257429	3.694477578970621	0.9058550205682375	2.9946501268197028	0.8951979026791994	5.999957371528444	8.97329326257007	0.8845407847901613	5.541701302299806	10.017690815695804	8.653579725898927	22.75294669309632	8.493722957563357	32.632094976234626	3.2077924846004646	0.6927126627874758	31.83281113455677	1.5772534475776372	0.5221987765628663	0.0	4.07101903361255	1.9715668094720464	19.06558390348914	2.3978515250335697	26.99447961293348
19C_arma_nonquotes	83.34889548858139	15.66858030975717	15.108342720826984	3.2891368124288407	6.6023698652417755	22.52396069903193	3.2770886922367937	71.2827031162463	10.283070583912144	1.0180661562279745	2.49998493984976	1.313245100933127	17.777001343365402	12.921608905970446	2.7891398244588888	213.17341461798424	6.21683001909627	0.6686706706586105	17.511942699140366	1.861434569671267	1.3795097619893855	0.28915488460912886	25873137.96904838	15.542075047740676	3.662628538382299	0.6746947307546339	1.3313172812211975	0.6686706706586105	1.9276992307275258	0.5843338293142812	3.1807037307004173	1.409630062469503	1.4156541225655266	1.150595478340492	0.10843308172842332	0.24698646393696425	2.7168511033066065	8.656574357985797	124.31250414154131	43.62021915530629	3.650580418190252	62.144203950578614	0.7054182714903731	4.3908118198233375	1.1385473581484449	1.6204721658303263	0.15060150240058795	1.42167818266155	4.891536797971097	0.36144360576141105	5.12045108161999	4.759007475858579	1.1325232980524214	3.4457623749254522	11.60836380503732	15.270992343419618	4.02407214414371	1.036138336516045	1.4999909639098559	0.8614405937313631	0.5060210480659755	0.0	3.5481713965578523	5.24093228354046	8.409587894048832	2.3674556177372423	3.915639062415287
19C_arma_quotes	39.504742596481066	15.190789950039823	55.730939106509304	2.3966403591340235	6.045905437694591	73.62247483889652	31.663167040764606	35.79031207008906	14.017811889073927	2.8238360726956775	4.250235319672725	3.743392947650424	20.621243935993046	9.673448700311347	2.4618058069654625	175.87430309173845	6.016943016436174	0.5213235826515097	29.476504235754106	2.4907682282238794	2.288031279414959	0.3692708710448193	31098162.030265734	21.2149735717906	1.0136847440446022	0.14481210629208602	0.7168199261458258	0.3692708710448193	1.3322713778871913	0.43443631887625805	2.505249438853088	1.2309029034827312	0.8616320324379119	0.8254290058648903	0.23169937006733762	0.3765114763594236	6.234161175874303	8.428064586199406	102.75143001954963	33.11128810368547	5.43769459126783	69.77771341684165	0.707527814765493	4.028570583756533	1.0933314025052496	2.881760915212512	0.3330678444717978	2.309753095358772	5.763521830425024	0.5213235826515097	6.762725363840417	9.043516037940773	3.091738469336036	9.963072912895518	9.796538990659618	21.8883498660488	4.720874665122004	0.8616320324379119	13.040330171602346	0.9702411121569764	0.9267974802693505	0.0	3.4320469191224388	3.511693577583086	11.671855767142134	2.5559336760553184	11.23017884295127
19C_basker_nonquotes	91.22156567412041	15.564052060402426	14.366817286525317	6.0247943459622295	4.4413548063183095	48.58455953346464	2.896535743251072	47.232842853280815	14.637160622562083	2.0468852585640906	2.587571930637624	1.2358552504537905	18.84679256942031	9.848221527053644	1.776541922527324	199.7451048545939	6.372378635152358	1.0813733441470668	23.288147375738617	3.1282586027111576	3.514463368477967	1.2744757270304716	165873676.93971345	10.311667245973815	2.5489514540609433	0.4248252423434905	1.0427528675703859	0.6951685783802573	0.19310238288340478	0.19310238288340478	6.102035299115591	1.5834395396439191	2.2013671648708146	1.1586142973004288	0.19310238288340478	0.23172285946008575	2.3172285946008575	10.157185339667093	118.60348356698722	51.326613370408985	5.522728150465376	60.67276870196578	0.7311689927302185	4.242274029896987	1.776541922527324	2.00826478198741	0.07724095315336191	2.742053836944348	5.484107673888696	0.4248252423434905	6.256517205422315	6.102035299115591	2.510330977484262	3.1282586027111576	10.620631058587264	14.52129919283204	2.780674313521029	1.6220600162206003	0.0	0.6179276252268953	0.30896381261344763	0.0	3.398601938747924	6.9130653072258905	16.18197968562932	2.124126211717453	3.977909087398138
19C_basker_quotes	41.78708345620761	15.806546741374227	59.30404010616337	2.506635210852256	4.423473901503981	57.12179298142141	28.192273665585372	38.86759068121498	20.46593925095842	5.219699203774698	4.2465349454438215	4.452963727514007	23.090533765850783	8.139191978767325	1.2680625184311412	179.79946918313183	5.426127985844883	0.5013270421704512	39.98820406959599	4.511943379534061	7.313476850486582	1.2975523444411678	126657833.58891183	15.924506045414333	0.6487761722205839	0.08846947803007962	0.6487761722205839	0.29489826010026543	0.5897965202005309	0.707755824240637	4.659392509584193	1.739899734591566	1.2090828664110882	0.5603066941905043	0.707755824240637	0.6782659982306104	4.659392509584193	7.991742848717194	91.12356237098201	31.259215570628136	6.98908876437629	74.52079032733707	0.7240325518888618	4.019652215340638	1.8873488646416985	2.565614862872309	0.11795930404010616	4.68888233559422	6.192863462105573	1.2680625184311412	8.876437629017989	11.029194927749927	4.865821291654378	10.468888233559422	7.077558242406369	25.272780890592745	3.1554113830728396	1.415511648481274	5.750516071955175	0.5603066941905043	0.3538779121203185	0.0	3.2438808611029195	3.0079622530227073	15.659097611324093	3.3618401651430254	11.058684753759954
19C_cran_nonquotes	91.0593566599807	15.080603224128964	7.336007726023327	2.302949260827576	3.9744446920733973	36.03001262907659	0.6128816581234678	60.76814501151474	10.641854245598395	1.8572171458286904	2.284377089369289	2.228660574994428	20.317955575365872	10.363271673724093	2.6186761756184533	205.16677809969542	8.487482356437114	0.8728920585394845	24.34811678181413	1.3929128593715179	2.9529752618676173	0.6128816581234678	79766866.85610282	18.405021915162322	2.284377089369289	0.4271599435405988	1.3000520020800832	0.39001560062402496	1.0400416016640666	0.371443429165738	3.3615630339499294	0.8728920585394845	2.1172275462447065	2.0986553747864196	0.5385929722903201	1.2629076591635093	4.531609835822004	12.480499219968799	107.6257336007726	38.96441571948593	5.590223608944358	73.65723200356585	0.7429538167294768	4.265861875350926	2.3958101181190106	3.472996062699651	0.4457321149988857	4.215882921031127	6.2031052670678255	0.39001560062402496	4.568754178738578	6.425971324567269	2.5629596612435925	4.290171606864274	9.824678701433772	18.980759230369213	4.383032464155709	1.3000520020800832	0.8914642299977714	0.9657529158309189	1.0214694302057798	0.018572171458286903	4.327315949780848	6.853131268107867	15.192036252878685	1.6900676027041082	7.763167669563925
19C_cran_quotes	56.418331885317116	13.68375325803649	51.25977410947002	2.0634231103388356	4.669852302345786	72.00260642919201	17.321894005212858	46.26411815812337	17.10469157254561	2.0091225021720245	2.8779322328410077	3.855343179843614	19.71112076455256	4.398349261511729	2.2263249348392704	175.87966985230236	6.244569939183319	0.3801042571676803	34.426585577758466	1.9005212858384015	2.0091225021720245	0.10860121633362294	1.3032145960034753	19.059513466550825	1.3032145960034753	0.10860121633362294	0.5973066898349262	0.7059079061685491	1.0317115551694178	0.10860121633362294	1.629018245004344	0.27150304083405735	0.43440486533449174	0.8688097306689835	0.43440486533449174	0.814509122502172	5.7558644656820155	9.774109470026065	79.22458731537793	27.910512597741096	6.787576020851433	89.0529973935708	0.7291870054608087	3.885508451094486	0.5430060816681147	3.4209383145091223	0.5973066898349262	5.973066898349261	8.525195482189401	1.3032145960034753	5.212858384013901	8.742397914856646	4.887054735013033	12.109035621198958	6.461772371850564	29.15942658557776	3.3123370981754996	1.0860121633362294	12.652041702867074	1.4661164205039097	1.5747176368375326	0.05430060816681147	3.5295395308427455	4.669852302345786	23.457862728062555	3.2037358818418764	16.12728062554301
19C_dorian_nonquotes	109.06536527654539	15.601892931085477	5.9647047224686975	4.337967070886325	2.933057280883368	2.587991718426501	0.2957704821058858	87.0551118998324	15.527950310559007	2.0950409149166913	2.7605244996549345	1.3309671694764862	20.2109829439022	8.478753820368727	2.070393374741201	219.11663216011044	6.5562456866804695	0.8873114463176576	22.700384501626736	3.475303164744158	1.6267376515823722	0.5668934240362812	105860377.32919255	12.348417627920734	5.3978112984324165	0.4929508035098097	1.3309671694764862	0.8873114463176576	5.02809819580006	1.7499753524598245	2.587991718426501	0.1478852410529429	1.6020901114068815	0.2957704821058858	0.1478852410529429	0.5668934240362812	1.6513851917578626	8.207630878438332	116.90328305235137	50.478162279404515	5.3731637582569265	53.04150645765553	0.7180982964266912	4.336293474496611	0.4929508035098097	2.316868776496106	0.1725327812284334	1.7746228926353151	4.04219658878044	0.12323770087745242	2.933057280883368	3.475303164744158	0.7394262052647146	4.06684412895593	8.355516119491275	11.954056985112887	2.4647540175490485	2.9823523612343488	0.024647540175490486	0.46830326333431926	0.7640737454402051	0.0	2.859114660356896	6.753426008084393	11.263925860199153	1.823917972986296	3.647835945972592
19C_dorian_quotes	32.306364836057256	13.399654857374886	87.02162217033805	2.613947822556086	5.0756268399147295	71.92163232159172	42.55913105268501	34.05745609582783	21.749061009034616	4.87260176631814	7.055121307481474	4.618820424322403	23.32250532940818	6.699827428687443	1.3957973809765507	156.3800629377728	5.1010049741143035	0.22840320779616283	47.17795147700741	2.99461983554969	2.969241701350117	0.5329408181910466	0.20302507359658917	17.13024058471221	0.3299157445944574	0.05075626839914729	0.3299157445944574	0.2791594761953101	2.1063851385646126	1.3450411125774033	2.2586539437620545	0.431428281392752	0.6344533549893412	0.2791594761953101	0.8374784285859304	0.3806720129936047	4.060501471931784	5.507055121307482	81.41305451223225	31.36737387067303	10.7857070348188	89.91472946908944	0.7092766979013074	3.934909109634894	1.091259770581667	3.375291848543295	0.5836970865901939	4.415795350725815	8.247893614861436	0.8882346969850776	4.162014008730078	6.674449294487869	6.319155415693838	11.82621053700132	6.623693026088723	24.48989950258857	3.1468886407471324	1.3450411125774033	10.963353974215815	1.3450411125774033	1.142016038980814	0.025378134199573646	3.8320982641356207	2.5378134199573648	13.298142320576591	2.5378134199573648	19.591919602070853
19C_dracula_nonquotes	85.5829718254078	11.13536514603078	26.664087756624575	4.273622355465908	6.2354360660569395	59.57282197231356	1.7960266364565776	54.221583634973705	13.585329686017703	2.109179998710545	2.7631179022408885	2.2657566798375286	17.269486889005552	7.3222624409383545	5.19466165621287	180.72633159256907	6.143332135982242	0.6907794755602221	25.825941992944838	3.665736416972912	3.4907389498309893	0.967091265784311	39558334.90831053	15.749772042773065	2.256546286830059	0.24868061120167997	0.6999898685676917	0.6999898685676917	0.9486704797693718	0.4420988643585422	2.5236476840466784	0.9118289077394932	0.8749873357096147	1.409190130142853	0.12894550210457478	1.5289252392399584	3.2328479456218395	14.018218157368775	102.64061967524155	35.30343639763109	7.045950650714266	75.74627209343022	0.7226744434434896	4.049095295536791	1.6578707413445333	2.993377727427629	0.74604183360504	2.2473358938225894	6.180173708012121	0.3776261133062548	3.4078454127637623	8.243301741685316	3.1591648015620826	5.305186372302506	8.749873357096147	20.787857017858954	3.527580521860868	3.278899910659188	0.6263067245079348	1.0039328378141894	0.7092002615751614	0.05526235804481777	2.9012737973529332	6.364381568161513	15.970821474952338	2.136811177732954	7.874886021386533
19C_dracula_quotes	28.769692423105777	10.277569392348086	68.56714178544635	2.5881470367591897	6.189047261815453	68.47336834208552	28.75093773443361	42.94823705926481	15.735183795948988	4.219804951237809	3.1132783195798948	5.120030007501875	24.13728432108027	4.388597149287322	1.9129782445611403	161.6654163540885	5.401350337584396	0.468867216804201	38.615903975994	4.519879969992498	3.3195798949737436	0.7126781695423856	80550774.0247562	17.23555888972243	0.6189047261815455	0.07501875468867217	0.43135783945986494	0.3188297074268567	2.100525131282821	0.881470367591898	2.4568642160540137	0.7876969242310577	0.5063765941485371	0.6939234808702176	0.7689422355588897	1.0690172543135785	5.7201800450112525	10.033758439609903	85.93398349587397	28.82595648912228	8.345836459114778	84.88372093023256	0.7085888627391365	3.7749824767461684	1.2753188297074267	2.4381095273818456	0.3938484621155289	1.9692423105776442	8.533383345836459	1.0502625656414104	6.920480120030008	12.153038259564893	5.682670667666916	14.553638409602401	5.007501875468867	22.768192048012004	2.644411102775694	0.937734433608402	5.982745686421605	0.9752438109527383	1.1440360090022506	0.056264066016504126	2.738184546136534	5.513878469617405	18.773443360840208	3.525881470367592	16.48537134283571
19C_emma_nonquotes	83.34889046534494	15.171315137711732	2.949632229399246	2.165552776014636	5.588121818566504	1.4312561450671446	0.6845138085103736	83.36133617095422	14.661041207731273	1.4312561450671446	2.638489589167258	2.1406613647960775	15.320663605023087	19.6268777458338	3.895505855704489	184.94318535389365	12.010105912954735	1.2196791497093928	29.882139167880123	2.4518040050280647	2.5762610611208605	0.5351653411990194	53453896.551294975	22.04134463403403	1.9788671918754435	0.27380552340414943	0.7591880421660506	0.360925462669106	0.7965251589938892	0.3235883458412675	2.5638153555115806	0.9334279206959638	0.5849481636361373	1.9166386638290458	0.16179417292063375	1.443701850676424	1.6926159628620145	8.799113865760619	105.90050902935943	39.3782125477604	6.70823532340166	86.17406563865138	0.7319274461809099	4.469773331327416	2.7753923508693323	4.057300028625123	0.4729368131526217	7.940360178720333	9.732541786456583	0.27380552340414943	3.6092546266910603	9.956564487423615	4.779150953963335	4.89116230444685	10.902438113728858	18.793015470012072	4.256431318373595	2.501586827465183	0.0746742336556771	0.7716337477753301	1.4188104394578651	0.0	6.5464411504810265	7.044269374852207	14.785498263824067	3.7834945052209736	9.956564487423615
19C_emma_quotes	28.801744520808068	12.557119580530951	63.679909833755985	1.849878104058706	4.2877969299373975	62.55283178360102	28.96100554963431	44.38482364903769	18.22926237641957	3.2587256667524223	3.4057358472074193	5.07185122569738	16.661153784899604	10.903255050412241	2.4256679775074423	152.71907579599886	7.0319869650973335	0.4900339348499884	42.52269469660774	2.9647053058424295	2.3031594937949453	0.7840542957599813	0.44103054136498954	19.527852303772036	0.7350509022749825	0.1347593320837468	0.294020360909993	0.1225084837124971	0.759552599017482	0.5145356315924878	1.604861136633712	0.588040721819986	0.2450169674249942	0.9555661729574773	0.46553223810748895	0.6370441153049848	4.385803716907396	8.673600646844795	82.08068408737306	30.553615837896775	8.673600646844795	103.80143824959879	0.7223901976011803	4.015082120607717	2.254156100309946	3.111715486297426	0.6860475087899838	11.197275411322234	11.41779068200473	0.9555661729574773	4.104034204368652	12.324353461477207	7.999803986426061	14.75002143898465	7.7670378673723155	29.51229372634055	3.626251117889914	1.3843458659512171	0.5757898734487363	1.298589927352469	1.433349259436216	0.0	5.1821088610386274	3.9570240239136556	16.51414360444461	3.4669900890636676	18.52328273732956
19C_frank_nonquotes	85.55417997002672	13.20562107686627	15.594795942746682	3.3665645837405793	4.061597271996699	81.405703611998	2.9973284681045156	35.077430985426034	9.2960622054256	2.7366912100084706	1.151147889924198	0.5864338307161009	22.588562368323885	20.41658521752351	3.996437957472687	183.1628331269955	9.46982037748963	2.1068178362763623	19.46091527117135	0.8470710888121457	3.040768011120523	0.45611520166807845	93285703.89435503	16.33326817401881	1.889620121196325	0.6733129167481158	1.2814665189722205	0.4995547446840859	2.7366912100084706	0.651593145240112	3.3882843552485826	1.9547794357203363	2.15025737929237	1.8244608066723138	0.10859885754001869	0.6950326882561195	2.2588562368323886	8.362112030581438	114.87587150583175	42.85310918529137	5.907777850177016	60.25064616320237	0.7240688241451282	4.454183440322054	2.606372580960448	3.5837622988206164	0.28235702960404857	1.6072630915922763	5.495102191524945	0.3040768011120523	7.449881627245281	6.646250081449143	2.975608696596512	4.495992702156774	5.603701049064964	16.724224061162875	3.996437957472687	1.8461805781803176	0.0	0.6733129167481158	0.41267565865207095	0.0	4.734910188744815	10.88160552550987	18.570404639343195	2.3891748658804106	6.233574422797072
19C_frank_quotes	64.67866323907455	11.68808911739503	35.85261353898886	2.433590402742074	4.69580119965724	76.81233933161953	25.5012853470437	33.00771208226221	9.048843187660669	3.4961439588688945	1.6452442159383034	0.9940017137960583	24.061696658097688	17.309340188517567	3.1533847472150813	173.67609254498714	8.946015424164525	1.6795201371036845	25.192802056555273	0.5826906598114824	3.9417309340188518	0.47986289631533846	147213956.6409597	15.492716366752356	1.3024850042844902	0.8226221079691517	0.8568980291345331	0.27420736932305056	2.056555269922879	1.062553556126821	3.2562125107112254	1.9537275064267354	2.2279348757497854	1.3367609254498714	0.41131105398457585	0.7197943444730077	3.2562125107112254	7.574978577549272	101.79948586118252	41.30248500428449	8.911739502999142	64.4044558697515	0.7211968048478019	4.356552173763854	2.879177377892031	3.016281062553556	0.1713796058269066	2.707797772065124	5.518423307626393	0.27420736932305056	8.294772922022279	7.986289631533847	3.1876606683804627	9.357326478149101	4.387317909168809	20.051413881748072	4.181662382176522	1.6452442159383034	0.03427592116538132	0.3427592116538132	0.13710368466152528	0.0	4.867180805484148	11.756640959725793	19.845758354755784	2.467866323907455	9.220222793487574
19C_jane_nonquotes	103.54980432695858	10.808166580521302	9.35907849073322	3.858081665805213	7.06084324005021	63.455290556006794	1.5783061360112236	52.92401978882079	13.549435132540797	1.522926973344163	1.9567304142361366	1.504467252455143	14.04784759654434	12.98641364542568	3.008934504910286	193.9655172413793	7.346968913830023	0.6553200915602156	20.748726279258655	1.5783061360112236	1.2275714391198405	0.23074651111275196	39641948.0358857	15.247729454330651	3.276600457801078	0.8952964631174777	1.4398582293435724	0.8676068817839474	0.7937679982278668	0.09229860444510078	1.8459720889020157	0.18459720889020156	1.2183415786753304	1.3014103226759213	0.5907110684486451	0.7199291146717862	1.864431809791036	9.2483201653991	101.33463782027616	40.74060400206749	5.79635235915233	71.78985453739939	0.7399556841149078	4.297672307592556	1.993649856014177	3.2304511555785274	0.3599645573358931	2.2705456693494797	4.827217012478772	0.6184006497821752	5.713283615151739	4.71645868714465	1.9105811120135863	3.8396219449161926	8.851436166285165	17.352137635678947	3.941150409805804	2.648969947574393	0.18459720889020156	1.3383297644539613	0.6830096728937459	0.0	3.5627261315808902	10.032858303182456	14.278594107657092	3.4796573875802994	6.848556449826479
19C_jane_quotes	34.419741883444246	9.691974188344425	65.61302681992338	2.5458761847146603	6.125226860254084	66.79774148013712	45.08217382536802	33.28544061302682	15.817201048598507	2.8105464811453924	3.176043557168784	4.02046783625731	18.552127445049404	9.855817705182497	1.8400887275660416	175.23694293204275	6.831014317402702	0.49153055051421657	35.56664650131075	1.9913288969550311	1.461988304093567	0.3276870336761444	54130965.07612421	17.669893123613633	0.8318209316394435	0.23946360153256704	0.768804194394031	0.4411171607178867	0.8066142367412785	0.2520669489816495	1.663641863278887	0.5419439403105465	0.8570276265376083	0.6427707199032062	1.083887880621093	0.5923573301068764	4.310344827586206	8.04093567251462	83.0812663843517	31.294111716071793	8.923169993950392	80.61101028433151	0.7234421557526538	4.003049632773386	1.2981447872554952	2.671909659205485	0.4411171607178867	2.961786650534382	5.936176648517847	0.9704577535793507	6.024400080661424	8.29300262149627	5.331215970961887	14.846743295019158	6.175640250050413	21.614740875176444	3.1634402097197016	0.8444242790885259	4.688445251058681	1.1595079653155878	0.8066142367412785	0.0	3.4281105061504333	7.272131478120588	17.30439604759024	4.083484573502722	14.304799354708612
19C_mary_nonquotes	88.58545118810437	12.85776762719277	7.25982797997959	4.227610671072452	5.510471840225473	2.92531221147772	1.4772340735701444	88.27445454103699	9.922736770494193	2.0020409154963796	1.603576461441275	1.827105301520968	18.348802176976527	11.808153943340299	4.36367170416444	199.05729141357693	7.201516108654453	1.0690509742941834	20.40915496379805	1.914573108508674	1.4869527187910005	0.34987122795082365	41741260.50828514	18.17386656300112	3.518149569949949	0.5248068419262355	1.0010204577481898	0.8843967150979153	1.0301763934107584	0.2429661305214053	3.663929248262792	0.6122746489139413	1.885417172846105	1.7590747849749746	0.21381019485883668	1.4480781379075758	3.3820885368579616	10.739102969046115	110.37465377326401	44.637737499392586	5.4035667427960545	72.54968657369163	0.741250441193773	4.348724227435232	1.9826036250546673	3.2363088585451187	0.5150881967053792	1.9437290441712425	6.589241459740512	0.5442441323679479	5.112007386170368	6.385149910102532	2.0700714320423734	4.703824286894407	8.221973856844356	17.590747849749746	3.7222411195879292	1.739637494533262	0.5636814228096604	0.8358034889936343	0.6608678750182224	0.009718645220856213	3.5667427960542297	8.328878954273774	14.101754215462364	2.507410466980903	6.82248894504106
19C_mary_quotes	43.02697092070906	9.114646685804182	62.56994112781589	3.113900647107478	5.741254318104413	66.47853516923726	25.900517361617933	51.03877779399601	17.012925931332003	3.778848181125221	2.1732431599604274	5.643944922882304	20.289008903809663	1.9948426020532282	2.3192072527935905	167.63165150261923	6.79543943301059	0.37301934835141665	37.512771858122896	2.4489531130897353	0.6973839990917791	0.11352762775912681	2.4327348805527174	19.29969671905156	1.2325856728133768	0.38923758088843474	0.37301934835141665	0.421674045962471	0.8109116268509058	0.08109116268509058	0.9893121847581051	0.3081464182033442	0.17840055790719928	0.37301934835141665	0.29192818566632606	1.1514945101282863	6.1791465966039025	11.742000356801116	72.57659060315606	24.392221735675246	6.763002967936554	89.81657179000632	0.7262491523125029	3.6899277287883145	0.6000746038696704	2.3192072527935905	1.0055304172951232	2.3354254853306085	8.255080361342221	1.8650967417570834	4.622196273050163	11.0121798926353	4.249176924698746	17.7265281629608	7.606351059861496	28.72248982305908	2.4327348805527174	0.7946933943138877	33.86366953729382	1.5245138584797029	1.1514945101282863	0.0	3.61666585575504	5.0600885515496525	21.8459592273634	3.778848181125221	16.834525373424803
19C_mill_nonquotes	82.96545793320911	13.909989967034543	9.287659452486743	3.325211408915006	4.830156227604988	3.1532177153504373	1.662605704457503	71.72853662032392	10.935932349147198	1.7056041278486456	2.938225598394726	1.3974487602121255	19.6072810663609	16.432564139314895	4.113515837752615	211.22975490898668	7.481725670058764	1.0247957574888922	24.193779561416083	2.5584061917729684	2.379246094309875	0.6234771391715637	30779466.66188906	16.733553103052888	4.808657015909417	0.3296545793320912	0.9459653146051311	0.7238067937508957	2.4437437293965885	0.2794897520424251	4.335674358606851	0.6019779274759925	1.7414361473412643	1.7557689551383115	0.6019779274759925	0.6449763508671348	2.9955568295829154	9.810806937078974	118.86197506091443	53.34671062061057	5.9266160240791175	69.61444747025942	0.7352263157133281	4.4263445952296605	1.5981080693707896	2.8880607711050597	0.4228178300128995	3.146051311451913	5.525297405761789	0.2794897520424251	7.976207539056901	4.901820266590225	2.6300702307582053	4.987817113372509	14.361473412641537	15.715923749462519	2.6014046151641104	1.7844345707324065	0.7309731976494195	0.4013186183173284	0.6378099469686112	0.0	3.912856528593952	6.736419664612298	12.218718646982945	2.6587358463523003	7.582055324638096
19C_mill_quotes	25.078710237759203	10.815872326566064	74.12333080013028	2.917707089349691	5.672565410921724	72.9562479643904	42.25925523830203	31.755509716643143	18.795461947671264	4.505482575181849	6.079687330365867	6.1746824449028335	18.483335142764087	4.641189881663229	2.7141461296276193	164.02942134404518	7.355336011290848	0.29855607425903813	39.76224079904462	4.20692650092281	1.1127999131473238	0.2578438823146238	1.9813266746281621	20.410378894799695	0.6921072630550429	0.17641949842579524	0.2578438823146238	0.2714146129627619	1.0313755292584952	0.3121268049071762	1.0585169905547716	0.2849853436109	0.12213657583324286	0.18999022907393334	1.411355987406362	0.6513950711106286	7.4096189338834	12.593638041472152	69.23786776680056	26.150797958962112	8.2645749647161	81.35653023558788	0.71017466185237	3.730065387532014	0.8549560308327	2.388448594072305	0.3664097274997286	3.2162631636087284	6.48680924981001	1.3435023341656716	4.8583215720334385	10.313755292584954	7.165345782216915	18.021930300727394	6.351101943328629	24.9701443925741	2.0491803278688527	0.6378243404624905	43.11421126913473	1.0992291824991858	1.2349364889805667	0.0	3.1755509716643147	5.048311801107372	17.859081532949734	4.20692650092281	19.85397893822603
19C_native_nonquotes	96.47323117127236	13.937441975082237	5.627700665925476	5.811088060334453	5.536006968720987	1.6619482618313524	0.8710901234426398	71.78470319896387	11.20955448324871	2.83104290118858	2.0401847627998673	1.3066351851639597	18.774284502619	13.63943745916765	4.091831237750295	212.62622210505805	8.573360688619667	1.3066351851639597	21.662635964560387	1.5587928524763028	2.3611127030155767	0.5043153346246863	49227674.41860465	14.074982520888971	3.9886758283952455	0.5616238953774915	1.4212523066695704	1.157632927206666	0.7679347140875904	0.4011599252696368	4.8941510882895685	0.7220878654853462	1.7077951104335964	1.971414489896501	0.21777253086065995	1.375405458067326	1.822412231939207	8.72236294657696	124.98997100186826	43.990051233853315	5.0431533462468625	67.91064449207423	0.7368279979674568	4.5028549676437	1.9141059291436955	3.5072839180716815	0.3323896523662705	1.375405458067326	4.619069996676104	0.19484910655953785	6.017398879044552	4.882689376139008	1.0315540935504948	2.9800451591458734	13.5362820498126	13.811363141426066	3.0488154320492398	2.07456989925155	0.0916936972044884	0.676241016883102	0.5730856075280526	0.0	3.885520419040196	6.0976308640984795	11.23247790754983	2.1662635964560386	5.707932650979403
19C_native_quotes	33.64938046583361	16.22881578716767	69.36679577279659	3.049475104716171	7.869047827687131	74.41420284267163	38.872044725634865	34.718449324383535	18.840147917068297	6.7123503741741	5.152561383830772	6.274207399358559	22.397868872570495	3.3649380465833607	1.927829089188384	137.5418426540949	5.87111586252826	0.4556686938081635	39.222559105487306	3.4876180795317127	3.049475104716171	0.5783487267565153	1.4371089573949771	20.22467971748541	0.5783487267565153	0.10515431395573002	0.4381429748155418	0.24536006589670342	1.3670060814244904	0.35051437985243344	1.8402004942252757	0.4381429748155418	0.10515431395573002	0.3329886608598118	1.2618517674687604	0.963914544594192	6.169053085402829	8.202036488546941	76.0966718659633	23.519514888098286	8.272139364517429	101.26360433936803	0.7222616328219003	3.744200660729675	1.016491701572057	4.013389649310363	0.4556686938081635	2.786589319826846	6.9401847210781815	2.068034841129357	6.309258837343802	11.44429450218195	6.764927531151966	17.140153174783993	6.50204174626264	27.585481694386512	3.067000823708793	1.069068858549922	17.367987521688075	1.4020575194097338	1.1391717345204087	0.01752571899262167	3.9783382113251196	2.769063600834224	17.280358926724972	3.2948351706128745	21.433954327976306
19C_persuasion_nonquotes	79.35321569199358	17.172232754849063	2.8073501531281906	2.552136502843809	5.523552574011958	0.5468863934665306	0.21875455738661223	80.72043167565991	12.195566574303632	1.5677409946040544	3.882893393612367	2.278693306110544	15.239900831267319	19.961353361528364	4.229254776141169	189.60551261484616	11.39346653055272	1.458363715910748	28.82091293568616	2.38807058480385	2.8255796995770748	0.4739682076709932	78295302.44640513	22.53171941082106	2.2969228525594283	0.364590928977687	0.8385591366486802	0.40105002187545574	0.5651159399154149	0.12760682514219046	3.1901706285547617	1.2213796120752514	1.0026250546886393	1.9323319235817413	0.21875455738661223	1.5859705410529388	1.348986437217442	9.351757328277673	111.78357882455884	41.4722181712119	6.289193524865102	81.50430217296194	0.736806222075121	4.530301361817715	3.0807933498614553	4.739682076709931	0.29167274318214964	6.198045792620679	8.914248213504449	0.29167274318214964	3.463613825288027	9.096543677993292	4.283943415487823	3.64590928977687	8.294443634242379	19.542073793204022	3.4453842788391422	2.2604637596616595	0.05468863934665306	0.5286568470176461	1.6406591803995916	0.0	5.614700306256381	7.729327694326965	13.909143940498762	3.9193524865101352	9.114773224442176
19C_persuasion_quotes	33.61977472696771	13.968297442569071	58.954431853195935	2.0541613886130987	4.964223355814989	61.96720188982847	25.848197473381493	44.23294190146872	15.543154507172446	3.7659625457906807	5.683179841829573	5.101167448389195	17.802732034646855	8.11393748502174	2.4307576431921665	161.11472491355406	8.31935362388305	0.7189564860145846	41.151699818549076	2.5677017357663736	2.3622855969050636	0.5477763702968264	147042598.51415658	20.575849909274538	0.6504844397274812	0.2396521620048615	0.3081242082919648	0.34236023143551647	0.8559005785887912	0.5477763702968264	2.6361737820534765	0.8559005785887912	0.2738881851484132	1.3694409257420659	0.479304324009723	0.9243726248758944	4.519155054948817	7.737341230442672	89.492964497244	31.599849361498173	8.832893971036324	94.01211955219281	0.7283168693008882	4.0255412894564735	2.2595775274744083	3.5263103837858196	0.5820123934403779	8.661713855318565	9.620322503338013	0.5477763702968264	4.5533910780923685	12.08531616967373	7.9769933924475325	12.633092539970557	7.052620767571639	28.997911602588246	3.6974904995035778	1.3009688794549623	0.5477763702968264	1.4036769488856173	1.5063850183162724	0.0	4.58762710123592	4.861515286384333	16.50176315519189	3.7659625457906807	16.50176315519189
19C_pride_nonquotes	93.02122073944433	13.184569386713337	2.6544155181214903	2.6252461168234524	5.381754539488077	3.01903303434697	1.1230219499744767	97.06118281922264	10.996864289360461	1.0938525486764386	3.0919565375920657	1.5751476700940714	18.522569824254358	23.000072923503247	3.646175162254795	191.35127251513163	11.551082914023189	2.0418580908626853	26.10661416174433	1.7355793772332824	3.441989353168526	0.7146503318019398	62640808.9987603	20.185225698242544	1.7939181798293589	0.2916940129803836	0.5979727266097863	0.3792022168744986	0.7584044337489972	0.2916940129803836	3.7045139648508716	1.1813607525705534	1.706409975935244	1.2834536571136879	0.20418580908626852	2.2460438999489534	1.2396995551666303	9.975935243929118	118.26733756289651	32.596805950557865	6.7673011011448985	77.35725224239773	0.7398402800246916	4.609372475878578	3.8066068693940056	3.8066068693940056	0.24793991103332605	4.3316560927586965	7.861153649821336	0.17501640778823013	4.112885583023409	7.948661853715452	2.756508422664625	3.9816232771822357	13.067891781521185	18.726755633340623	3.9524538758841974	1.648071173339167	0.04375410194705753	0.9334208415372274	0.8021585356960549	0.0	6.271421279078247	4.973382921315539	14.701378254211331	3.9232844745861595	8.196601764748777
19C_pride_quotes	27.617591244910365	12.896807119037529	64.09713138161652	1.8424010170053613	4.163826298432117	65.79214031726146	32.90528216371576	46.24426552683457	16.489489102197986	2.9846896475486853	5.471931020505924	4.311218379792546	19.897930983657904	13.173167271588335	2.910993606868471	144.2968476518599	9.580485288427878	0.9212005085026806	41.60141496398106	2.8557215763583104	3.390017871289865	1.0685925898631097	79130520.90203954	21.795604031173426	0.4237522339112331	0.05527203051016084	0.16581609153048252	0.11054406102032167	1.1607126407133777	0.33163218306096504	2.0819131492160583	1.1422886305433242	0.6264163457818228	0.9580485288427879	0.8843524881625734	1.1422886305433242	5.2508428984652795	8.76982884094552	88.47209683659746	30.08640860769755	9.727877369788308	96.37599719955045	0.7335305782060705	4.093471947316821	2.5977854339775597	2.9846896475486853	0.7001123864620373	6.927427823940159	10.24374965454981	0.5711443152716621	4.624426552683457	12.804687068187262	7.5906921900620885	14.112791790261069	7.553844169721982	27.94922342797133	4.3296423899626	1.1791366508834313	0.33163218306096504	0.8659284779925199	0.9764725390128416	0.018424010170053615	6.17204340696796	4.016434217071688	16.45264108185788	3.7953460950310443	18.258194078523132
19C_sybil_nonquotes	92.28568021938715	13.007143089413269	11.023553768277745	1.690928601623725	3.6203214932200267	4.0972500731651795	1.2681964512177937	58.09857246604594	9.213393021667732	2.0161071788590568	1.8210000325178577	0.6720357262863522	20.226107504037635	16.996000303500008	2.644785761514031	241.14159359181417	8.693107298091201	1.2031607357707272	20.551286081272966	2.460517901080677	1.582535742545281	0.498607151760842	46554372.02597093	11.03439305418559	2.3196071842786994	0.9213393021667733	1.3440714525727044	0.7912678712726405	2.4171607574492993	0.39021429268239805	5.831535818420282	1.0839285907844391	2.6989821910532537	1.3765893102962377	0.18426786043335464	1.5175000270982146	1.3982678821119263	6.048321536577171	117.76884138872931	51.95269735629817	4.574178653110333	53.45935809748854	0.7032187935237261	4.6642718172233515	2.135339323845345	3.165071485090562	0.2709821476961098	2.579750046066965	4.4657857940318895	0.2601428617882654	6.460214401075257	3.8045893536533812	1.4307857398354595	2.5905893319748095	22.870893265551665	8.71478586990689	3.0566786260121184	1.5716964566374367	0.4552500081294644	0.36853572086670927	0.29266071951179856	0.0	4.053892929533802	8.855696586708866	11.641393065024875	2.2870893265551664	5.7014643875261495
19C_sybil_quotes	26.49919924076161	12.51557031852423	74.6782134171659	1.0380212349486921	4.582122308559227	61.77709235423216	28.323150839314316	35.27789311347055	14.962334658046148	5.0418174268936475	4.40417581113945	4.255887063289637	21.071831069458447	9.668426359807818	1.9574114716175337	186.4434426715701	7.073373272436087	0.6821282401091405	39.88967317159974	3.2623524526958896	2.2539889673171603	0.3855507444095142	63689530.60679755	14.99199240761611	0.4003796191944955	0.1038021234948692	0.5190106174743461	0.3855507444095142	1.9870692211874965	0.5486683670443087	3.203036953555964	0.5783261166142712	1.0083634853787293	0.6376416157541965	0.4448662435494395	0.8749036123138976	4.982501927753722	5.634972418292899	85.53294975977222	31.21478142238567	6.569191529746722	75.43448603119995	0.7211215824202262	4.046840762419331	1.319769855863337	3.1437214544160392	0.43003736876445814	3.840678569310161	6.242956284477134	1.3790853550032625	8.838009371848864	9.13458686754849	6.406073907111928	15.021650157186073	6.509876030606798	22.050536805267217	3.0250904561361884	0.43003736876445814	8.333827629159499	1.5125452280680942	0.5338394922593274	0.0	3.6923898214603477	4.033453941514917	18.7288688534314	4.419004685924432	15.377543152025623
19C_vanity_nonquotes	77.87475470025954	10.393587390010762	13.804045071849085	2.627081091346458	2.955466227764765	6.654744571754131	2.0890042413116414	71.07757802114325	7.08599734126733	1.4005823890612141	1.839748053427866	1.1988035702981579	21.95037032347914	11.995948597835033	2.5083876685446604	240.34231183136038	7.746724061530671	0.8941571184402102	20.32822687852124	1.491580679875926	2.191871874406533	0.4352092169399253	16992807.154839527	14.116604418560486	2.8684243843767803	0.3837754003924796	0.8348104070393113	0.672596062543521	0.47477369120719126	0.15825789706906376	4.807083623472811	1.5153193644362855	3.0820725454200164	1.5944483129708173	0.15034500221561056	0.8308539596125847	1.6142305501044503	7.758593403810851	114.49167563461417	48.288440843198075	3.9208393998860545	59.639488510476674	0.7362177229578872	4.439285985750119	1.4401468633284802	2.1879154269798065	0.25321263531050203	3.699278343989365	5.167120339304931	0.2888206621510413	7.513293663353801	3.758625055390264	1.8872254225485852	4.035576375261126	10.255111730075331	12.051338861809203	3.192853073368361	0.6092929037158954	0.8150281699056783	0.4272963220864721	0.46290434892701143	0.003956447426726594	2.405520035449769	9.83968475026904	12.466765841615498	1.81205292144078	5.808064822434639
19C_vanity_quotes	28.586479367866552	9.991220368744512	69.69271290605793	1.9666374012291483	3.230904302019315	64.42493415276559	37.57682177348551	41.28182616330115	13.011413520632134	2.704126426690079	3.617208077260755	3.968393327480246	22.493415276558384	4.741000877963125	1.7208077260755048	210.55311676909568	5.601404741000878	0.456540825285338	37.734855136084285	2.616330114135206	2.0193151887620724	0.2633889376646181	75416457.20807727	14.416154521510096	0.42142230026338895	0.0877963125548727	0.2985074626865672	0.21071115013169447	0.5267778753292361	0.3511852502194908	2.4231782265144863	1.035996488147498	0.7901668129938543	0.5267778753292361	0.5618964003511853	0.5970149253731344	3.9508340649692717	5.829675153643547	78.29675153643547	29.956101843722564	6.584723441615452	71.97541703248464	0.7284578809298182	3.925587823462021	0.4916593503072871	2.4231782265144863	0.42142230026338895	3.125548726953468	5.776997366110623	0.6321334503950834	6.760316066725197	7.42756804214223	4.776119402985075	15.030728709394205	5.741878841088674	18.858647936786653	3.1782265144863917	0.5443371378402106	24.389815627743634	1.1940298507462688	0.7550482879719052	0.0	2.5636523266022824	5.355575065847234	14.24056189640035	2.7743634767339773	16.224758560140476
19C_wh_nonquotes	104.22539390522536	8.219340672383609	9.79199430283968	3.2046526809293496	3.4123616509895847	50.250734399572714	2.477671285718525	82.57915195394796	11.602029613364587	1.6171626954689773	1.7951989555206078	1.364944660395834	12.091629328506572	13.397228568885197	2.8930892258389957	184.4158927034806	6.097741906768346	0.44509065012907634	17.165662739978043	1.231417465357111	1.6319990504732798	0.32639981009465596	63721659.31278004	19.03504347052016	6.869232366992078	0.6379632651850093	0.6527996201893119	0.9495267202753627	1.1127266253226906	0.32639981009465596	1.4094537254087416	0.3412361650989585	0.6379632651850093	0.8011631702323374	0.41541794012047123	0.9940357852882703	2.4925076407228275	9.39141271772351	98.42437909854307	36.42325153556274	5.5042877065962434	66.15530696418503	0.7656175125571402	4.423600922238524	1.8248716655292128	2.56668941574434	0.20770897006023561	1.9435625055636332	3.9167977211358713	0.41541794012047123	3.664579686062728	5.266906026527403	2.2847986706625916	5.326251446544613	12.640574463665768	16.883771994896293	5.281742381531705	1.5133082104388593	3.4568707160024923	2.329307735675499	0.5637814901634967	0.0	2.2551259606539866	6.869232366992078	18.026171330227587	3.0266164208777186	8.011631702323372
19C_wh_quotes	35.7886216466235	9.925223558433549	63.73342584027135	2.2741288930003085	5.9551341350601295	70.49799568300956	42.24483502929386	51.95806352143077	14.993832870798643	3.3533765032377425	3.6810052420598214	4.413351834720937	15.572001233425839	6.436941103916127	2.0814061054579094	156.20181930311438	6.494757940178847	0.28908418131359853	35.884983040394694	1.5417823003391922	1.9272278754239902	0.48180696885599755	1.2719703977798336	19.387912426765343	1.6188714153561516	0.1541782300339192	0.28908418131359853	0.3661732963305582	0.7323465926611163	0.38544557508479804	0.982886216466235	0.23126734505087881	0.21199506629663892	0.2505396238051187	1.3105149552883133	0.8672525439407955	6.1285846438482885	8.364168979340118	76.27967930928153	23.839808818994758	9.250693802035153	83.75732346592662	0.7400043908669911	3.950939186901181	1.5417823003391922	3.0450200431699046	0.13490595127967933	1.9465001541782299	5.76241134751773	1.349059512796793	5.9551341350601295	8.768886833179156	6.167129201356769	21.160962072155414	5.8009559050262105	19.52281837804502	2.9486586493987046	0.6938020351526364	28.195343817452976	1.0985198889916743	0.6167129201356768	0.0	2.9101140918902253	4.490440949737897	21.527135368485972	2.9872032069071848	19.52281837804502
19C_wwhite_nonquotes	82.46930694194312	15.350789980513245	12.799900009658158	3.5962435446576184	6.078958282438628	58.789775987546655	0.9203656465000539	54.9890067436668	10.561479857059261	1.2498792730247648	2.0452569922223423	1.5112176664753973	18.327775158081323	14.600862416698387	2.7099655146946033	193.98694444286633	7.470869291034389	0.8692342216944954	19.287909690541255	1.5055363970525575	2.283870307981615	0.42041393729014814	24400862.97346279	18.82204559786839	2.261145230290256	0.5056329786327457	1.136253884567968	0.5397205951697847	1.238516734179085	0.6192583670895425	3.18151087679031	1.4998551276297176	1.9714004897254243	1.2896481589846436	0.24997585460495292	0.3067885488333513	2.6645153593118844	9.453632319605493	123.38012805581279	44.279813881613705	4.363214916740996	66.76059698779095	0.7177662822737764	4.329039276308256	1.698699557429112	2.6304277427748457	0.13635046614815613	1.8975439872285065	5.169955174784254	0.3067885488333513	6.828885846253487	5.863070044370715	1.874818909537147	2.545208701432248	10.936443638966692	16.384781015470097	4.232545720015681	1.380548469750081	0.22725077691359358	0.9885408795741321	0.4374577455586676	0.0	4.499565382889153	6.567547452802854	9.686564365941926	2.806547094882881	4.9483856672935005
19C_wwhite_quotes	30.552069416892703	12.4016571528818	65.09857900489858	2.685451331255145	5.478860504972808	70.79335519479643	40.43021200221313	36.044424652173326	14.965655911366612	2.2941041523285155	4.04841909234444	3.9269665195741066	20.323063843569084	9.432816485162544	2.0511990067878494	177.42871408714896	6.140102290055734	0.4993050213891475	30.727500910894296	2.4290514554066633	2.5505040281769973	0.41833663954225875	57959424.97604685	20.87634778618949	0.5937681335438512	0.0944631121547036	0.6072628638516658	0.28338933646411074	0.998610042778295	0.5937681335438512	2.3075988826363303	0.9851153124704802	0.41833663954225875	0.7152207063141843	0.796189088161073	0.1754314940015924	6.396502165904214	7.233175444988732	97.00012145257277	29.86383817119415	6.7203756932917695	74.88225847806432	0.7051064995548564	4.016880061282556	0.9176416609314062	2.4965251069457377	0.20242095461722198	2.4560409160222934	6.113112829440103	0.6072628638516658	7.489575320837213	8.879532542542137	3.6435771831099957	10.485405449172099	9.527279597317248	24.776324845147972	4.223850586346032	0.5532839426204068	7.354628017759065	1.1875362670877023	0.5667786729282215	0.0	3.0902932404895886	4.858102910813327	12.60407810749902	3.65707191341781	11.888857401184838
DNov_BH_nonquotes	61.1609167495064	10.243113613354529	39.07592089531043	3.683123141832308	4.952059846170056	35.93793662646077	0.8245798078729047	61.641921637432254	13.46813686192411	1.8919525591750537	3.0463642901971206	2.0843545143453985	17.371147952522527	11.209704388138878	2.8722863307572846	206.26863893940714	7.05931935517859	0.774188819614005	22.194939828579017	2.1255835047390432	2.2401084780547245	0.6871498398940873	19675239.53585319	15.433385404021202	4.82837287498912	0.4077089050038251	0.8016748132097685	1.0994397438305397	1.085696747032658	0.39396590820594335	2.377538446033542	0.4214519018017069	1.8003325805225088	1.3147466936640204	0.27944093489026217	1.0582107534368945	2.8218953424983853	9.82166171155282	113.35681858786127	45.92909529852079	4.489378953974703	72.55386109495036	0.7157172825562242	4.308658303916237	1.694969605072082	2.2355274791220974	0.4214519018017069	3.59608416211239	6.156862565451022	0.49016688579111556	5.698762672188297	4.874182864315393	1.6766456093415731	3.005135299803475	16.43204317133394	16.042658262060623	2.91351532115093	2.079773515412771	0.8062558121423957	0.9528477779864677	0.5863678633762879	0.0	3.504464183459845	7.966357143838785	12.350373122363061	2.2172034833915886	6.0377565932027135
DNov_BH_quotes	24.69517117445966	11.575422759148374	75.77725208308472	2.239272201436223	5.657847631215033	73.25719339870979	36.72687196838344	31.19537825449083	20.560590213187137	5.103294327411079	4.576819671900995	5.756122900243582	20.097292516338264	7.7075889566676254	2.070800311672996	167.5101960591617	7.8690411843573855	0.554553303803955	40.13140807401531	2.253311525583159	2.0848396358199315	0.6879268831998427	0.41416006233459923	18.377475308338656	0.7019662073467784	0.1684718897632268	0.421179724408067	0.36502242782032474	1.1512245800487164	0.40012073818766364	1.7127975459261393	0.48435668306927704	0.9055364074773441	0.7581235039345207	0.9125560695508118	0.6949465452733106	5.524474051819145	7.209192949451413	84.10959096429097	29.9809767157809	7.81990354984311	86.84023951086995	0.6925764603513563	3.9302016412998175	1.48816835957517	1.8040531528812205	0.5405139796570193	4.21179724408067	7.426802473728914	1.874249773615898	7.784805239475771	9.034305088553037	4.647016292635672	11.828130593793215	7.974336115459401	24.968937995324907	3.6221456299093764	0.6387892486855683	17.935236597710187	1.3407554560323465	1.0108313385793608	0.0	3.179906919280906	4.857606154839706	16.222439051784047	3.109710298546228	16.80507100388187
DNov_BR_nonquotes	92.26977499420089	10.502203665042913	4.517513337972628	3.8970076548364645	4.703085131060079	1.571561122709348	0.5915100904662491	74.47228021340756	11.285084667130596	2.522616562282533	2.116678264903735	1.577360241243331	18.18023660403619	11.12850846671306	2.9459522152632798	207.73022500579913	8.107167710508003	0.9974483878450475	17.339364416608674	1.8383205752725587	1.5483646485734168	0.2841568081651589	24907020.47088843	13.946880074228718	6.744374855022037	0.7538854094177685	0.8698677800974252	0.806077476223614	0.7886801206216655	0.15657620041753653	4.645093945720251	0.3885409417768499	2.2732544653212714	2.1282765019717003	0.14497796334957086	1.4961725817675713	2.1340756205056834	11.401067037810252	119.80978891208537	47.81373231268847	4.105775922059847	66.35351426583159	0.7342930526807279	4.449721451714412	1.675945256321039	1.8383205752725587	0.48712595685455806	3.0735328230109022	5.213407562050568	0.41173741591278123	7.67223382045929	3.6186499652052886	1.0554395731848758	3.044537230340988	12.10855949895616	11.02412433310137	2.55741127348643	1.8151241011366273	0.7306889352818372	0.701693342611923	0.8176757132915797	0.0	3.2881002087682676	10.734168406402226	10.287636279285548	2.8125724889816746	4.065182092321967
DNov_BR_quotes	26.143106457242585	11.541593949970913	75.59045956951715	2.5247236765561376	5.049447353112275	68.73763816172193	42.966841186736474	33.53112274578243	16.753926701570684	6.201279813845259	4.130308318789995	6.364165212332752	23.19953461314718	6.620127981384526	1.8964514252472366	162.803955788249	7.004072134962187	0.4421175101803374	39.48807446189645	2.6410703897614893	2.0593368237347294	0.34904013961605584	49970532.774869114	15.799883653286793	1.0238510762070971	0.15125072716695753	0.29086678301337987	0.30250145433391507	1.198371146015125	0.33740546829552065	2.2222222222222223	0.6282722513089005	0.9075043630017452	0.9191390343222804	0.5584642233856894	1.012216404886562	6.4223385689354275	7.713787085514834	81.23327515997673	31.37870855148342	7.2484002326934265	82.2803955788249	0.7134263640175164	3.868001052833078	0.9307737056428156	1.6870273414776031	0.6050029086678301	3.408958696916812	6.433973240255963	1.0587550901687028	8.609656777196044	8.167539267015707	4.176847004072135	14.252472367655614	6.038394415357766	23.362420011634672	3.0715532286212914	0.477021524141943	22.66433973240256	1.372891215823153	1.3379872018615473	0.0	2.501454333915067	6.2594531704479355	13.833624200116347	4.688772542175683	16.114019778941245
DNov_DC_nonquotes	96.5937831443257	11.82589540670637	11.82589540670637	3.8508607326425714	4.699355470343478	67.83470669821325	0.5343885126866281	53.57346822224035	13.19654075222322	2.13347474912295	3.3205515215795054	2.3292812270539285	19.04217997878763	10.08811291506894	2.7698458023986294	186.82385575589458	6.832830219466428	0.709798482499796	22.819613282206088	1.937668271191972	2.300726115688994	0.3263441298849637	17520466.45998205	15.701231949090316	5.021620298604879	0.42832667047401485	0.5303092110630659	0.8240189279595334	1.1014114383617526	0.3345027331320878	1.937668271191972	0.34674063800277394	1.8316064289793588	2.0110957004160888	0.29370971689646735	0.881129150689402	3.353185934568002	10.773435587827365	114.85273721138941	38.985885616382475	4.7972587093089665	71.8405808925512	0.7141496386335957	4.1798956567427	1.7826548094966141	1.8764787468385413	0.4935954964510076	3.48780288814555	5.727339479481112	0.4935954964510076	6.322917516521171	5.001223790487069	2.0396508117810233	3.096189932283593	16.851595006934815	18.789263278126786	2.9167006608468626	1.7092273802724973	1.411438361752468	1.3461695357754753	1.0198254058905116	0.004079301623562046	3.4551684751570533	5.556008811291506	14.359141714938403	2.33336052867749	5.894590846047157
DNov_DC_quotes	26.891116251177934	12.824466718067335	74.08549644478711	2.5271995202604303	4.857363145720894	75.37051315000429	36.08326908249807	34.59264970444616	17.887432536622978	4.154887346868843	4.43759102201662	5.379936605842543	20.868671292726805	8.626745481024587	1.7733230531996917	165.17604728861477	7.101858990833547	0.4454724578086182	44.43587766640966	2.869870641651675	2.4243981838430564	0.6168080185042405	0.7881435791998629	18.992546903109737	0.8995116936520176	0.24843656300865244	0.41120534566949374	0.2998372312173392	1.1565150346954511	0.2998372312173392	1.5762871583997258	0.5225734601216483	0.7024757988520517	0.6596419086781462	0.796710357234644	0.6682086867129273	6.5878523087466805	7.9157029041377545	81.73562922984667	29.2641137668123	8.81521459778977	85.8391159085068	0.6965537929452573	3.9335249160356485	1.1565150346954511	1.8161569433735971	0.5654073502955538	3.966418230103658	7.444530112224792	1.447785487878009	6.099545960764156	9.175019275250579	5.27713526942517	12.71309860361518	7.65869956309432	25.683200548273796	3.315343099460293	0.5996744624346784	20.286130386361688	1.2935834832519488	1.447785487878009	0.0	3.221108541077701	5.0115651503469545	15.30883234815386	3.1354407607298893	17.31345840829264
DNov_DS_nonquotes	82.05933196892325	10.181413555348025	12.549923500307985	4.033620124386513	4.991356528304886	3.1156238202157884	1.4425656208397082	76.49969201422697	12.692987859399526	1.8916287479881575	2.3804319748842566	1.6293440896536648	17.445903789218512	13.046674747153617	2.912949311502772	219.4488048165001	6.58890853816043	0.9378663540445487	18.371848113338764	2.078407216802114	1.6969022592246708	0.26228465833449244	17068240.71373219	13.408309654857232	5.774236493333598	0.651737635861466	0.8027500149025374	0.9458143739940787	1.7803564686947364	0.24241460846066723	2.9169233214775367	0.3099727780316729	2.15391340632265	1.4942277505116537	0.09935024936912591	0.9577364039183739	2.984481491048543	10.316529894490035	118.89443042502036	45.728932779621275	4.260138692948119	66.81502970572456	0.718535374978221	4.435217622824473	1.9273948377610428	2.141991376398355	0.30599876805690784	3.0560136705943135	5.039044648002067	0.4172710473503288	6.541220418463251	4.180658493452819	1.1524628926818608	3.5209728376418226	14.552824527589564	13.026804697279792	2.817573072108411	1.8956027579629224	1.4067995310668229	0.7431398652810618	0.8067240248773024	0.003974009974765037	3.254714169332565	9.11240487213623	11.592187096389612	2.789755002285056	5.190057027043138
DNov_DS_quotes	23.45959186614074	12.067505988724987	74.80953152861079	2.9358260838241383	5.439383296410368	73.76488175645251	39.4895625078799	29.727490499090436	16.48925631742944	4.58385115541867	5.223248860791412	4.998108823688334	23.738765512148554	7.816862088218873	1.7921146953405018	171.15145620575998	7.5286828407269315	0.4412744727220331	41.993119720466126	3.611246195133373	3.0438933016336165	0.5493416905315106	0.9005601484123125	18.020208569730375	0.7564705246663425	0.2521568415554475	0.39624646530141744	0.22514003710307812	1.1166945840312674	0.38724086381729433	1.7290754849516399	0.6123809009203725	1.2157562003566218	0.6934313142774805	0.5673528934997568	0.9095657498964356	6.62812269231462	7.519677239242809	80.75322850813205	27.854325390392823	8.051007726806073	90.038003638263	0.6995631486685976	3.9053708439897696	1.0446497721582826	2.278417175483151	0.41425766826966376	4.58385115541867	7.63675005853641	1.305812215197853	6.583094684894004	9.672015993948236	4.385727922767962	13.292267790565733	7.393598818465085	25.73800904162389	4.025503863403037	0.5493416905315106	20.32564254966589	1.1527169899677598	1.4318906359755768	0.0	3.2960501431890634	5.520433709767476	14.264872750851028	3.9714702544982976	16.435222708524705
DNov_ED_nonquotes	54.82619858336824	10.105792166645424	34.83311786449134	3.514266465157778	5.808554416504307	1.9119066261221072	0.9286403612593092	69.97578251606912	14.25736084051057	1.6569857426391594	2.5127915657604833	1.2563957828802417	13.164842768440796	11.799195178353575	3.6235182723647554	229.7019246526703	7.88433875343688	1.056100803000783	17.13432509696098	1.6023598390356706	1.9301152606566034	0.4734244978969027	78205489.06571497	12.236202407181485	5.098417669658953	0.6190935741728728	1.2563957828802417	1.1835612447422568	1.074309437535279	0.23671224894845136	1.565942569966678	0.2549208834829476	1.4748993972941968	1.0196835339317905	0.2549208834829476	1.2199785138112493	3.2775542162093263	10.215043973852401	121.85218230484895	50.29224858427867	3.7873959831752217	68.100293159016	0.7218937517203236	4.520496757885482	2.2942879513465284	2.112201606001566	0.5280504015003915	2.749503814708935	4.643201806296545	0.45521586336240644	6.737194777763616	4.115151404796154	1.3656475900872194	3.313971485278319	13.929605418889638	10.961597989766748	3.040841967260875	1.693403011708152	0.5826763051038802	0.7647626504488428	0.9650576303283017	0.0	3.750978714106229	8.048216464247346	9.377446785265573	2.3671224894845135	4.206194577468636
DNov_ED_quotes	24.52862488078061	10.980411337458122	71.43381184123646	2.42107065124355	5.306791225453034	76.8139688439999	41.451664180382	27.365434936783156	20.54241764691497	4.524222934141988	3.252549460761537	4.744320266073219	19.857670392017805	8.36369861338681	2.2987943557261987	162.79865985180115	7.361032990144531	0.489105182069404	36.56061235968795	2.225428578415788	3.1302731652441858	0.7581130322075763	1.100486659656159	17.827883886429778	0.9048445868283974	0.1956420728277616	0.5380157002763444	0.366828886552053	1.0760314005526888	0.4157394047589934	1.0271208823457485	0.5624709593798146	0.9537551050353379	0.7092025140006358	1.100486659656159	0.7581130322075763	4.8421413024871	6.871927808075126	85.47113056662835	30.104423956371818	7.043114621799418	89.33506150497665	0.6961807892702738	3.9400179051029545	1.687412878139444	1.8830549509672054	0.4646499229659338	3.399281015382358	7.16539091731677	0.8070235504145166	6.08935951676408	9.879924677801963	4.964417598004451	12.667824215597564	8.143601281455576	24.259617030642442	3.9372967156587024	0.8803893277249273	12.007532219803869	1.442860287104742	1.1983076960700398	0.0	3.056907387933775	5.5024332982807955	17.26541292704996	3.888386197451762	16.531755153945856
DNov_GE_nonquotes	100.81019558510798	14.414292988288855	4.582621978614431	3.4893820948273278	5.458711474526013	65.73666397100668	0.4567646089795429	49.240722436876624	13.815257435528798	2.276335100488214	2.9202983197052745	2.403630155449726	17.45439841854614	9.973941953454938	2.7930032647437626	182.73579536945516	7.495432353910204	0.8236738850450774	21.026147901877977	1.969329379698685	3.0251295414382846	0.46425255338904364	32160475.926258724	15.305358373019438	4.3579836463294095	0.29951777638002813	0.6963788300835655	0.7862341629975739	1.1980711055201125	0.5765717195315543	1.6473477700901549	0.3669092760655345	1.437685326624135	1.183095216701111	0.32946955401803096	0.8910653847305838	3.6541168718363433	12.632162218827688	116.56483062269746	37.79914337915955	4.2456644801869	71.1803995567137	0.7080089225830266	4.166420675321546	1.819570491508671	1.6548357144996555	0.48671638661754574	2.7930032647437626	4.919579477041963	0.44927666457004223	6.200017971066583	4.6275496450714355	2.5084613771827358	3.5642615389223353	14.384341210650852	18.0833857489442	3.0026657082097823	1.6323718812711534	0.95845688441609	1.183095216701111	1.4301973822146345	0.007487944409500703	3.8188516488453588	6.649294635636625	16.16647198011202	2.485997543954234	5.885524305867553
DNov_GE_quotes	32.47153528174632	11.62158242077018	71.5787946914207	2.084995286097614	6.835158459641743	63.2932047284067	48.73449851330771	35.44491986365944	20.306041047211544	5.6385524693596345	3.5535571832620203	6.853288853433896	21.81086373196026	5.819856407281166	2.429472768148524	158.22394662412069	8.14054681267677	0.4895206323881355	40.48516933787802	3.190949307418957	2.3388207991877583	0.4713902385959823	1.1422148089056494	17.550221190804262	0.9609108709841178	0.18130393792153165	0.3444774820509101	0.21756472550583797	0.7796069330625861	0.30821669446660377	1.3235187468271812	0.761476539270433	0.5076510261802887	0.8521285082311987	0.8339981144390457	0.543911813764595	5.584161287983175	7.705417361665096	78.14199724418015	25.745159184857496	6.835158459641743	88.13184422365654	0.6770334444402613	3.811255864376367	1.3416491406193343	1.6861266226702445	0.2900863006744507	2.9008630067445065	6.309377039669301	1.9036913481760824	7.034592791355428	9.173979258829501	4.768293567336283	12.727536442091523	8.14054681267677	25.872071941402567	2.5745159184857496	0.4895206323881355	24.3491188628617	1.541083472333019	1.232866777866415	0.0	3.1184277322503444	4.895206323881355	17.876568279063022	3.281601276379723	17.91282906664733
DNov_HT_nonquotes	92.13248776220836	11.06868302858008	5.921240769088431	3.7175971874106346	4.7268995912325265	5.786667115245512	1.5307753124632024	78.9947348057934	13.507830504482985	1.6989923797668511	2.691473076858378	1.7494574999579457	16.23294699480209	11.62379935068212	2.42232576917254	219.00179992262014	8.225814591148419	0.7569768028664189	20.13558295624674	1.7662792066883104	1.4298450720810134	0.23550389422510806	72248679.14276583	13.827442932359917	5.113798846030918	0.7569768028664189	0.6392248557538648	0.9420155769004322	1.2279845913166352	0.21868218749474322	2.1700001682170673	0.3532558413376621	1.7326357932275809	1.1606977643951755	0.26914730768583783	1.0597675240129862	2.943798677813851	9.672481369959796	118.25659831446498	46.427910575807026	4.003566201826837	68.4138812723939	0.720578359475791	4.419170606877151	1.6989923797668511	2.1363567547563376	0.40372096152875675	3.061550624926405	6.08945783639208	0.3868992547983919	6.913721466179958	3.953101081635743	1.21116288458627	3.532558413376621	14.954497283294362	13.608760744865174	3.1456591585782294	1.715814086497216	1.4634884855417432	0.5382946153716757	0.8074419230575135	0.0	3.1288374518478643	7.603411442124918	11.556512523760661	2.7755816105102022	5.53434151429004
DNov_HT_quotes	26.966685636737733	14.00866786324038	70.96265814472704	2.2326314407039356	5.7129098629777175	71.29098629777175	41.58823271899488	32.438821520816006	16.78851289235214	4.749813947379941	4.268265989581054	5.625355688832466	22.216871689357788	7.726655868318522	2.0137460053408045	165.7838287440354	7.7047673247822095	0.5472135884078273	36.33498227027974	2.2764085277765616	2.363962701921814	0.4815479577988881	1.400866786324038	20.006128792190168	0.8317646543798976	0.17510834829050476	0.4815479577988881	0.3721052401173226	1.2476469815698463	0.3939937836536357	1.7510834829050475	0.459659414262575	1.0068730026704023	0.6128792190167667	0.91931882852515	0.8974302849888368	6.08501510309504	8.448977805016854	84.07389572297859	26.79157728844723	7.2232193669833205	89.80869412949262	0.6982262060267164	3.9076200534819443	1.7073063958324213	2.320185614849188	0.43777087072626186	3.8961607494637307	7.245107910519634	1.4884209604692904	7.398327715273826	9.565293525368823	4.2463774460447405	12.607801076916342	7.442104802346452	26.79157728844723	3.6334982270279736	0.91931882852515	17.33572648075997	0.9630959155977762	1.4665324169329772	0.021888543536313095	3.764829488245852	4.465262881407871	14.730989799938712	3.261392986910651	17.379503567832597
DNov_LD_nonquotes	87.38993639511986	12.616854161479436	6.057176486566016	3.2413590167274045	4.585889223386677	6.668326580502049	2.345005545621223	76.75592476063288	14.481993707417551	1.996423640191041	2.8339256207700494	2.258991828696892	17.044297064216032	12.94732791597818	2.978790828221553	213.40455872699698	7.465085221485321	0.9235156975033387	20.837954684352294	2.068856243916793	2.258991828696892	0.45270377328595035	19443477.045655172	15.396455329455172	4.640213676180991	0.5432445279431404	0.8601371692433056	0.8691912447090246	1.294732791597818	0.2852033771701487	2.7931822811743134	0.4210145091559338	2.0281129043210577	1.2766246406663802	0.33500079223160323	1.0004753389619503	3.073858620611603	10.050023766948097	120.6410285429729	47.56105842142194	4.327848072613685	65.94535865456439	0.7136835105172985	4.424307405131007	2.0009506779239006	1.8108150931438014	0.3123656035673057	2.5713574322641977	5.2966341474456184	0.38479820729305775	7.29305778763666	4.3821725254079995	1.4712872631793386	3.988320242649223	13.997600670001585	13.110301274361122	2.9380474886258177	1.5980443196994045	0.9823671880305123	0.647366395798909	0.8646642069761652	0.004527037732859503	3.73933316734195	7.351909278163833	10.561579030761221	2.4536544512098506	5.808189411258743
DNov_LD_quotes	25.465732353443855	12.924123674422768	72.40927476784594	2.409030609338249	5.062219726379699	73.58937422174476	38.94328197866054	29.71409038747955	21.274344637872243	4.850615686370259	4.980833557145299	5.37962578639386	21.396423891723842	8.097923838822831	1.7498026385396066	154.38142442073394	7.324755231096027	0.4557625477126417	39.52926239714823	2.140456250864728	2.9136248585915308	0.5697031846408022	0.6103962692580023	20.476760179375116	0.9359409461956035	0.09766340308128037	0.38251499540168143	0.4069308461720015	1.074297433894084	0.529010100023602	1.798634340080247	0.6429507369517624	1.0091884985065638	0.6266735031048823	0.8952478615784034	0.7813072246502429	5.6644773787142615	6.698081727991146	83.73009090835104	28.97347624744651	7.86190394804307	93.49643121647908	0.6879943157737426	3.926805168061645	1.6765550862286462	2.148594867788168	0.4476239307892017	4.248358034035696	7.95142873420091	1.2859014739035248	7.170121509550667	9.408241163496676	4.785506750982738	12.460222509786687	8.34208234652603	27.1422874396725	4.411130372504497	0.6836438215689625	15.756362363779898	1.3347331754441651	1.5463372154536057	0.0	3.678654849394894	5.37148716947042	14.812282800660855	3.6461003817011335	18.287472226969747
DNov_MC_nonquotes	92.03896701023028	10.795432775202116	5.819188474654202	3.429250162841488	4.880455189854017	1.4368366604084448	1.0967853174451128	73.17330165906739	13.209318364688302	2.1504655350779722	2.5432008889229474	1.7768880033717767	15.709414153798996	13.362580941798536	2.7347791103107397	221.32552971378215	7.43802444538105	0.8046285298287291	19.924135024330432	1.9109927583432316	1.848729836392199	0.39273535384497493	20570552.43974865	13.851105406337407	6.288555117054294	0.39273535384497493	0.8142074408981187	0.7567339744817809	0.8716809073144566	0.19636767692248747	2.9215678761638375	0.4118931759837542	1.925361124947316	2.025939691175907	0.29694624315107854	1.1590482393961454	2.7730947545882985	11.010958274263382	118.24207824054561	49.336181462891304	3.9417219050538335	67.18648224069888	0.7259321469747027	4.453404050144648	1.6475727039350168	1.978045135828959	0.4502088202613127	3.750143683666041	5.598873520058239	0.39273535384497493	7.763707421740296	4.626614046515192	1.1351009617226713	3.093988275412851	17.922142610828	12.026322847618683	3.089198819878156	1.6236254262615426	1.1590482393961454	1.091995861910418	0.7471550634123914	0.004789455534694816	3.6351967508333654	7.394919345568796	9.986014789838691	2.60546381087398	5.244453810490823
DNov_MC_quotes	25.022227867394893	11.56596259741036	75.44773275752573	2.0546768180154062	5.103070060743718	71.71942827683594	39.987746654612565	32.50872303703648	18.738652580300506	6.193916662308261	3.6760036162312	5.222614893791888	21.779574270963305	8.02444691835835	2.2190509634566387	161.34069530263523	6.82899858787666	0.43335001979961296	41.638959661090404	2.8989622014181005	2.4506690774874667	0.537951748716761	0.1195448330481691	17.251813719263904	0.9563586643853528	0.1419594892447008	0.32127673881695445	0.2390896660963382	0.8218707272061625	0.2839189784894016	1.994904401491322	0.6873827900269723	0.8069276230751414	0.9488871123198421	0.5753095090443138	0.7247405503545251	6.283575287094388	7.88248742911365	82.11982875202665	31.02935572806539	8.00950381422733	91.07074812650832	0.7043692646424831	3.886449478826109	1.300050059398839	2.166750098998065	0.6350819255683983	4.886395050843912	7.322121024200357	1.4569526527745609	6.530136505256237	9.20495214470902	4.47545968724083	13.40396440552596	7.665812419213843	25.40327702273593	3.2501251484970974	0.4557646759961447	23.326185548523995	1.4420095486435396	1.195448330481691	0.0074715520655105686	3.115637211317907	4.587532968223489	13.426379061722493	3.4294423980693507	19.373734505868903
DNov_NN_nonquotes	92.58485799274683	11.022370726539261	5.383847438979666	3.142699971476305	4.186870950654008	1.5331486084511634	0.5500998329326433	61.290289719245344	9.260013854366163	2.2054928487021717	2.3022696711625446	1.4159977181043968	18.000488977629274	15.611629517949552	3.30059899759586	231.006275212909	8.00700867935292	0.9524876736889287	17.1957132961167	2.373578908764924	2.368485391793325	0.3565461880118984	21876484.383276965	14.776292734607392	7.192045963897152	0.7894951305977752	1.0136098773481115	0.779308096654578	0.6265025875066216	0.17317957703435066	4.798092987245833	0.7130923760237968	2.551852002770873	2.0577808565258136	0.17317957703435066	0.9473941567173302	2.373578908764924	10.84409763253331	113.09645083737419	52.25439061162952	3.3515341673118457	66.24118821563914	0.7294003292189655	4.646469098848831	1.9864716189234344	2.5722260706572673	0.24448881463673036	4.405892180432745	6.000162992543091	0.3208915692107086	6.682694266737297	4.034065441506051	1.3650625483884113	2.8116213683223994	21.020944541787213	11.175176235687216	3.560368363147386	1.7317957703435067	0.9728617415753229	1.9100688643494559	0.9677682246037244	0.0	3.7692025589829266	8.842345462695082	9.835581272156798	2.577319587628866	4.752251334501446
DNov_NN_quotes	27.62350858991181	10.848005858838606	70.22214763052699	2.4106679686308015	5.179884654114918	63.63095419730859	36.037960391809825	36.5261969424186	17.988465411491866	6.430990815049891	4.813707241158341	5.492661194348662	22.596197857862133	7.3082908669250255	2.059747947880748	163.71181837600318	6.57593604101187	0.35092002075005335	39.36407189283208	2.6547862439351864	2.4869549296634217	0.3585487168533154	0.32040523633700524	16.104177473986145	0.9535870129077538	0.12205913765219249	0.4119495895761497	0.23648957920112296	1.4265661713099995	0.4195782856794117	2.1970644777394646	0.6865826492935827	0.8849287479783956	0.7857556986359892	0.8086417869457753	0.7094687376033688	6.553049952702084	7.842299594153368	77.75167068444662	33.42131762839096	6.789539531903207	89.11079918220378	0.7108378109140575	3.9269120436411518	0.9307009245979677	2.547984498489518	0.40432089347288763	5.477403802142138	6.911598669555399	1.3884226907936894	7.7736413292240085	8.544139635653474	5.59946293979433	14.967501754600104	7.384577827957646	25.266241494003847	3.00570626468524	0.6255530804674865	21.581581276128283	1.4723383479295717	1.4189374752067376	0.0	3.051478441304812	5.988526441060694	15.257392206524061	3.188794971163529	17.904549754355987
DNov_OCS_nonquotes	87.64036302107368	10.741937137876224	6.986104701840743	3.8519714915654	4.518535609906169	2.8393067733169253	0.525560170230221	71.07880838845306	11.408501256216992	2.275290980874737	2.4227041993539458	1.3715838588935036	18.490745013587656	12.741629492898529	2.781623339998975	207.02584217812645	7.312977490642465	0.9101163923498948	18.47151720248167	1.8138235143311285	2.3201558734553656	0.3781469517510127	27527603.08670461	15.420704506998923	6.236220068707378	0.7050197405527354	0.8460236886632826	0.9165256627185561	0.9870276367738298	0.16664102958519203	4.153207198892478	0.5960621442854945	2.3714300364046554	1.999692355022304	0.22432446290314312	0.967799825667846	2.4227041993539458	10.594523919397016	114.43752243244629	53.10080500435831	4.069886684099882	66.70127672665743	0.730421260299402	4.453168390193615	2.0701943290775775	1.8843254883864022	0.4742860072809312	3.858380761934061	4.762087883915295	0.43583038506896377	7.02456032405271	3.6981490027175306	1.3074911552068913	3.287955699123212	13.491514126031893	11.889196533866585	2.7559862585243295	1.858688406911757	0.8652514997692663	0.88447931087525	0.801158796082654	0.006409270368661232	3.813515869353433	10.581705378659693	11.062400656309286	3.0059478029021176	4.653130287648054
DNov_OCS_quotes	25.998171289241085	11.87138067662298	76.3334349283755	2.758305394696739	6.964340140201158	64.37061871380676	40.84120694910089	36.36086558975922	18.71380676622981	6.156659555013715	4.465102103017372	5.867113684852179	23.52941176470588	5.577567814690643	1.752514477293508	153.21548308442547	6.263334349283755	0.30478512648582745	43.584273087473335	3.1240475464797317	2.956415726912527	0.4571776897287413	0.9600731484303566	16.717464187747638	0.975312404754648	0.10667479427003962	0.28954587016153616	0.243828101188662	1.7220359646449255	0.4266991770801585	1.8134715025906736	0.5638524839987809	0.7314843035659859	0.5790917403230723	0.5943309966473636	0.6400487656202377	7.375800060957025	7.3300822919841515	73.6818043279488	29.62511429442243	8.442548003657421	94.54434623590369	0.701539921548793	3.8345782732972222	0.9600731484303566	2.3163669612922893	0.41145992075586707	4.7698872295032	6.522401706796709	1.1277049679975617	7.192928985065529	8.168241389820178	4.891801280097531	15.925022858884486	6.461444681499543	26.013410545565375	2.7278268820481557	0.5790917403230723	29.60987503809814	1.2343797622676014	1.4629686071319719	0.0	3.0783297775068577	6.522401706796709	15.940262115208776	3.2307223407497716	16.97653154526059
DNov_OMF_nonquotes	81.54225600241607	8.98195220438136	14.233541942808566	2.8970431144891307	4.882468414959481	3.1151602601746053	1.5995257350268173	71.04466927288692	13.131770719730653	1.767308154784875	2.1476149729031393	1.8120501333870238	13.802900398762883	11.370055312271047	3.8142536758331795	234.02291907853896	7.337684490752393	0.9899162765725407	16.64401603999933	1.767308154784875	1.9518688165187386	0.3411575868413841	24020665.313221812	13.193290940308609	6.593849096491669	0.6207949531048136	0.9843235292472722	1.1521059490053298	0.9507670452956606	0.2796373662634296	2.220320688131631	0.3355648395161155	1.7896791440859492	0.9619525399461978	0.2684518716128924	0.9060250666935119	3.05923278692192	11.43716828017427	118.74521121010274	47.208380172592186	3.640878508749853	64.2103320414087	0.7104924417490162	4.4974904377510265	1.9015340905913212	1.5771547457257427	0.40267780741933856	2.70129695810473	4.295229945806279	0.4082705547446072	6.672147559045429	3.819846423158448	1.258368148185433	3.2773499326073945	18.90907870673311	11.716805646437699	4.043556316169192	1.8120501333870238	1.0794002337768382	0.9899162765725407	0.9172105613440491	0.0	3.120753007499874	6.63299832776855	10.592663434058712	2.0469455210483045	4.7090932478761545
DNov_OMF_quotes	26.271120555613145	11.408987249922255	72.56789675546801	2.3517673888255413	5.33196848761273	75.04923810511039	43.899657924743444	28.402612211050066	21.457447911267753	4.684098683528558	4.068622369648596	5.772519954389966	20.88732248367368	6.711931170312014	2.3258525966621746	158.54021975743754	7.56711931170312	0.6154763138799627	37.0905462838188	2.494298745724059	2.708095781071836	0.4211153726547113	1.328133098372551	18.80766041256349	1.0754638747797243	0.18788224318440966	0.4081579765730279	0.3498496942054525	1.1337721571472996	0.5377319373898621	1.2633461179641339	0.5571680315123873	0.6608272001658547	0.6478698040841713	1.256867419923292	0.6413911060433296	5.830828236757541	8.214989115787292	83.78900176220587	27.022649528350783	6.828547735047165	87.61143360630248	0.680539667927411	3.859365625374985	1.4253135689851768	1.7945993573131545	0.3757644863688193	3.3041360008292733	6.912770809578107	1.4382709650668601	6.323209287861511	9.679174873017518	4.768321758059501	13.086970042500258	8.623147092360318	26.277599253653985	3.563283922462942	0.7515289727376386	22.80501710376283	1.4253135689851768	1.328133098372551	0.0	2.9931584948688714	4.062143671607753	16.766870529698352	3.265263812584223	19.423136726443456
DNov_OT_nonquotes	97.53136382031566	10.4561753550488	6.10806283116712	4.15047104552342	4.046944556859571	1.6940698144993553	0.6305704309525377	64.48759093860879	9.27032648489925	2.079941272246431	1.7034813134687963	1.1105568783940218	18.286542497623596	12.75258110359237	2.9269761794961084	225.57480729955859	8.093889113719142	1.025853387669054	16.394831204765985	2.192879259879721	1.8728882949187315	0.3482254618693119	40422076.26137615	13.354917037636584	7.802132645666475	0.6776279257997421	0.8470349072496777	0.6776279257997421	1.0446763856079357	0.08470349072496776	4.413993016667765	0.5929244350747743	2.6540427093823236	2.4940472269018286	0.18822997938881728	0.7905659134330325	2.315228746482452	11.011453794245808	113.44620857764016	50.21975850093644	3.59519260632641	62.92528210968161	0.7244138525841001	4.50807688665846	1.5905433258355057	2.315228746482452	0.14117248454161296	3.632838602204173	5.01632895071198	0.3576369608387528	6.013947841472711	3.3222591362126246	1.0540878845773767	2.597573715565678	19.227692394567683	10.503232849896003	3.2093211485793343	1.7411273093465596	0.8658579051885593	2.1834677609102804	0.9976188907607315	0.0	3.7928340846846678	8.338588086924604	9.853839421004583	2.5411047217490332	3.830480080562431
DNov_OT_quotes	27.964164577495943	12.535024332694293	69.80902521751955	3.096888364548002	5.99100427665536	59.781005751364106	38.34242737059431	39.76183453767881	19.466155434301726	6.673057071228432	5.1799144668927894	6.285946025659932	23.96401710662144	5.272083763456718	1.3272378705205723	157.75696799882024	6.931131101607432	0.5714496386963575	38.655802978911666	2.6176080224155727	1.9171213685297153	0.4424126235068574	0.18433859312785725	16.277097773189794	0.7742220911370005	0.11060315587671435	0.4608464828196431	0.20277245244064296	1.7696504940274296	0.4792803421324288	2.1014599616575724	0.8110898097625718	0.7189205131986433	0.7926559504497861	0.5898834980091432	0.4792803421324288	7.004866538858575	8.36897212800472	75.1548444182274	29.309836307329302	6.304379884972718	90.43651378852677	0.7098188641672365	3.789526994744386	0.5530157793835717	2.80194661554343	0.2949417490045716	3.354962394927002	5.677628668338004	1.3825394484589295	7.0970358354225045	8.903554048075504	4.295089219879073	16.313965491815367	5.99100427665536	24.24052499631323	2.41483556997493	0.4608464828196431	28.5356142161923	1.4931426043356437	1.474708745022858	0.018433859312785725	2.728211178292287	5.069311311016074	14.10190237428108	2.838814334169002	19.558324730865653
DNov_PP_nonquotes	90.6228380743092	8.988523989744841	10.906279249582875	3.5862532047369062	3.67273023236886	4.776584055670858	2.2026207626256458	50.3194563138404	8.077971757620151	1.8007569283359786	2.0805355471452405	1.5616733813535182	15.520083017946527	14.68583404549709	2.8232206079843727	257.4471981443047	8.449314288039718	1.0835062873885972	15.840556708582591	1.9330159117730843	1.648150408985472	0.19838847515565866	21847996.367964838	12.315346111585887	4.761323403735807	0.6358604972937777	0.9105522321246897	0.7019899890123306	0.712163756969031	0.10173767956700444	4.176331746225532	0.503601513856672	2.3857485858462537	1.9228421438163839	0.15769340332885687	0.366255646441216	2.0296667073617383	8.851178122329385	110.83302812029464	53.341065396980426	2.833394375941073	60.208358767753225	0.7054776657394259	4.5660101965298905	1.4802832376999147	1.856712652097831	0.27469173483091197	4.176331746225532	4.944451226956415	0.40186383428966754	5.966914906604811	3.1080861107719855	1.2208521548040532	2.690961624547267	25.770154234322224	9.308997680380905	2.502746917348309	1.1343751271720994	2.741830464330769	1.6532372929638222	0.8189883205143857	0.0	3.8660318235461686	6.9893785862532045	9.548081227363365	1.8923208399462825	4.033898994831726
DNov_PP_quotes	33.70020630924574	9.488407601632296	62.41081896590899	3.0991829426787483	5.234983504348854	55.01276936080488	30.173863254232973	35.54517445400758	16.940988284906705	5.1622754001217865	3.9262376282616396	4.435194357851112	18.24973416099392	8.297812394914068	1.9449417880740532	206.1820065619064	6.152923320215579	0.4635141644475547	35.11801434167356	2.3993674394932247	1.8722336838469857	0.2544783647947359	39034865.38094503	15.12328567923002	1.3360114151723637	0.39080606022048736	0.44533713839078787	0.38171754719210393	0.9361168419234929	0.19085877359605197	2.153977587726872	0.8543202246680421	0.9906479200937933	0.7997891464977416	0.38171754719210393	0.3998945732488708	4.56243354024848	6.616437484663135	79.54266602441174	36.47220278290269	5.7530287469667085	82.25104290687001	0.7158771319505921	4.021454671839334	1.0542675112924773	2.1085350225849546	0.3635405211353371	5.8348253642221595	5.634878077597724	1.5086931627116489	8.370520499141136	6.670968562833434	3.8535295240345726	12.12407637986349	8.08877659526125	21.712457624808003	3.280953203246417	0.7179925292422907	24.184533168528297	1.3269229021439803	1.1633296676330787	0.0	2.6992883694298775	4.698761235674231	11.151605485826463	2.9992092993665307	15.30505593979769
DNov_TTC_nonquotes	89.66159648305711	12.143449466665151	3.7373198077949814	3.964512501277959	4.373459349547319	1.1700423714373345	0.24991196283127534	70.74780475059922	14.165464438663653	1.7493837398189274	2.3173654735263716	1.4199543342686098	15.892128909134284	11.34827503947473	3.192057343435835	221.63783212731877	9.019549931274211	0.7610955231679749	19.19778259931161	2.1469709534141384	1.0564460246958458	0.22719269348297758	48789257.159409754	11.859458599811429	4.702888755097636	0.7042973497972306	1.2949983528529723	0.9996478513251014	2.067453510695096	0.283990866853722	2.919426111256262	0.2385523281571265	1.6698662970998852	1.2722790835046744	0.2044734241346798	0.8633322352353148	2.2037691267848825	9.83744362781293	126.27369903783894	48.02853540230146	3.680521634424237	61.85321080074065	0.7079371500400374	4.4161672887488725	1.7380241051447787	1.806181913189672	0.2953505015278709	2.2151287614590314	4.487055696288807	0.4430257522918063	6.463632129590713	3.3624518635480682	0.9314900432802081	2.362804012222967	10.314548284127182	9.962399609228568	2.919426111256262	1.0564460246958458	0.056798173370744394	0.567981733707444	1.0110074859992504	0.0	3.0330224579977507	9.73520691574559	10.63261805500335	2.6581545137508376	4.577932773681998
DNov_TTC_quotes	29.7551110310166	12.174365751586873	69.00142167757954	2.522977112993332	5.386355899961956	70.16279209467172	35.82227027892913	33.839931118720095	21.805730762299515	4.285056366512485	3.5041348791574056	4.585410784725977	20.36402955487475	7.889309385074388	1.8421737650427503	168.73911215233974	8.690254500310365	0.5606615806651849	38.70567269377866	3.0235678100158188	3.083638693658517	0.6007088364269838	0.14016539516629622	16.639634769027452	1.4417012074247613	0.4204961854988887	0.4805670691415871	0.4204961854988887	1.4016539516629622	0.6007088364269838	1.9222682765663484	0.3604253018561903	0.9010632546404758	0.6808033479505816	0.4605434412606876	0.7008269758314811	5.446426783604653	7.148435153481108	93.3501531807533	29.7751346588975	7.78919124566989	77.7116998057708	0.6810275572162271	3.93774066718009	1.3616066959011632	1.5418193468292585	0.24028353457079354	2.3227408341843376	5.9470174806271405	1.221441300734867	8.950561662762059	8.850443523357562	3.5041348791574056	11.793916821849782	7.088364269838409	25.950621733645704	3.6843475300855006	0.520614324903386	7.929356640836186	1.0011813940449732	1.1213231613303698	0.0	3.2838749724675114	5.086001481748463	12.554814681323961	4.385174505916982	14.316893934843115
