doc_id,f_01_past_tense,f_02_perfect_aspect,f_03_present_tense,f_04_place_adverbials,f_05_time_adverbials,f_06_first_person_pronouns,f_07_second_person_pronouns,f_08_third_person_pronouns,f_09_pronoun_it,f_10_demonstrative_pronoun,f_11_indefinite_pronouns,f_12_proverb_do,f_13_wh_question,f_14_nominalizations,f_15_gerunds,f_16_other_nouns,f_17_agentless_passives,f_18_by_passives,f_19_be_main_verb,f_20_existential_there,f_21_that_verb_comp,f_22_that_adj_comp,f_23_wh_clause,f_24_infinitives,f_25_present_participle,f_26_past_participle,f_27_past_participle_whiz,f_28_present_participle_whiz,f_29_that_subj,f_30_that_obj,f_31_wh_subj,f_32_wh_obj,f_33_pied_piping,f_34_sentence_relatives,f_35_because,f_36_though,f_37_if,f_38_other_adv_sub,f_39_prepositions,f_40_adj_attr,f_41_adj_pred,f_42_adverbs,f_43_type_token,f_44_mean_word_length,f_45_conjuncts,f_46_downtoners,f_47_hedges,f_48_amplifiers,f_49_emphatics,f_50_discourse_particles,f_51_demonstratives,f_52_modal_possibility,f_53_modal_necessity,f_54_modal_predictive,f_55_verb_public,f_56_verb_private,f_57_verb_suasive,f_58_verb_seem,f_59_contractions,f_60_that_deletion,f_61_stranded_preposition,f_62_split_infinitive,f_63_split_auxiliary,f_64_phrasal_coordination,f_65_clausal_coordination,f_66_neg_synthetic,f_67_neg_analytic
19C_AgnesG_nonquotes.txt,77.18048359240069,9.822970639032814,7.772020725388601,3.1088082901554404,4.274611398963731,60.85924006908463,1.16580310880829,57.38341968911917,11.161485319516407,2.8713298791019,2.569084628670121,3.4110535405872193,14.874784110535407,16.90414507772021,3.324697754749568,166.9041450777202,8.657167530224525,0.9930915371329878,21.63212435233161,1.5975820379965457,2.2452504317789295,0.3022452504317789,92723818.50172712,23.726252158894646,3.044041450777202,0.36701208981001726,0.6044905008635578,0.4749568221070812,1.468048359240069,0.3238341968911917,1.4464594127806563,0.3022452504317789,1.1226252158894647,1.575993091537133,0.7556131260794474,1.2521588946459412,3.238341968911917,11.010362694300518,106.04490500863557,48.078583765112256,4.965457685664939,79.94386873920553,0.5706498721562907,4.359092681658651,3.3678756476683938,3.454231433506045,0.19430051813471502,3.562176165803109,6.649395509499136,0.5181347150259067,4.123488773747841,7.059585492227979,3.5837651122625216,6.476683937823834,9.693436960276339,17.55181347150259,3.2815198618307426,1.5328151986183074,0.41018998272884283,0.8419689119170984,1.16580310880829,0.0,4.7927461139896375,9.110535405872193,15.673575129533678,3.6701208981001727,8.678756476683938
19C_AgnesG_quotes.txt,31.233618731434564,7.644591997204263,61.244102743316446,1.8783854621701905,5.373056089463568,63.42827188537481,38.83452734579766,48.18277127380744,17.080202690896385,4.4557050497990565,3.9751878385462165,7.295124934474925,18.04123711340206,8.16879259129827,1.6599685479643544,138.12685654377074,5.678839769351739,0.17473353136466888,35.42722348418661,2.184169142058361,1.8347020793290232,0.2621002970470033,2.35890267342303,22.802725843089288,0.6552507426175083,0.13105014852350166,0.30578367988817057,0.2184169142058361,1.0047178053468462,0.2621002970470033,0.9173510396645116,0.13105014852350166,0.4368338284116722,0.8736676568233444,0.6552507426175083,0.9173510396645116,8.125109208457102,9.129827013803949,72.68914904770226,29.792067097676043,7.819325528568932,100.77756421457278,0.5238650341685712,3.898429459931093,2.0094356106936924,3.8878210728638827,0.4805172112528394,4.1062379870697185,9.74139437358029,1.2231347195526823,5.067272409575398,12.318713961209156,6.7272409575397525,17.910186964878562,7.513541848680762,28.044731784029356,3.0141534160405383,0.8299842739821772,20.487506552507426,1.7036519308055216,1.397868250917351,0.0,3.3636204787698762,5.984623449239908,23.67639349991263,4.499388432640224,20.22540625546042
19C_Antoni_nonquotes.txt,75.30198876249675,12.401059448535603,6.4148690233782935,3.9652770335441003,7.746834667850636,2.778755913468163,0.29854402376104233,73.34231517062939,11.061438829095028,1.0334216207113003,0.8037723716643446,0.11482462452347782,18.104015799868336,23.653872651836426,3.2839842613714656,208.94254175788845,8.565916989451445,1.1941760950441693,10.824134605079841,0.941561921092518,0.9568718710289817,0.2143392991104919,32877862.600854293,12.232649999234502,3.5059785354501893,1.6228546932651529,2.3500773152471788,1.0334216207113003,3.0160601374833504,1.0181116707748366,3.7356277844971446,1.255415894790024,1.7529892677250947,1.7223693678521672,0.007654974968231853,0.8267372965690402,1.263070869758256,10.127531882970741,142.34425953427132,60.703951498078595,2.7404810386270038,59.06578685487698,0.5710793300962601,4.7353855625673384,1.6534745931380803,2.2964924904695563,0.07654974968231855,1.2707258447264878,3.9958969334170273,0.7731524717914173,4.524090206225026,2.503176814611816,0.6200529724267803,1.676439518042776,2.7022061637858443,8.849151063276024,2.778755913468163,2.1357380161366875,0.09185969961878225,0.3291639236339697,0.44398854815744754,0.0,4.45519543151094,11.520737327188941,7.624355068358926,3.1155748120703644,2.3730422401518747
19C_Antoni_quotes.txt,36.18112032638162,15.889631478648306,53.17121614730118,2.5498564028236306,6.012292991920981,78.69662076925142,31.430335239015484,37.81839654293153,10.09206323643879,2.0935663096867705,1.7714791851195748,0.9931019674155191,24.21021552996752,13.259253294682878,2.1740880908285694,185.5490243444185,9.662613737015862,0.9931019674155191,24.747027404246182,1.5299138416941782,3.2477118393858873,0.5368118742786591,115279468.98569396,15.54070376036718,1.0199425611294521,0.7515366239901227,1.127304935985184,0.26840593713932953,2.684059371393295,2.335131653112167,3.2745524330998204,1.2615079045548487,0.9662613737015864,0.5368118742786591,0.40260890570899427,0.8052178114179885,3.1403494645301553,7.971656333038087,118.68910540301151,27.189521432214082,7.032235553050433,54.889014144992885,0.5206158178256546,4.1767191495088145,0.9394207799876533,1.127304935985184,0.0,0.7515366239901227,4.670263306224334,0.563652467992592,5.770727648495584,5.36811874278659,4.616582118796468,14.708645355235257,3.328233620527686,17.500067101484284,3.2745524330998204,0.5368118742786591,0.1073623748557318,0.4562900931368602,0.6441742491343908,0.0,3.6234801513809485,6.414901897629975,10.682556298145315,3.5697989639530827,6.790670209625038
19C_Deronda_nonquotes.txt,79.5260654471971,15.318037537294225,8.950614341953504,2.892983442793278,4.446710959021628,3.326692657445977,0.9675051711483286,79.82632567272589,9.918119513101832,1.5394294102507888,2.7452363476918094,1.3106597146098047,21.87133611034325,21.108770458206635,4.87088810302262,197.2900323137195,7.849660181681267,1.1724446901600434,22.991354411918902,2.1065876140273954,3.1122210677825546,0.7673316874624675,20469959.91764291,17.891696613255295,4.322794040549429,0.37175075541659913,1.1486145135307744,0.8578863586536903,1.8015613531727497,0.40034696737172215,6.129121429048032,1.010399489081013,1.853987741757142,1.620452010790304,0.40034696737172215,0.5337959564956295,2.8167268775796166,8.964912447931065,125.17515179822513,50.47708013611797,6.043332793182663,65.00872184464632,0.5675680389865679,4.571608884281655,1.9540744836000723,2.7690665243210786,1.0056334537551592,1.911180165667388,5.743072567653871,0.22400366031513025,7.144286953454899,6.396019407295847,2.31152713303911,5.037699339427504,13.39732530097513,17.01474611329819,3.1884776329962157,2.459274228140579,0.07149052988780752,0.4956676738887989,0.6481808043161216,0.004766035325853835,3.8080622253572143,6.3245288774080395,11.700616724971166,2.6785118531298555,8.002173312108589
19C_Deronda_quotes.txt,34.69923849443807,13.561057952185417,67.11301197735398,2.4466803857789072,4.969226830031579,76.64368557312065,35.00270272833313,33.352615956528744,18.255270320249597,4.5329969938074335,6.733112689546606,4.7036956253734035,20.82523305104837,7.994385911672942,3.091541882805906,151.27692059668655,7.7762709935608685,0.398296806987264,40.910772031977544,3.3191400582272,3.186374455898112,0.7396940701192045,40730279.84143994,21.270946144581742,0.5784786958624548,0.08534931578298514,0.531062409316352,0.3793302923688228,1.6500867718043795,0.47416286546102854,2.82601067814773,0.5026126373886902,0.3224307485134994,0.597445210480896,1.2233401928894536,0.597445210480896,5.509772496657152,7.235725326935296,87.61581427988887,26.600536752363702,9.597056396931219,76.67213534504832,0.5184514713250699,3.92599560388931,1.2897229940539976,2.560479473489554,0.862976415139072,2.759627876983186,6.221016794848695,0.5595121812440137,4.969226830031579,11.038511507932744,7.14089275384309,16.681049606918982,6.837428519948032,26.960900530114085,3.205340970516553,1.1854071636525714,8.648730666009161,1.1379908771064686,1.2423067075078948,0.0,3.518288461720832,4.959743572722359,17.581959051294938,3.1105083974243475,17.572475793985717
19C_Jekyll_nonquotes.txt,94.68834688346884,12.08672086720867,6.558265582655827,3.035230352303523,6.666666666666667,35.9349593495935,0.975609756097561,41.19241192411924,11.707317073170731,2.9810298102981028,1.5176151761517616,0.975609756097561,17.344173441734416,14.363143631436316,2.5474254742547426,206.2330623306233,9.81029810298103,0.7046070460704607,20.867208672086722,1.897018970189702,1.1382113821138211,0.27100271002710025,232789553.82113823,13.658536585365853,2.7642276422764227,0.7046070460704607,1.4092140921409213,0.6504065040650406,2.3848238482384825,0.7588075880758808,1.3550135501355014,0.5962059620596206,2.2764227642276422,1.4092140921409213,0.3252032520325203,1.029810298102981,1.4092140921409213,7.642276422764228,125.31165311653118,40.10840108401084,5.311653116531165,71.70731707317073,0.548884018036072,4.2955399444535205,2.5474254742547426,2.5474254742547426,0.21680216802168023,2.330623306233062,5.582655826558266,0.7046070460704607,8.130081300813009,3.848238482384824,1.4634146341463414,3.252032520325203,11.490514905149052,11.165311653116532,2.3848238482384825,2.113821138211382,0.05420054200542006,0.8672086720867209,0.3252032520325203,0.0,5.528455284552845,9.21409214092141,14.254742547425474,2.059620596205962,3.848238482384824
19C_Jekyll_quotes.txt,32.81103522164189,12.053033346725591,73.38958082228473,2.008838891120932,5.222981116914423,69.23798044730147,37.49832596759074,25.17744743538235,23.302531137002813,7.499665193518147,4.821213338690237,4.15160037498326,19.017008169278157,4.955135931431633,1.6070711128967456,172.2244542654346,7.901432971742333,0.4017677782241864,40.712468193384225,4.285522967724655,2.4106066693451185,0.4017677782241864,0.4017677782241864,18.07955002008839,0.8035355564483728,0.4017677782241864,0.6696129637069774,0.6696129637069774,1.4731485201553502,1.3392259274139549,1.4731485201553502,0.4017677782241864,0.5356903709655819,0.4017677782241864,0.5356903709655819,0.6696129637069774,7.365742600776751,6.428284451586983,84.50515601982055,24.373911878933974,7.365742600776751,76.33587786259542,0.5131711168532923,3.791717583163612,1.0713807419311638,2.4106066693451185,0.9374581491897683,4.821213338690237,6.696129637069774,2.008838891120932,9.77634927012187,10.98165260479443,5.758671487880005,11.115575197535824,5.490826302397215,29.730815588589795,4.15160037498326,1.4731485201553502,8.437123342707915,2.544529262086514,0.5356903709655819,0.0,4.017677782241864,3.6159100040176777,17.14209187089862,2.9462970403107005,11.51734297576001
19C_Jude_nonquotes.txt,98.03855562288203,15.28310778967212,4.14057766107857,4.80262124374425,5.677865302183622,2.3003209228214274,1.3240871653313584,93.63989317534056,9.964316973002088,2.1768890684261315,2.064678291703135,2.075899369375435,18.155703673780828,12.309522206512714,4.522094301936757,196.12199555645324,7.0692789335487785,1.0660023788684665,19.603222693507483,1.6831616508449472,2.895038039453309,0.6396014273210799,48194158.64359613,15.159675935276823,3.972261495994075,0.46006418456428555,1.1333288449022643,1.3240871653313584,1.0435602235238672,0.4937274175811845,3.5795237774635877,0.6732646603379788,1.8514778159294418,2.0310150586862363,0.2132004757736933,1.6719405731726475,1.9636885926524383,10.076527749725084,117.922305258197,42.80841131982316,5.0270427971902425,70.81622118988308,0.5682037992628084,4.429008512656084,2.3227630781660267,3.377544379362194,0.31419017482439016,1.4475190197266545,5.038263874862542,0.2580847864628919,4.780179088399651,4.566978612625956,1.3801925536928568,3.3887654570344936,12.331964361857313,15.249444556655222,3.9610404183217756,2.423752777216724,0.4937274175811845,0.7069278933548778,0.6283803496487803,0.011221077672299648,3.82638748625418,6.609214748984493,13.218429497968986,1.7056038061895464,7.0692789335487785
19C_Jude_quotes.txt,32.573180744290475,13.572158643454365,75.11603357852583,2.4798512089274642,7.271996112665672,80.74596605284765,37.851242438967176,32.154286958998675,21.51438481258692,6.3671855364353815,4.758633400914864,8.243829694542653,21.028468021648433,5.981803253966924,2.563629965985825,130.32623447998526,6.3671855364353815,0.41889378529180143,40.8337661902448,2.2285149377523834,1.8431326552839262,0.3853822824684573,1.2901928586987483,20.358237965181548,0.8210318191719308,0.20106901694006468,0.4524052881151455,0.301603525410097,1.0723680903470116,0.31835927682176907,1.4409946214037967,0.41889378529180143,0.31835927682176907,0.5361840451735058,0.904810576230291,1.3069486101104204,5.445619208793418,9.416732293359697,77.14347949933814,25.98817043950336,8.126539434660948,105.0585613511838,0.5289758652015271,3.7936849410131854,1.4242388699921247,3.7700440676262126,0.41889378529180143,2.8652334913959217,9.76860307300481,2.2285149377523834,5.311573197500041,9.46699954759471,7.757912903604162,14.158609942862888,7.204973107018984,26.038437693738377,2.814966237160905,1.1058795931703556,30.629513580536518,1.4409946214037967,1.1729025988170438,0.05026725423501617,3.0830582597476583,3.853822824684573,17.794607999195723,2.7982104857492334,25.770345671151624
19C_LadyAud_nonquotes.txt,88.42380346260856,14.305507057008008,5.789787895513478,4.145217792896808,2.8273088750464646,5.2040505986911025,0.6420581907476035,76.10079187176859,7.727226646541333,1.5093999571961205,1.430550705700801,1.0588328057942935,18.383139777194543,11.0726877456999,2.883629768971693,237.82060668866936,5.496919247102291,1.0700969845793393,16.164096556540546,1.881117857102628,1.9599671085979478,0.41677461504669006,48379274.620678775,11.9850862272886,4.280387938317357,0.6758507271027406,1.4868715996260293,1.3517014542054813,1.9599671085979478,0.3153970059812789,4.854861056354687,0.901134302803654,3.030064093177287,1.5769850299063946,0.2252835757009135,0.37171789990650733,1.982495466168039,9.349268391587911,120.346486139428,58.68637147008798,3.728443177850119,55.487344695135,0.5619784030965297,4.495493345154068,1.2953805602802528,2.7146670871960077,0.1464343242055938,3.2102909537380175,3.5256879597192965,0.23654775448595922,8.312963943363709,3.717178999065073,1.2390596663550244,2.230307399439044,10.75729073971862,11.005102672989626,2.7034029084109625,1.3629656329905269,0.24781193327100487,0.9123984815886999,0.34918954233641597,0.011264178785045676,2.9512148416819675,6.9950550255133646,9.202834067382316,2.1739865055138154,3.5031596021492053
19C_LadyAud_quotes.txt,35.18255390127881,13.714709334651264,59.059739296966704,2.6255637239760303,3.0116760363254462,74.30345338852165,32.71143510224254,40.52634830419472,11.923148205349973,3.7066781985543953,3.2742324087230497,4.200901958361649,21.344288626675727,7.397911904614815,1.9923395317229877,178.38388830543028,6.0233520726508925,0.571446222277136,31.614876135170203,2.270340396614567,3.644900228578489,0.26255637239760304,66333588.49694198,19.429171557422624,0.9884475196145054,0.2162228949156731,0.6795576697349724,0.24711187990362635,1.3282263544819919,0.3397788348674862,3.2587879162290725,1.0347809970964355,1.142892444554272,0.4787792673132761,0.8031136096867857,0.5096682523012294,6.146908012602705,8.355470439241365,90.1495026873417,34.533885216531786,7.506023352072651,71.02922097979861,0.5129948821709077,3.9365124420474973,0.9730030271205289,2.687341693951937,0.37066781985543956,4.324457898313462,5.606350775313523,0.3243343423735096,8.262803484277507,10.147031568542658,4.509791808241181,13.791931797121148,5.683573237783406,24.04707481312164,3.0425650213133997,0.7567801322048557,14.37882251189226,1.0811144745783654,0.5868907147711125,0.015444492493976647,3.644900228578489,4.849570643108667,16.201272626181506,2.7491196639278432,12.417371965157225
19C_NorthS_nonquotes.txt,90.60835590940086,13.905014651407088,7.519212694200254,3.8148946757339526,4.091336318903079,6.321298907134038,1.004404636847828,93.77822008440685,11.334107369934205,1.7047234662096165,1.6955087447706456,2.2023184239140448,18.01478041318811,12.301653121026153,3.040858074860397,200.74270654798104,6.9478999649840585,0.8753985367022354,21.90339286043383,1.8982326164280054,2.2023184239140448,0.4699507933875159,39576925.54505077,18.070068741821935,3.9899743830744,0.552883286338254,0.9583310296529737,0.645030500727963,1.4927848731132858,0.34094469324192334,2.4511159027662597,0.9767604725309154,1.9166620593059474,1.7876559591603547,0.39623302187574866,1.2163432299441588,4.2295571404876435,11.085309891081993,109.72890289526548,41.73347339709921,6.090930871159765,72.94373491089365,0.5585598621515466,4.32336389385808,1.935091502183889,3.510808868247913,0.4699507933875159,2.6999133816184737,6.579311107425222,0.5805274506551666,5.02202318423914,6.1738633641105025,2.0640976023294813,5.491973977626657,12.126573413685703,17.867344870164576,3.9991891045133703,1.6125762518199074,2.86577836751995,0.7648218794345847,0.6634599436059048,0.0092147214389709,3.602956082637622,7.408636036932603,13.490352186653398,2.66305449586259,7.7772248944914395
19C_NorthS_quotes.txt,31.609342259927427,11.473399090305106,67.70327592374917,2.172024326672459,4.867889814483569,68.91705422394848,28.312975928859817,41.179025910972555,17.401747840752286,3.6157816732253285,2.9769509889098993,5.212858384013901,19.854857668523536,5.953901977819799,2.197577554045076,163.69397454898555,5.979455205192416,0.6516072980017377,38.572596718965606,2.5169928962027903,1.8398323708284356,0.2810855010987888,0.5366177748249603,19.228803597894412,1.1498952317677722,0.24275566003986304,0.6643839116880462,0.35774518321664023,1.1115653907088465,0.2810855010987888,2.1592477129861503,0.4855113200797261,0.7538202074922062,0.7665968211785149,0.7793734348648234,0.9582460264731436,6.694945571625697,7.998160167629171,82.39638166300404,29.105125977410946,9.224715081514795,87.39203761435068,0.5347694106025599,3.8513442691682824,1.2010016865130064,3.564675218480094,0.6516072980017377,3.820207492206266,8.266469055041652,1.1115653907088465,6.043338273623959,10.566259518577196,5.3534011345632955,16.20074615423928,6.234987478918587,27.91690090458425,3.526345377421168,0.9582460264731436,18.07890836612664,1.5204170286707213,1.2010016865130064,0.0,3.500792150048551,5.40450758930853,17.414524454438595,3.2963663310676137,18.4622067767159
19C_Pomp_nonquotes.txt,85.4316355030595,8.49625823508091,10.532375327804193,4.424024049634352,5.031661087776901,4.999680191032557,2.302624565592819,62.714538515659974,11.513122827964095,1.6310257339615801,1.0553695925633755,0.33046926635822865,17.760057992026095,12.749717502078758,2.558471739547577,226.76587851523357,7.7606976099609835,1.119331386052065,14.572628616506407,1.1513122827964095,1.2365946741146623,0.2132059782956314,45785631.057714865,10.777562202844168,3.9443105984691806,1.1832931795407544,1.7802699187685223,0.7035797283755837,1.9828155981493722,0.41575165767648126,3.8163870114918024,0.8101827175233993,2.5904526362919214,2.4945099460588875,0.149244184806942,0.6289576359721126,1.3645182610920412,7.931262392597489,126.28190094450248,49.62369144830821,3.155448478775345,61.82973370573311,0.569680705427566,4.566339512904398,1.663006630705925,2.1853612775302222,0.19188538046606826,1.1726328806259727,6.0763703814254955,0.5863164403129864,7.654094620813168,3.070166087457092,0.7568812229494915,1.5990448372172357,10.66029891478157,10.72426070827026,1.8975332068311195,1.758949320938959,0.1812250815512867,0.6609385327164573,0.5649958424834232,0.0,3.230070571178816,11.73698910517451,10.980107882225019,2.1213994840415324,4.829115408396052
19C_Pomp_quotes.txt,21.467456431677338,9.620981271612969,69.33269421713972,2.3282089909953094,4.194200020543021,62.108398671551335,25.079604204471533,33.074263019139245,13.678227822097442,3.8860547129112883,1.8488718457903928,1.5236073544013422,21.895436025610298,8.628068613688498,1.249700414284247,218.2524737220529,6.4710514602663745,0.4450987776902797,32.40661485260383,1.900229397062348,1.9515869483343034,0.3595028589036875,73526332.14640327,12.59971924538638,0.6334097990207828,0.2910261238744137,0.5306946964768721,0.18831102133050295,2.0371828671208956,0.5306946964768721,2.893142054986818,0.684767350292738,1.6263224569452528,0.8046016365939671,0.342383675146369,0.3766220426610059,4.074365734241791,4.998801657136988,92.63190331085013,37.131509569623724,6.64224329783956,67.92892114903962,0.5641226713441375,4.116330558654424,1.4722498031293867,1.9858253158489405,0.051357551271955355,1.2325812305269284,5.221351045982128,1.0956277604683808,9.158763310165371,7.583798404492073,3.2526449138905056,10.83644331838258,4.9303249221077134,17.615640086280685,2.499400828568494,0.7361249015646933,0.3937412264183244,0.684767350292738,0.4279795939329613,0.0,2.448043277296539,5.837641661245591,12.82226863423152,3.1328106275892766,12.411408224055878
19C_Prof_nonquotes.txt,86.17984308992155,11.541943270971634,13.442969221484612,2.896801448400724,5.446590223295112,59.022329511164756,2.2178636089318045,50.905250452625225,11.994568497284249,1.5691007845503921,1.6445383222691612,1.448400724200362,13.126131563065782,16.566083283041642,3.168376584188292,196.40917320458658,6.608328304164153,0.7091128545564273,21.03198551599276,1.448400724200362,2.0066385033192518,0.25648762824381416,64800350.72420036,14.936632468316235,3.6059143029571517,1.0410380205190104,1.71997585998793,0.7091128545564273,0.5280627640313821,0.15087507543753773,1.5992757996378997,0.40736270368135186,1.7350633675316838,0.995775497887749,0.7091128545564273,1.071213035606518,1.71997585998793,8.750754375377188,111.51176825588414,47.10319855159928,5.733252866626433,72.40494870247436,0.5913941604170435,4.412314591760981,2.595051297525649,3.3494266747133374,0.4978877489438745,3.032589016294508,5.386240193120097,0.724200362100181,5.763427881713941,4.269764634882318,1.7501508750754375,4.0434520217260115,7.67954133977067,16.882920941460473,3.952926976463488,1.6294508147254074,0.3621001810500905,1.131563065781533,0.724200362100181,0.0,3.6059143029571517,9.505129752564876,13.050694025347013,3.8171394085697044,7.3928786964393485
19C_Prof_quotes.txt,22.460893979232587,11.230446989616294,67.20442087437053,1.3815232407861313,4.723918178171933,54.14679798564998,45.857658540933194,32.800035652212664,12.9239270912251,2.406524354917777,3.3423949373858015,3.698917064040287,18.628281117696865,12.701100762066046,2.228263291590534,201.96978474976603,5.436962431480904,0.6239137216453496,32.488078791389995,1.9163064307678594,1.6489148357769954,0.3119568608226748,0.0,17.335888408574355,0.9804358482998351,0.4456526583181069,0.4456526583181069,0.35652212665448546,0.6239137216453496,0.17826106332724273,1.6489148357769954,0.3119568608226748,0.9804358482998351,0.8467400508044031,0.9358705824680245,0.7576095191407817,4.3673960515174475,7.486964659744196,85.34248406791745,33.02286198137172,7.888052052230492,76.96421409153706,0.5724297378104871,4.191201047924477,2.272828557422345,2.4956548865813986,0.49021792414991755,2.005436962431481,5.971745621462632,1.158696911627078,5.704354026471767,8.244574178884978,4.857613975667364,15.64240830696555,5.080440304826418,21.79241499175543,2.272828557422345,0.4456526583181069,6.818485672267036,0.9804358482998351,0.8021747849725923,0.0,4.010873924862962,6.194571950621686,15.285886180311065,5.21413610232185,13.458710281206827
19C_Tess_nonquotes.txt,88.70816557905354,15.595568608896704,4.5974343638132815,5.391942438336353,4.642069648898848,1.7318490613199546,1.3212044385327488,86.75314009230577,11.09633187227167,2.0710772279702554,2.026441942884689,1.580089092029031,18.050509288602825,14.274364170363956,3.8564886313928888,204.8670314857301,7.221989126844553,1.0533927280193538,20.951802819164605,1.8925360876279917,2.597773591979932,0.6516751622492614,38341414.5457467,13.810157205474072,4.401039109436792,0.580258706112356,1.428329122738107,1.3479856095840883,1.0891009560878064,0.40171756577009254,3.820780403324436,0.7052375043519402,2.374597166552103,1.6068702630803702,0.18746819735937653,1.490818521857899,2.428159508654782,9.489461609191297,123.3183656344013,45.1441273355413,4.918808416429355,70.73799980360475,0.5767179181780212,4.449719037986064,2.4817218507574608,3.4726251796570224,0.28566582454762135,1.2676420964300699,5.284817754130995,0.26781171051339503,5.891857631294691,5.338380096233675,1.0712468420535801,3.60653103491372,7.980788973299173,14.238655942295503,3.4190628375543435,1.8211196314910865,0.10712468420535802,0.5713316490952427,0.5266963640096769,0.026781171051339505,3.8118533463073225,6.454262223372821,11.399851810853516,2.4013783376034423,7.0077397584338375
19C_Tess_quotes.txt,30.224843346848505,12.827128639882048,69.71372404472294,2.948765204570586,7.740508661997788,76.66789531883524,42.7570954662735,30.7900233443912,18.503501658680428,5.774665192284065,4.1774173731416635,7.003317360855142,22.70549207519351,4.300282589998771,2.7767539009706352,144.2437645902445,6.364418233198181,0.46688782405700946,36.49096940656101,2.6538886841135274,2.8504730310849,0.5897530409141172,1.2286521685710774,18.503501658680428,1.0320678215997052,0.36859565057132326,0.36859565057132326,0.3194495638284801,0.6880452143998035,0.41774173731416636,1.8675512962280378,0.3931686939427448,0.2948765204570586,0.34402260719990174,1.3023712986853422,1.1303599950853913,5.676373018798378,7.937093008969161,76.1764344514068,26.12114510382111,7.052463447597985,103.74738911414178,0.5223431144311642,3.750050648298217,1.0320678215997052,2.997911291313429,0.41774173731416636,3.292787811770488,9.116599090797395,3.047057378056272,6.782159970512348,10.689273866568374,6.094114756112544,15.677601670966949,7.052463447597985,26.95662857844944,3.0716304214276935,1.1795060818282344,22.65634598845067,1.0812139083425483,0.9092026047425974,0.02457304337142155,3.4647991153704387,4.2757095466273505,18.52807470205185,2.5310234672564196,24.474751197935866
19C_VivianG_nonquotes.txt,78.3382004293898,9.218653018447482,13.899205323619492,1.5873177382757253,4.853529238189237,5.1791328768098985,2.279225470344631,59.08688529594318,7.549934370516591,1.3532901230171248,1.465216373792977,0.7834837554309669,16.74823716155028,15.64932488120555,2.5539535404308142,242.5441854312722,9.26952858698196,1.7297693301722648,22.151222539911885,1.373640350430916,2.289400584051527,0.5698063675861578,43701774.88578435,11.08069882680939,2.604829108965293,1.0073362569826718,1.2108385311205854,0.6410321635344275,0.3866543208620356,0.2340276152586005,5.016331057499567,1.1599629625861068,2.5030779718963356,2.0451978550860304,0.1526267056034351,1.0480367118102545,1.0989122803447329,7.142929822240763,119.09970593921388,55.58664618077107,4.873879465603028,58.45602824611565,0.5602758797842246,4.65447587081986,2.1164236510343004,3.62234047965486,0.17297693301722647,2.655704677499771,5.677713448447787,0.26455295637928755,5.667538334740891,3.2051608176721373,1.536442169741247,2.075723196206718,9.85968518198191,10.124238138361196,4.080220596465165,1.7602946712929517,0.0814009096551654,0.2747280700861832,0.5291059127585751,0.0,4.4668749173272015,5.362284923534021,10.602468482585293,2.4522024033618575,6.3390958393960055
19C_VivianG_quotes.txt,26.304261665867042,12.015269404868688,62.78812657752561,1.1577212707816182,5.016792173387013,59.5444210350654,29.495817601535283,28.484115229771167,11.212165460272429,3.5044535764200337,3.0455370366507437,2.367592148355201,21.662946661382172,11.545922943741004,2.169423642545735,202.31961451010662,7.373954400383821,0.9178330795385803,36.51515467573375,2.451031519222345,3.796491374455037,1.001272450405724,44796168.00517324,14.591459980391749,0.8656834727466155,0.3754771689021465,0.45891653976929014,0.26074803395982393,0.5632157533532197,0.46934646112768313,3.2958551492521746,1.4393291474582282,1.950395294019483,1.1472913494232253,0.40676693297732536,0.9908425290473309,3.4001543628361044,5.28797012870523,97.98911116210184,42.51235945680969,6.643859905296313,74.7825361396775,0.5385321028470599,4.246301441677589,2.1068441143953773,3.212415778385031,0.18773858445107325,3.900790588038966,8.312647322639187,1.2098708775735831,8.343937086714366,8.124908738188113,4.881203195727904,9.845845762322952,5.746886668474519,22.382611235111288,3.942510273472538,0.8656834727466155,1.3141700911575127,0.8343937086714367,0.6257952815035774,0.0,4.557875633617723,3.462733890986462,11.931830034001544,3.567033104570392,12.33859696697887
19C_alli_nonquotes.txt,86.40360739942953,21.090504538837536,10.083675570757341,2.6747777922431446,4.834720035979312,6.79346218029896,2.6156012924147563,96.32750642065022,11.361887967050524,3.2783780904927036,2.6866130922088223,2.964742641402246,16.83571420117643,8.959322074017965,2.9233190915223743,193.76161338809132,10.551169919401607,1.0829299468595033,27.292201720852617,2.5445894926206907,6.503497331139858,1.2072005964991182,25416109.22798338,15.853384304025186,4.207449137798397,0.27221189921058553,0.7811297977347237,0.3964825488502006,0.7160356479234966,0.47932964860994404,3.710366539239937,1.4734948457268648,2.2842128933757824,0.6509414981122696,0.46749434864426637,1.8048832447658387,2.4144011929982363,11.610429266329755,110.9441018782621,32.14467470678044,6.6336856307623115,75.83468453007941,0.5115144394415301,4.230636792031312,2.6747777922431446,3.603848839548838,0.21895304936503615,4.799214136082279,5.325884984554934,0.3964825488502006,7.331968328737292,7.29054477885742,4.177860887884203,8.509580675322216,18.07250304758974,17.3801379995976,4.065425538210265,0.9113180973571775,0.7870474477175624,0.4615766986614276,0.2544589492620691,0.0,4.887978885824861,3.1126838909732166,16.03683145349319,3.858307788810907,10.870723018474903
19C_alli_quotes.txt,22.28403350597864,13.93951019886182,82.16637892448367,2.152737813585694,5.754843660080567,77.37067587441652,40.00682055544898,42.628471556152356,21.70854913997059,5.925357546305177,5.573672655966921,7.928895709444339,17.935929407251106,3.1545068951552744,1.7264530980241704,134.04522880832107,5.573672655966921,0.3836562440053712,42.905556621267344,2.9307074194854743,5.381844533964235,0.9058550205682375,1.7051388622460941,19.918153334612185,0.5541701302299806,0.08525694311230471,0.24511371144787603,0.21314235778076177,1.0657117889038088,0.5648272481190186,1.1829400856832277,0.6287699554532472,0.37299912611633307,0.13854253255749516,1.1829400856832277,0.8738836669011233,7.662467762218386,8.216637892448366,73.00125753991091,17.307159451797855,8.610951254342776,104.24792719057058,0.4816600658967662,3.694477578970621,0.9058550205682375,2.9946501268197028,0.8951979026791994,5.999957371528444,9.037235969904298,0.9697977279024661,5.573672655966921,9.975062344139651,8.664236843787965,22.80623228254151,8.451094486007204,32.600123622567516,3.218449602489503,0.6927126627874758,31.822154016667735,1.6092248012447514,0.45825606922863776,0.0,4.039047679945435,1.9928810452501224,18.937698488820686,2.4617942323677986,26.99447961293348
19C_arma_nonquotes.txt,82.92118722176373,15.716772790525358,15.096294600634936,3.295160872524864,6.656586406105987,22.560105059608077,3.2770886922367937,71.29475123643833,10.283070583912144,1.0662586369961626,2.5060089999457835,1.3313172812211975,17.87338630490178,12.92763296606647,2.7529954638827476,214.06497551219573,6.252974379672411,0.6746947307546339,17.43362991789206,1.8554105095752436,1.373485701893362,0.3072270648971994,25873138.03531304,15.481834446780441,3.638532297998205,0.7590315720989632,1.4517984831416677,0.6144541297943988,1.9517954711116199,0.6084300696983753,3.1807037307004173,1.3674616417973384,1.4337263028535971,1.150595478340492,0.10843308172842332,0.24698646393696425,2.7168511033066065,8.4276600743369,124.25226354058108,43.27684772983295,3.6204601177101345,62.04179492894621,0.5296851170128924,4.3908118198233375,1.1385473581484449,1.6204721658303263,0.15060150240058795,1.42167818266155,4.879488677779049,0.36746766585743457,5.126475141716014,4.759007475858579,1.1325232980524214,3.4578104951174993,11.614387865133342,15.2408720429395,4.02407214414371,1.036138336516045,1.4939669038138323,0.8313202932512456,0.48192480768188145,0.0,3.5481713965578523,5.144547322004084,8.397539773856783,2.4578165191775954,3.915639062415287
19C_arma_quotes.txt,39.569908044312506,15.154586923466802,55.41235247266672,2.3749185431902107,6.045905437694591,73.66591847078416,31.6486858301354,35.78307146477445,13.988849467815509,2.8310766780102816,4.250235319672725,3.743392947650424,20.512634856273984,9.753095358771994,2.425602780392441,176.9531532836145,6.0097024111215696,0.5213235826515097,29.433060603866483,2.483527622909275,2.288031279414959,0.38375208167402797,31098162.037506334,21.033958438925495,0.963000506842372,0.25342118601115055,0.7530229527188472,0.3982332923032365,1.3177901672579828,0.5068423720223011,2.548693070740714,1.1729780609658966,0.8543914271233075,0.8254290058648903,0.23169937006733762,0.3765114763594236,6.234161175874303,8.304974295851133,103.13518210122366,32.96647599739339,5.408732170009413,70.00217218159437,0.5181835705812584,4.028570583756533,1.086090797190645,2.881760915212512,0.3330678444717978,2.309753095358772,5.75628122511042,0.5140829773369053,6.755484758525813,9.00731301136775,3.091738469336036,9.992035334153936,9.796538990659618,21.808703207588152,4.655709217290566,0.8543914271233075,13.054811382231556,0.9919629281007892,0.9267974802693505,0.0,3.504452972268482,3.555137209470712,11.686336977771342,2.577655491999131,11.244660053580478
19C_basker_nonquotes.txt,90.37191518943344,15.448190630672382,14.482678716255359,6.0247943459622295,4.4413548063183095,48.4686981037346,2.896535743251072,47.07836094697409,14.637160622562083,2.00826478198741,2.587571930637624,1.1586142973004288,19.155756382033754,9.925462480207006,1.815162399104005,199.62924342486386,6.449619588305719,1.0813733441470668,23.40400880546866,3.2441200324412005,3.514463368477967,1.2744757270304716,165873676.823852,10.388908199127178,2.626192407214305,0.5406866720735334,1.2744757270304716,0.6951685783802573,0.2703433360367667,0.19310238288340478,6.102035299115591,1.7379214459506431,2.2399876414474957,1.1586142973004288,0.19310238288340478,0.23172285946008575,2.3172285946008575,9.964082956783686,118.52624261383384,50.97902908121886,5.406866720735334,61.32931680376936,0.5574730558942639,4.242274029896987,1.776541922527324,2.00826478198741,0.07724095315336191,2.742053836944348,5.484107673888696,0.4248252423434905,6.256517205422315,6.102035299115591,2.510330977484262,3.1282586027111576,10.620631058587264,14.444058239678677,2.742053836944348,1.6220600162206003,0.0,0.6565481018035763,0.2703433360367667,0.0,3.437222415324605,6.87444483064921,16.259220638782683,2.1627466882941335,3.977909087398138
19C_basker_quotes.txt,41.61014450014745,15.836036567384252,59.27455028015335,2.506635210852256,4.393984075493955,57.09230315541138,28.192273665585372,38.86759068121498,20.46593925095842,5.337658507814804,4.2465349454438215,4.511943379534061,23.237982895900913,8.080212326747272,1.1206133883810085,180.6841639634326,5.36714833382483,0.5308168681804777,40.10616337363609,4.482453553524034,7.342966676496609,1.2090828664110882,126657833.70687112,15.895016219404305,0.5308168681804777,0.14744913005013272,0.6782659982306104,0.26540843409023884,0.5897965202005309,0.6192863462105573,4.659392509584193,1.6809200825715127,1.2090828664110882,0.5603066941905043,0.707755824240637,0.6782659982306104,4.659392509584193,7.93276319669714,90.62223532881156,31.28870539663816,7.077558242406369,74.37334119728693,0.5242500376676154,4.019652215340638,1.8873488646416985,2.565614862872309,0.11795930404010616,4.68888233559422,6.163373636095547,1.2680625184311412,8.964907107048068,11.058684753759954,4.865821291654378,10.498378059569449,7.077558242406369,25.243291064582717,3.125921557062813,1.415511648481274,5.750516071955175,0.5308168681804777,0.32438808611029196,0.0,3.0374520790327337,3.0964317310527867,15.600117959304042,3.5387791212031847,11.029194927749927
19C_cran_nonquotes.txt,91.13364534581383,15.080603224128964,7.577445954981056,2.302949260827576,3.9744446920733973,36.03001262907659,0.6128816581234678,60.76814501151474,10.641854245598395,1.8572171458286904,2.284377089369289,2.284377089369289,20.243666889532726,10.363271673724093,2.711537032909888,205.37107198573656,8.524626699353687,0.9100364014560582,24.255255924522693,1.4300572022880915,2.897258747492757,0.6128816581234678,79766866.9303915,18.2935888864126,2.3400936037441498,0.4457321149988857,1.1886189733303618,0.29715474333259045,0.9843250872892059,0.557165143748607,3.3429908624916425,0.8543198870811975,2.1729440606195674,2.0986553747864196,0.5385929722903201,1.2814798306217963,4.531609835822004,12.666220934551667,107.51430057202288,38.22152886115445,5.5716514374860715,74.41869103335561,0.5543903565838764,4.265861875350926,2.3958101181190106,3.472996062699651,0.4457321149988857,4.215882921031127,6.147388752692964,0.39001560062402496,4.531609835822004,6.425971324567269,2.5629596612435925,4.308743778322561,9.880395215808631,18.962187058910928,4.345888121239135,1.3000520020800832,0.9100364014560582,0.9286085729143452,1.0214694302057798,0.018572171458286903,4.383032464155709,6.83455909664958,15.043458881212391,1.727211945620682,7.763167669563925
19C_cran_quotes.txt,56.3097306689835,13.629452649869679,51.09687228496959,2.0091225021720245,4.615551694178975,72.05690703735881,17.213292788879233,46.20981754995656,17.050390964378803,2.0091225021720245,2.8779322328410077,3.855343179843614,19.60251954821894,4.452649869678541,2.3892267593397047,178.16029539530842,6.027367506516073,0.3801042571676803,34.589487402258904,2.0091225021720245,2.0634231103388356,0.10860121633362294,1.3575152041702867,18.788010425716767,1.2489139878366637,0.05430060816681147,0.5430060816681147,0.7059079061685491,0.9774109470026064,0.21720243266724587,1.5204170286707213,0.32580364900086883,0.43440486533449174,0.8688097306689835,0.43440486533449174,0.814509122502172,5.7558644656820155,9.61120764552563,79.17028670721112,28.019113814074718,6.570373588184188,89.92180712423979,0.5297891873512398,3.885508451094486,0.5430060816681147,3.4209383145091223,0.5973066898349262,5.973066898349261,8.525195482189401,1.2489139878366637,5.267158992180713,8.688097306689835,4.887054735013033,12.054735013032145,6.407471763683753,29.050825369244134,3.366637706342311,1.0860121633362294,12.652041702867074,1.5747176368375326,1.4118158123370983,0.05430060816681147,3.366637706342311,4.561251086012163,23.6750651607298,3.2037358818418764,16.181581233709817
19C_dorian_nonquotes.txt,108.67100463373755,15.478655230208025,6.211180124223602,4.337967070886325,2.9823523612343488,2.5633441782510107,0.2957704821058858,87.0551118998324,15.527950310559007,2.144335995267672,2.7605244996549345,1.3063196293009958,20.013802622498275,8.404811199842255,2.02109829439022,218.22932071379276,6.482303066153998,0.911958986493148,22.77432712215321,3.4260080843931777,1.6513851917578626,0.5915409642117716,105860377.37848763,12.200532386867792,5.866114561766736,0.6654835847382431,1.5281474908804102,0.714778665089224,5.003450655624569,1.7499753524598245,2.53869663807552,0.1725327812284334,1.6020901114068815,0.2957704821058858,0.1478852410529429,0.5915409642117716,1.6513851917578626,8.13368825791186,116.65680765059646,49.689440993788814,5.545696539485359,53.214039238883956,0.5567233992055347,4.336293474496611,0.4929508035098097,2.316868776496106,0.1725327812284334,1.7746228926353151,4.09149166913142,0.12323770087745242,2.883762200532387,3.499950704919649,0.7394262052647146,4.06684412895593,8.330868579315785,11.929409444937395,2.3661638568470864,2.9823523612343488,0.04929508035098097,0.4929508035098097,0.7887212856156955,0.0,2.883762200532387,6.778073548259884,10.844917677215813,1.9225081336882581,3.647835945972592
19C_dorian_quotes.txt,32.45863364125469,13.42503299157446,87.04700030453762,2.639325956755659,5.151761242513451,71.92163232159172,42.55913105268501,34.08283423002741,21.723682874835042,4.745711095320273,7.055121307481474,4.669576692721551,23.347883463607758,6.5983148918891485,1.370419246776977,156.02476905897876,5.202517510912598,0.22840320779616283,47.051060806009545,2.99461983554969,2.969241701350117,0.507562683991473,0.3299157445944574,16.90183737691605,0.30453761039488375,0.10151253679829458,0.35529387879403107,0.2791594761953101,2.0556288701654655,1.3957973809765507,2.2586539437620545,0.3806720129936047,0.6090752207897675,0.2791594761953101,0.8374784285859304,0.35529387879403107,4.060501471931784,5.608567658105776,81.31154197543397,31.062836260278143,10.709572632220079,89.76246066389199,0.516613985795682,3.934909109634894,1.091259770581667,3.375291848543295,0.5836970865901939,4.415795350725815,8.197137346462288,0.9136128311846513,4.288904679727946,6.674449294487869,6.319155415693838,11.82621053700132,6.649071160288296,24.616790173586438,3.096132372347985,1.3450411125774033,10.963353974215815,1.3450411125774033,1.015125367982946,0.025378134199573646,3.882854532534768,2.5885696883565124,13.120495381179575,2.5378134199573648,19.591919602070853
19C_dracula_nonquotes.txt,85.29744964217623,11.126154753023311,26.71013972166192,4.310463927495786,6.281488031094287,59.57282197231356,1.7960266364565776,54.221583634973705,13.585329686017703,2.1460215707404235,2.7631179022408885,2.284177465852468,17.426063570132538,7.294631261915946,5.1025577261381745,181.6750020723384,6.198594494027061,0.6815690825527525,25.789100420914963,3.767050740055078,3.47231816381605,0.9302496937544326,39558334.889889754,15.81424479382535,2.2197047148001805,0.34078454127637625,0.7276210475901007,0.6907794755602221,1.0039328378141894,0.4513092573660118,2.578910042091496,0.8565665496946754,0.8749873357096147,1.409190130142853,0.12894550210457478,1.5565564182623672,3.2328479456218395,14.11953248045094,102.34588709900251,34.87054792628001,6.917005148609691,75.6910097353854,0.5377840850881539,4.049095295536791,1.6578707413445333,2.993377727427629,0.74604183360504,2.2473358938225894,6.106490563952364,0.3868365063137244,3.398635019756293,8.252512134692786,3.149954408554613,5.323607158317445,8.7038213920588,20.77864662485148,3.5091597358459286,3.278899910659188,0.6263067245079348,1.1052471608963554,0.6263067245079348,0.05526235804481777,2.910484190360403,6.364381568161513,15.648457719690898,2.1736527497628324,7.874886021386533
19C_dracula_quotes.txt,28.91972993248312,10.296324081020256,68.45461365341335,2.606901725431358,6.264066016504126,68.45461365341335,28.73218304576144,42.929482370592645,15.660165041260315,4.351087771942986,3.1132783195798948,5.176294073518379,24.15603900975244,4.40735183795949,1.9129782445611403,163.46586646661666,5.288822205551388,0.468867216804201,38.672168042010505,4.50112528132033,3.2633158289572393,0.7689422355588897,80550773.96849212,17.3105776444111,0.6189047261815455,0.1312828207051763,0.41260315078769694,0.3188297074268567,2.138034508627157,0.8252063015753939,2.4568642160540137,0.8252063015753939,0.450112528132033,0.6939234808702176,0.7689422355588897,1.1065266316579143,5.7201800450112525,10.015003750937733,86.08402100525132,28.73218304576144,8.439609902475619,85.14628657164292,0.5116118195006476,3.7749824767461684,1.2753188297074267,2.4381095273818456,0.3938484621155289,1.9692423105776442,8.664666166541636,1.1627906976744187,7.164291072768192,12.115528882220556,5.682670667666916,14.572393098274569,4.988747186796699,22.843210802700675,2.644411102775694,0.937734433608402,5.888972243060765,0.9939984996249062,1.0315078769692423,0.056264066016504126,2.719429857464366,5.288822205551388,18.773443360840208,3.54463615903976,16.466616654163538
19C_emma_nonquotes.txt,83.36133617095422,15.121532315274614,2.937186523789966,2.1033242479682386,5.613013229785063,1.4188104394578651,0.6845138085103736,83.29910764290783,14.661041207731273,1.493484673113542,2.638489589167258,2.165552776014636,15.432674955506602,19.67666056827092,3.9826257949694455,186.0508531531195,11.947877384908336,1.2072334441001134,29.869693462270842,2.4020211825909468,2.514032533074463,0.5102739299804603,53453896.52640357,22.004007517206187,2.1282156591867976,0.3733711682783855,0.6347309860732554,0.360925462669106,0.7965251589938892,0.336034051450547,2.6260438835579785,0.9458736263052434,0.6222852804639759,1.9166386638290458,0.16179417292063375,1.4188104394578651,1.705061668471294,8.674656809667823,105.98762896862438,39.36576684215112,6.69578961779238,86.68433956863186,0.5437057897058045,4.469773331327416,2.7753923508693323,4.057300028625123,0.4729368131526217,7.940360178720333,9.695204669628744,0.27380552340414943,3.6341460379096193,9.931673076205055,4.779150953963335,4.928499421274689,10.902438113728858,18.85524399805847,4.206648495936477,2.4891411218559036,0.062228528046397585,0.7840794533846096,1.3690276170207472,0.0,6.69578961779238,7.056715080461487,14.785498263824067,3.932842972532328,9.956564487423615
19C_emma_quotes.txt,28.948754701263063,12.65512636750095,63.373638624474744,1.8376272556874564,4.275546081566149,62.46707584500226,28.985507246376812,44.42157619415144,18.22926237641957,3.2219731216386736,3.4057358472074193,5.03509868058363,16.795913116983353,10.878753353669742,2.3889154323936936,153.87065554289634,7.252502235779828,0.47778308647873863,42.338931971038996,2.9769561542136795,2.327661190537445,0.7473017506462323,0.5390373283349872,19.478848910287038,0.7840542957599813,0.1225084837124971,0.30627120928124274,0.09800678696999766,0.7473017506462323,0.5635390250774865,1.604861136633712,0.5145356315924878,0.2450169674249942,0.9555661729574773,0.46553223810748895,0.6860475087899838,4.385803716907396,8.759356585443541,82.3134502064268,30.74962941183677,8.612346404988546,104.25471963933502,0.5147528859359415,4.015082120607717,2.254156100309946,3.111715486297426,0.6860475087899838,11.197275411322234,11.270780501549732,1.0780746566699744,4.018278265769904,12.312102613105957,7.999803986426061,14.75002143898465,7.693532777144817,29.4265377877418,3.577247724404915,1.3843458659512171,0.6002915701912358,1.2740882306099697,1.2863390789812195,0.0,5.292366496379874,3.993776569027405,16.37938427236086,3.5894985727761646,18.52328273732956
19C_frank_nonquotes.txt,85.85825677113877,13.574857192502334,15.225559827110619,3.4534436697725943,4.018157728980691,81.36226406898199,2.9973284681045156,35.05571121391803,9.2960622054256,2.714971438500467,1.151147889924198,0.6298733737321084,22.63200191133989,20.3514259029995,4.148476358028713,184.59633804652375,9.578419235029648,2.15025737929237,19.35231641363133,0.8253513173041419,2.9973284681045156,0.45611520166807845,93285703.95951435,16.181229773462782,1.8244608066723138,0.8470710888121457,1.2814665189722205,0.43439543016007476,2.758410981516475,0.6298733737321084,3.3665645837405793,1.9547794357203363,2.1936969223083773,1.8244608066723138,0.10859885754001869,0.6950326882561195,2.2588562368323886,8.514150431137464,114.87587150583175,42.375274212115286,5.886058078669013,60.38096479225039,0.5609105277021653,4.454183440322054,2.606372580960448,3.5837622988206164,0.28235702960404857,1.6072630915922763,5.429942877000934,0.3040768011120523,7.536760713277297,6.646250081449143,2.975608696596512,4.495992702156774,5.5819812775569595,16.702504289654872,3.931278642948676,1.8461805781803176,0.0,0.6950326882561195,0.41267565865207095,0.0,4.756629960252818,10.903325297017876,18.092569666167112,2.410894637388415,6.233574422797072
19C_frank_quotes.txt,64.54155955441303,11.790916880891174,35.64695801199657,2.3993144815766922,4.764353041988003,76.81233933161953,25.535561268209083,33.04198800342759,9.048843187660669,3.4618680377035136,1.6452442159383034,1.062553556126821,24.301628106255354,17.343616109682948,3.1191088260497004,175.14995715509855,9.254498714652957,1.6452442159383034,24.98714652956298,0.6169665809768637,4.113110539845758,0.47986289631533846,147213956.60668382,15.458440445586975,1.405312767780634,0.7883461868037703,0.754070265638389,0.30848329048843187,2.0222793487574977,1.1311053984575836,3.3933161953727504,1.8508997429305911,2.2622107969151672,1.3367609254498714,0.41131105398457585,0.7197943444730077,3.2562125107112254,7.26649528706084,102.45072836332477,40.5484147386461,8.84318766066838,64.09597257926306,0.5441679133036517,4.356552173763854,2.879177377892031,3.016281062553556,0.1713796058269066,2.707797772065124,5.5526992287917745,0.27420736932305056,8.157669237360754,7.986289631533847,3.1876606683804627,9.357326478149101,4.353041988003428,20.154241645244216,4.250214224507284,1.6452442159383034,0.03427592116538132,0.44558697514995715,0.1713796058269066,0.0,5.038560411311054,11.722365038560412,19.811482433590403,2.5021422450728363,9.220222793487574
19C_jane_nonquotes.txt,103.032932142066,10.937384626744445,9.27600974673263,3.8396219449161926,7.08853282138374,63.43683083511777,1.5783061360112236,52.868640626153734,13.549435132540797,1.5690762755667136,1.9475005537916268,1.495237392010633,14.09399689876689,13.051022668537252,3.064313667577346,194.45469984493835,7.4300376578306135,0.6737798124492358,20.601048512146495,1.6152255777892637,1.2552610204533707,0.2122867902237318,39641948.063575275,15.192350291663589,3.50734696891383,1.1168131137857196,1.6613748800118142,0.8214575795613971,0.8029978586723768,0.10152846488961087,1.855201949346526,0.15690762755667134,1.2183415786753304,1.3014103226759213,0.5907110684486451,0.7291589751162962,1.864431809791036,9.146791700509489,101.29771837849812,40.463708188732184,5.824041940485859,72.1590489551798,0.5813275831613023,4.297672307592556,1.993649856014177,3.2304511555785274,0.3599645573358931,2.2705456693494797,4.753378128922691,0.6368603706711955,5.685594033818209,4.71645868714465,1.9105811120135863,3.8396219449161926,8.823746584951635,17.25983903123385,3.9319205493612936,2.648969947574393,0.19382706933471164,1.273720741342391,0.6737798124492358,0.0,3.6550247360259913,9.894410396514804,14.1955253636565,3.4981171084693203,6.848556449826479
19C_jane_quotes.txt,34.281105061504334,9.704577535793508,65.51220004033071,2.5332728372655775,6.137830207703166,66.6717080056463,45.04436378302077,33.2980439604759,15.804597701149428,2.860959870941722,3.176043557168784,4.033071183706392,18.602540834845733,9.881024400080662,1.9031054648114538,176.16959064327486,6.843617664851784,0.49153055051421657,35.65486993345433,1.9661222020568663,1.4871949989917324,0.34029038112522686,54130964.975297436,17.594273038919138,0.7814075418431136,0.27727364387981446,0.8066142367412785,0.34029038112522686,0.7814075418431136,0.23946360153256704,1.638435168380722,0.5671506352087115,0.8822343214357734,0.6427707199032062,1.083887880621093,0.5923573301068764,4.310344827586206,7.864488808227465,83.47197015527324,31.029441419641056,8.771929824561402,80.32113329300263,0.5461945554860298,4.003049632773386,1.3107481347045775,2.671909659205485,0.4411171607178867,2.961786650534382,6.011796733212341,0.9956644484775156,6.024400080661424,8.29300262149627,5.318612623512805,14.897156684815487,6.087416817906836,21.450897358338377,3.176043557168784,0.8444242790885259,4.638031861262351,1.1595079653155878,0.8444242790885259,0.0,3.415507158701351,7.120891308731599,17.15315587820125,4.1717080056463,14.292196007259529
19C_mary_nonquotes.txt,88.40079692890811,12.896642208076194,7.104329656445891,4.217892025851596,5.549346421108897,2.92531221147772,1.4675154283492882,88.28417318625783,9.922736770494193,1.9534476893920987,1.603576461441275,1.8465425919626803,18.416832693522522,11.769279362456874,4.451139511152146,200.18465425919626,7.308421206083872,1.1079255551776082,20.311968511589487,1.9534476893920987,1.4286408474658632,0.34987122795082365,41741260.58603431,18.134991982117693,3.712522474367073,0.6997424559016473,1.0982069099567522,0.8843967150979153,1.049613683852471,0.2915593566256864,3.5861800864959426,0.6025560036930852,1.92429175372953,1.7590747849749746,0.21381019485883668,1.4286408474658632,3.3820885368579616,10.641916516837552,110.27746732105545,43.636717041644395,5.423004033237767,72.89955780164244,0.5678376238986602,4.348724227435232,1.9826036250546673,3.2363088585451187,0.5150881967053792,1.9437290441712425,6.530929588415375,0.5248068419262355,5.13144467661208,6.385149910102532,2.0700714320423734,4.694105641673551,8.183099275960931,17.561591914087174,3.731959764808786,1.7299188493124058,0.5539627775888041,0.7191797463433598,0.7288983915642159,0.009718645220856213,3.6250546673793673,8.348316244715487,13.95597453714952,2.517129112201759,6.82248894504106
19C_mary_quotes.txt,42.68638803743168,8.725409104915746,62.65103229050098,3.113900647107478,5.741254318104413,66.47853516923726,25.99782675684004,50.973904863847935,16.980489466257968,3.7139752509771484,2.1732431599604274,5.627726690345287,20.370100066494754,2.0110608345902463,2.4651713456267537,166.6747757829352,6.876530595695681,0.35680111581439855,37.46411716051185,2.4651713456267537,0.6649475340177428,0.11352762775912681,2.562480740848862,19.251042021440504,1.2163674402763587,0.37301934835141665,0.4054558134254529,0.47032874357352533,0.8109116268509058,0.11352762775912681,0.9406574871470507,0.27570995312930796,0.19461879044421737,0.37301934835141665,0.29192818566632606,1.1677127426653042,6.1791465966039025,11.774436821875153,72.511717673008,23.597528341361357,7.022494688528844,90.25446406850583,0.5289677765660047,3.6899277287883145,0.6000746038696704,2.3192072527935905,1.0055304172951232,2.3354254853306085,8.303735058953276,1.8975332068311195,4.670850970661217,11.028398125172318,4.232958692161728,18.0833292787752,7.557696362250442,28.544089265151886,2.4489531130897353,0.7946933943138877,33.750141909534705,1.5731685560907571,1.1352762775912681,0.0,3.454483530384859,4.995215621401579,21.76486806467831,3.778848181125221,16.86696183849884
19C_mill_nonquotes.txt,82.75763222015192,13.931489178730114,9.323491471979361,3.303712197219435,4.8516554393005595,3.1532177153504373,1.662605704457503,71.72853662032392,10.935932349147198,1.7414361473412643,2.938225598394726,1.4261143758062205,19.757775548229898,16.35373369643113,4.2353447040275185,211.85323204815822,7.431560842769099,1.0247957574888922,24.32277483158951,2.5512397878744446,2.386412498208399,0.6808083703597535,30779466.704887487,16.77655152644403,5.052314748459223,0.38698581052028097,0.9817973340977496,0.6879747742582772,2.4294109215995414,0.3153217715350437,4.31417514691128,0.5876451196789451,1.7414361473412643,1.7557689551383115,0.6019779274759925,0.6449763508671348,2.9955568295829154,9.724810090296689,119.04830156227605,52.78773111652573,5.955281639673212,69.8437723950122,0.5557816102788743,4.4263445952296605,1.5981080693707896,2.8880607711050597,0.4228178300128995,3.146051311451913,5.525297405761789,0.2723233481439014,7.969041135158377,4.901820266590225,2.6300702307582053,4.987817113372509,14.354307008743014,15.572595671492046,2.565572595671492,1.7772681668338828,0.7811380249390856,0.36548659882470974,0.6019779274759925,0.0,3.955854951985094,6.77941808800344,12.07539056901247,2.6515694424537766,7.582055324638096
19C_mill_quotes.txt,24.780154163500164,10.354467484529367,73.63478449679731,2.917707089349691,5.645423949625448,72.53555531429812,42.23211377700575,31.701226794050594,18.768320486374986,4.573336228422539,6.079687330365867,6.269677559439801,18.60547171859733,4.614048420366953,2.822711974812724,164.4365432634893,7.5317555097166435,0.3256975355553143,39.62653349256324,4.125502117033981,1.0720877212029096,0.24427315166648572,2.089892519813267,20.32895451091087,0.6921072630550429,0.21713169037020952,0.2578438823146238,0.2714146129627619,1.004234067962219,0.3664097274997286,1.0449462599066335,0.24427315166648572,0.13570730648138096,0.18999022907393334,1.411355987406362,0.6649658017587667,7.4096189338834,12.254369775268701,69.33286288133752,26.259363804147213,8.223862772771685,82.18434480512431,0.5120453433488805,3.730065387532014,0.8413853001845619,2.388448594072305,0.3664097274997286,3.229833894256867,6.391814135273043,1.4249267180545002,4.926175225274129,10.300184561936815,7.165345782216915,18.266203452393878,6.337531212680491,24.848007816740854,1.9948974052763002,0.6378243404624905,43.14135273043101,1.0856584518510477,1.2485072196287048,0.0,3.229833894256867,4.939745955922267,17.669091303875803,4.2883508848116385,19.840408207577894
19C_native_nonquotes.txt,96.0835329581533,13.971827111533921,5.513083544419866,5.77670292388277,5.536006968720987,1.6619482618313524,0.8710901234426398,71.78470319896387,11.20955448324871,2.8539663254897016,2.0401847627998673,1.3066351851639597,18.888901624124614,13.52482033766204,4.126216374201979,213.7838550322647,8.584822400770227,1.2951734730133988,21.73140623746375,1.5817162767774249,2.280880717961649,0.5043153346246863,49227674.3727578,14.052059096587847,4.275218632159272,0.5387004710763693,1.4212523066695704,1.1920180636583493,0.7793964262381514,0.5272387589258083,4.8941510882895685,0.7564730019370294,1.6734099739819135,1.971414489896501,0.21777253086065995,1.4212523066695704,1.822412231939207,8.435820142812933,124.96704757756713,43.474274187078066,5.12338533130079,67.84187421917086,0.5716751263153041,4.5028549676437,1.9141059291436955,3.5072839180716815,0.3323896523662705,1.375405458067326,4.619069996676104,0.19484910655953785,6.051784015496235,4.882689376139008,1.0315540935504948,2.9800451591458734,13.501896913360918,13.719669444221578,2.9915068712964343,2.07456989925155,0.08023198505392735,0.687702729033663,0.5387004710763693,0.0,3.8511352825885132,6.1549394248512845,11.083475649592536,2.2235721572088436,5.707932650979403
19C_native_quotes.txt,33.98236912669343,16.193764349182427,69.50700152473756,3.067000823708793,7.8515221086945095,74.41420284267163,38.872044725634865,34.648346448413044,18.822622198075674,6.572144622233127,5.152561383830772,6.204104523388072,22.43292031055574,3.3474123275907393,2.0154576841514924,137.08617396028671,6.151527366410207,0.4381429748155418,39.047301915561086,3.4876180795317127,3.1195779806866577,0.5432972887712718,1.3144289244466254,20.277256874463276,0.7185544786974886,0.17525718992621672,0.4206172558229201,0.3329886608598118,1.4195832384023555,0.3154629418671901,1.9453548081810057,0.40309153683029847,0.14020575194097337,0.3329886608598118,1.2618517674687604,0.9989659825794353,6.169053085402829,8.219562207539566,75.88636323805184,23.116423351267986,8.272139364517429,101.12339858742706,0.5208053782302887,3.744200660729675,1.0340174205646786,4.013389649310363,0.4556686938081635,2.786589319826846,6.9401847210781815,2.155663436092466,6.256681680365937,11.479345940167196,6.747401812159344,17.19273033176186,6.466990308277397,27.585481694386512,3.049475104716171,1.0865945775425436,17.438090397658566,1.4020575194097338,1.1041202965351655,0.03505143798524334,3.943286773339876,2.839166476804711,17.438090397658566,3.329886608598118,21.45148004696893
19C_persuasion_nonquotes.txt,78.97039521656701,17.2451509406446,2.643284235088231,2.533906956394925,5.505323027563074,0.5468863934665306,0.21875455738661223,80.68397258276214,12.195566574303632,1.5312819017062855,3.882893393612367,2.2604637596616595,15.331048563511741,19.961353361528364,4.229254776141169,190.20708764765934,11.448155169899373,1.4765932623596325,28.912060667930582,2.3516114919060813,2.752661513781537,0.45573866122210877,78295302.51932332,22.458801225025525,2.4609887705993874,0.43750911477322446,0.929706868893102,0.364590928977687,0.5468863934665306,0.16406591803995918,3.1901706285547617,1.2031500656263672,1.0208546011375237,1.9323319235817413,0.21875455738661223,1.5859705410529388,1.348986437217442,9.169461863788829,111.9476447425988,40.92533177774537,6.234504885518448,82.01472947353069,0.548634884537867,4.530301361817715,3.0807933498614553,4.739682076709931,0.29167274318214964,6.198045792620679,8.859559574157796,0.29167274318214964,3.463613825288027,9.096543677993292,4.283943415487823,3.718827475572408,8.349132273589033,19.542073793204022,3.372466093043605,2.2604637596616595,0.036459092897768705,0.49219775411987754,1.5495114481551697,0.0,5.6511593991541496,7.565261776287006,14.07320985853872,3.9375820329590203,9.114773224442176
19C_persuasion_quotes.txt,33.58553870382416,14.105241535143278,59.159847992057244,2.0541613886130987,4.861515286384333,61.932965866684924,25.848197473381493,44.267177924612284,15.543154507172446,3.560546406929371,5.683179841829573,5.101167448389195,17.87120408093396,8.216645554452395,2.6704098051970284,161.2859050292718,8.559005785887912,0.7189564860145846,40.98051970283132,2.6019377589099246,2.3965216200486155,0.5477763702968264,147042598.61686468,20.438905816700334,0.6504844397274812,0.17118011571775824,0.2396521620048615,0.3765962545790681,0.8559005785887912,0.6162484165839296,2.6704098051970284,0.8216645554452394,0.2738881851484132,1.3694409257420659,0.479304324009723,0.9243726248758944,4.519155054948817,7.771577253586223,89.93803279811017,31.257489130062655,8.661713855318565,94.28600773734124,0.5236314218902669,4.0255412894564735,2.2595775274744083,3.5263103837858196,0.5820123934403779,8.661713855318565,9.620322503338013,0.6504844397274812,4.484919031805266,12.119552192817281,7.9769933924475325,12.633092539970557,7.08685679071519,29.066383648875348,3.5947824300729225,1.3009688794549623,0.5477763702968264,1.4379129720291692,1.4721489951727207,0.0,4.793043240097231,4.656099147523023,16.570235201478997,3.902906638364888,16.50176315519189
19C_pride_nonquotes.txt,92.37949391088749,13.16998468606432,2.698169620068548,2.5814920148763947,5.381754539488077,3.004448333697951,1.1230219499744767,96.9590899146795,10.996864289360461,1.0500984467293808,3.0919565375920657,1.6043170713921098,18.405892219062203,23.000072923503247,3.514912856413622,192.28469335666887,11.638591117917304,2.0710274921607232,26.019105957850215,1.720994676584263,3.4857434551155837,0.729235032450959,62640808.9841756,20.141471596295485,1.6772405746372057,0.4375410194705754,0.7146503318019398,0.33544811492744114,0.8313279369940931,0.2916940129803836,3.660759862903814,1.225114854517611,1.7647487785313205,1.2834536571136879,0.20418580908626852,2.2314591992999344,1.2396995551666303,9.975935243929118,117.90272004667105,32.0863414278422,6.7673011011448985,77.60519215343105,0.5462473409755698,4.609372475878578,3.7920221687449867,3.8066068693940056,0.24793991103332605,4.3316560927586965,7.875738350470356,0.17501640778823013,4.112885583023409,7.934077153066434,2.756508422664625,3.9816232771822357,13.082476482170204,18.61007802814847,3.8795303726391013,1.648071173339167,0.05833880259607671,0.9042514402391891,0.7584044337489972,0.0,6.446437686866477,5.060891125209655,14.482607744476045,3.9816232771822357,8.196601764748777
19C_pride_quotes.txt,27.56231921440021,12.915231129207584,63.94973930025609,1.8239770068353078,4.126978278092009,65.73686828675129,32.94213018405586,46.225841516664524,16.47106509202793,3.1320817289091143,5.471931020505924,4.274370359452439,19.69526687178731,13.320559352948763,2.910993606868471,144.99696003832193,9.48836523757761,0.9212005085026806,41.675111004661275,2.8004495458481493,3.3347458407797044,1.0870166000331631,79130520.92046355,21.61136392947289,0.4053282237411795,0.07369604068021446,0.22108812204064335,0.14739208136042892,1.0685925898631097,0.3132081728909114,1.9897930983657905,1.1238646203732703,0.6632643661219301,0.9764725390128416,0.8843524881625734,1.1791366508834313,5.2508428984652795,8.604012749415038,89.06166516203918,30.454888811098627,9.746301379958362,96.52338928091088,0.5281980059634706,4.093471947316821,2.5609374136374523,2.9846896475486853,0.7001123864620373,6.927427823940159,10.335869705400079,0.5711443152716621,4.734970613703778,12.786263058017209,7.5906921900620885,14.131215800431121,7.535420159551928,27.93079941780128,4.311218379792546,1.1791366508834313,0.3684802034010723,0.8659284779925199,1.0133205593529488,0.018424010170053615,6.061499345947639,3.9980102069016343,16.305249000497447,3.8321941153711516,18.258194078523132
19C_sybil_nonquotes.txt,92.09057307304596,13.093857376676024,11.066910911909124,1.7017678875315694,3.5878036354964937,4.0972500731651795,1.2681964512177937,58.09857246604594,9.213393021667732,1.961910749319835,1.8210000325178577,0.6503571544706634,20.193589646314102,16.920125302145095,2.731500048776786,241.91118289127112,8.75814301353827,1.2140000216785718,20.562125367180812,2.471357186988521,1.6475714579923475,0.5202857235765308,46554372.101845935,11.001875196462057,2.4496786151728323,0.9538571598903064,1.4416250257433039,0.7587500135491073,2.3738036138179215,0.39021429268239805,5.8857322479595044,0.9755357317059952,2.7098214769610975,1.3765893102962377,0.18426786043335464,1.5175000270982146,1.3982678821119263,6.0049643929457925,117.97478782097835,51.32401877364319,4.704250084004466,53.67614381564543,0.5501659043273304,4.6642718172233515,2.135339323845345,3.165071485090562,0.2709821476961098,2.579750046066965,4.4657857940318895,0.2601428617882654,6.481892972890946,3.8045893536533812,1.4307857398354595,2.5905893319748095,22.881732551459507,8.682268012183357,3.0024821964728963,1.5716964566374367,0.4660892940373088,0.37937500677455366,0.3576964349588649,0.0,4.0322143577181135,8.606393010828446,11.543839491854277,2.2870893265551664,5.690625101618306
19C_sybil_quotes.txt,26.454712616406667,12.50074144373925,74.61889791802598,1.0231923601637107,4.62660893291417,61.77709235423216,28.337979714099294,35.27789311347055,14.932676908476186,4.923186428613797,4.389346936354469,4.241058188504656,21.30909306601815,9.668426359807818,1.9425825968325523,186.1023785515155,7.073373272436087,0.6821282401091405,39.726555548964946,3.366154576190759,2.2391600925321784,0.3707218696245329,63689530.666113056,14.87336140933626,0.34106412005457026,0.13345987306483184,0.5783261166142712,0.32623524526958897,2.0167269707574587,0.5041817426893647,3.188208078770983,0.5486683670443087,1.0083634853787293,0.6376416157541965,0.4448662435494395,0.8749036123138976,4.982501927753722,5.501512545228069,85.96298712853668,31.377899045020467,6.4950471558218155,76.14627202087905,0.5312794235327734,4.046840762419331,1.3345987306483182,3.1437214544160392,0.43003736876445814,3.840678569310161,6.272614034047097,1.4384008541431876,8.91215374577377,9.13458686754849,6.406073907111928,15.051307906756035,6.4653894062518535,22.006050180912275,3.0250904561361884,0.43003736876445814,8.318998754374519,1.5125452280680942,0.5338394922593274,0.0,3.6923898214603477,4.033453941514917,18.491606856871698,4.374518061569488,15.392372026810605
19C_vanity_nonquotes.txt,77.70462746091029,10.437108311704755,13.831740203836173,2.627081091346458,2.9356839906311323,6.654744571754131,2.085047793884915,71.04592644172943,7.08599734126733,1.3808001519275812,1.839748053427866,1.1988035702981579,22.057194404000757,11.984079255554851,2.53212635310502,241.4026397417231,7.687377350129771,0.9099829081471166,20.344052668228144,1.5232322592897385,2.168133189846173,0.4312527695131987,16992807.146926634,14.009780338038869,2.9435968854845855,0.39564474267265937,0.9693296195480154,0.7121605368107868,0.48664303348737104,0.15034500221561056,4.86643033487371,1.4480597581819332,3.1295499145407355,1.5944483129708173,0.15034500221561056,0.8387668544660378,1.6142305501044503,7.631987086155599,114.65388997910995,47.615844780654555,3.9089700576058743,59.78587706526556,0.5692157247724092,4.439285985750119,1.4401468633284802,2.1879154269798065,0.25321263531050203,3.699278343989365,5.127555865037666,0.29673355700449455,7.548901690194341,3.766537950243717,1.8832689751218585,4.035576375261126,10.239285940368424,12.023643729822119,3.165157941381275,0.613249351142622,0.7992023801987719,0.41542697980629234,0.48664303348737104,0.0,2.3976071405963157,9.724947774893968,12.308507944546433,1.8357916060011394,5.800151927581187
19C_vanity_quotes.txt,28.639157155399474,10.008779631255488,69.32396839332748,1.9490781387181737,3.2660228270412643,64.35469710272169,37.594381035996484,41.22914837576822,13.028972783143107,2.739244951712028,3.617208077260755,3.9508340649692717,22.458296751536437,4.811237928007024,1.8086040386303774,212.44951712028094,5.443371378402107,0.43898156277436345,37.76997366110623,2.633889376646181,1.9666374012291483,0.24582967515364354,75416457.41878842,14.24056189640035,0.43898156277436345,0.12291483757682177,0.28094820017559263,0.19315188762071991,0.5970149253731344,0.4038630377524144,2.352941176470588,0.913081650570676,0.7901668129938543,0.5267778753292361,0.5618964003511853,0.6145741878841089,3.9508340649692717,5.759438103599649,79.315188762072,29.93854258121159,6.584723441615452,71.92273924495171,0.5461541984173551,3.925587823462021,0.4916593503072871,2.4231782265144863,0.42142230026338895,3.125548726953468,5.759438103599649,0.6145741878841089,6.6900790166813,7.410008779631255,4.776119402985075,15.065847234416156,5.7243195785777,18.700614574187885,3.1431079894644425,0.5443371378402106,24.284460052677787,1.0886742756804213,0.7550482879719052,0.0,2.47585601404741,5.232660228270412,14.11764705882353,2.704126426690079,16.2071992976295
19C_wh_nonquotes.txt,104.00284858016083,8.219340672383609,9.940357852882704,3.219489035933652,3.44203436099819,50.2210616895641,2.477671285718525,82.53464288893504,11.602029613364587,1.5429809204474645,1.7951989555206078,1.4391264354173467,12.239992878549598,13.29337408385508,3.0562891308863236,185.29123764873447,6.320287231832884,0.4599270051333788,17.002462834930714,1.231417465357111,1.6913444704904899,0.23738168006884067,63721659.31278004,18.975698050502952,7.091777692056616,0.6676359751936144,0.87534494525385,0.9940357852882703,1.0830539153140857,0.41541794012047123,1.3946173704044391,0.3709088751075636,0.6527996201893119,0.8011631702323374,0.41541794012047123,0.9791994302839678,2.4925076407228275,9.198540102667577,99.1661968487582,35.91881546541646,5.385596866561824,66.60039761431412,0.6063609082009261,4.423600922238524,1.8248716655292128,2.56668941574434,0.20770897006023561,1.9435625055636332,3.931634076140174,0.41541794012047123,3.545888846028308,5.281742381531705,2.2847986706625916,5.326251446544613,12.625738108661464,16.839262929883386,5.237233316518798,1.5133082104388593,3.5013797810154,2.3144713806711965,0.5489451351591941,0.0,2.269962315658289,6.6318506869232365,17.80362600516305,3.0414527758820213,8.011631702323372
19C_wh_quotes.txt,35.90425531914894,9.82886216466235,63.32870798643232,2.2741288930003085,5.916589577551649,70.49799568300956,42.28337958680235,51.84242984890534,14.993832870798643,3.334104224483503,3.6810052420598214,4.394079555966697,15.629818069688561,6.417668825161887,2.2741288930003085,156.41381436941103,6.494757940178847,0.28908418131359853,35.90425531914894,1.561054579093432,1.9079555966697503,0.5010792476102374,1.4068763490595129,19.40718470551958,1.5417823003391922,0.23126734505087881,0.26981190255935866,0.3276287388220783,0.6745297563983965,0.3276287388220783,0.9057971014492754,0.26981190255935866,0.23126734505087881,0.2505396238051187,1.3105149552883133,0.8865248226950354,6.1285846438482885,8.344896700585876,75.89423373419673,23.01110083256244,9.212149244526673,84.20058587727412,0.5617088988836259,3.950939186901181,1.5417823003391922,3.0450200431699046,0.13490595127967933,1.9465001541782299,5.78168362627197,1.4068763490595129,5.935861856305889,8.768886833179156,6.167129201356769,21.25732346592661,5.76241134751773,19.54209065679926,2.9101140918902253,0.6938020351526364,28.137526981190256,1.1370644465001543,0.6552574776441566,0.0,2.8522972556275055,4.548257786000617,21.527135368485972,2.9872032069071848,19.5613629355535
19C_wwhite_nonquotes.txt,82.02048665753877,15.436009021855844,12.885119051000757,3.618968622348978,6.0732770130157885,58.7670509098553,0.9203656465000539,55.00036928251249,10.567161126482102,1.2441980036019247,2.0452569922223423,1.5339427441667566,18.395950391155402,14.731531613423703,2.8576785196884393,194.39031457188793,7.544725793531307,0.886278029963015,19.214053188044335,1.4941738582068775,2.2497826914445764,0.42041393729014814,24400863.01891295,18.69705767056591,2.3747706187470525,0.5738082117068238,1.1817040399506866,0.5340393257469449,1.232835464756245,0.6647085224722612,3.1871921462131496,1.4714487805155183,1.9884442979939436,1.2896481589846436,0.24997585460495292,0.3067885488333513,2.6645153593118844,9.442269780759812,123.49943471369242,43.938937716243316,4.3859399944323565,67.10715442258417,0.5365412369950593,4.329039276308256,1.698699557429112,2.6304277427748457,0.13635046614815613,1.8975439872285065,5.152911366515734,0.3067885488333513,6.851610923944846,5.863070044370715,1.8691376401143072,2.545208701432248,10.930762369543851,16.345012129510216,4.21550191174716,1.380548469750081,0.2158882380679139,0.9658158018827727,0.39768885959878875,0.0,4.556378077117551,6.550503644534335,9.589982785753648,2.8860848668026384,4.9483856672935005
19C_wwhite_quotes.txt,30.525079956277075,12.442141343805243,64.68024236535632,2.658461870639515,5.478860504972808,70.79335519479643,40.43021200221313,36.017435191557695,14.925171720443165,2.348083073559775,4.0619138226522535,3.886482328650662,20.498495337570677,9.473300676085987,2.2131357704816272,178.1979137146944,6.275049593133881,0.4993050213891475,30.579058877508334,2.4290514554066633,2.537009297869182,0.41833663954225875,57959425.00303631,20.485000607262865,0.6072628638516658,0.12145257277033318,0.5802734032360364,0.24290514554066636,1.01210477308611,0.6207575941594807,2.3750725341754046,0.9176416609314062,0.4588208304657031,0.7152207063141843,0.796189088161073,0.1754314940015924,6.396502165904214,7.31414382683562,97.39146863149941,29.688406677192557,6.612417850829251,74.40994291729079,0.5099729385874492,4.016880061282556,0.9176416609314062,2.4965251069457377,0.20242095461722198,2.4560409160222934,6.099618099132289,0.6342523244672955,7.435596399605954,8.866037812234321,3.6435771831099957,10.498900179479914,9.419321754854728,24.668367002685454,4.264334777269476,0.5532839426204068,7.354628017759065,1.2280204580111467,0.6342523244672955,0.0,3.157766892028663,4.790629259274254,12.523109725652134,3.7110508346490696,11.888857401184838
DNov_BH_nonquotes.txt,61.13343075591064,10.252275611219783,38.43000004580999,3.6922851396975624,4.933735850439547,35.873802641403984,0.8245798078729047,61.59611164810599,13.46813686192411,1.8873715602424266,3.0509452891297477,2.088935513278025,17.47192992904033,11.154732400947351,2.776085353172113,208.26595447403258,7.118872341302745,0.7970938142771413,22.139967841387495,2.09809751114328,2.2584324737852337,0.6505018484330692,19675239.545015186,15.378413416829673,4.814629878191238,0.47184289006060665,0.7650268217487506,1.0078197651779945,1.1452497331568123,0.43519489859958865,2.3912814428314237,0.38938490927331615,1.8369805719835268,1.3147466936640204,0.27944093489026217,1.067372751302149,2.8218953424983853,9.569706770258323,113.65458351848204,45.50306239778646,4.516864947570467,72.9478270031563,0.5422336619035256,4.308658303916237,1.6903886061394546,2.2355274791220974,0.4214519018017069,3.59608416211239,6.083566582528986,0.48558588685848836,5.698762672188297,4.878763863248019,1.6720646104089458,3.005135299803475,16.413719175603433,16.019753267397487,2.876867329689912,2.0522875218170076,0.7970938142771413,0.920780785458077,0.5588818697805243,0.0,3.4998831845272176,7.934290151310395,12.231267150114755,2.249270475919979,6.033175594270086
DNov_BH_quotes.txt,24.758348133120872,11.568403097074906,74.8436370273135,2.2252328772892875,5.6789066174354375,73.25017373663633,36.67773433386917,31.15326028205002,20.539531226966734,5.096274665337611,4.576819671900995,5.76314256231705,20.300862716468828,7.616333349712545,1.9935840288648503,169.53185873632043,7.890100170577789,0.5615729658774227,40.08929010157451,2.2462918635096907,2.1409969324076736,0.6949465452733106,0.3720420898937925,18.30025902553051,0.7511038418610528,0.1544325656162912,0.39310107611419587,0.3720420898937925,1.1793032283425875,0.48435668306927704,1.6987582217792037,0.5054156692896804,0.8985167454038763,0.7581235039345207,0.9125560695508118,0.6879268831998427,5.524474051819145,7.068799707982058,84.38335778515622,29.700190232842193,7.7777855774023035,86.89639680745769,0.501384702974233,3.9302016412998175,1.48816835957517,1.8040531528812205,0.5405139796570193,4.21179724408067,7.356605852994236,1.874249773615898,7.721628280814561,9.027285426479569,4.6329769684887365,11.849189580013618,7.932218143018595,24.905761036663694,3.5449293471012306,0.6387892486855683,17.907157949416316,1.29863748359154,0.9757330282120219,0.0,3.16586759513397,4.857606154839706,16.222439051784047,3.16586759513397,16.798051341808407
DNov_BR_nonquotes.txt,91.4868939921132,10.571793087450708,4.569705404778474,3.9028067733704477,4.7146833681280444,1.571561122709348,0.5915100904662491,74.44908373927163,11.285084667130596,2.5748086290883787,2.116678264903735,1.6005567153792624,18.197633959638136,11.070517281373231,2.9343539781953143,208.22894919972165,8.124565066109952,1.0032475063790303,17.24657852006495,1.8673161679424728,1.5657620041753655,0.2841568081651589,24907020.546276968,13.923683600092785,7.161911389468801,0.9278589654372535,1.0322430990489446,0.6784968684759917,0.7944792391556483,0.20876826722338207,4.6392948271862675,0.34214799350498726,2.2964509394572024,2.1282765019717003,0.14497796334957086,1.51356993736952,2.1398747390396657,11.15170494084899,120.23892368360009,47.18742751101832,4.181164463001624,66.97981906750174,0.5670586285447142,4.449721451714412,1.675945256321039,1.8383205752725587,0.48712595685455806,3.0735328230109022,5.248202273254465,0.4059382973787984,7.707028531663187,3.6186499652052886,1.0554395731848758,3.044537230340988,12.096961261888193,11.012526096033403,2.5400139178844814,1.8151241011366273,0.7306889352818372,0.666898631408026,0.8234748318255625,0.0,3.2881002087682676,10.583391324518674,10.183252145673857,2.8473672001855714,4.065182092321967
DNov_BR_quotes.txt,26.375799883653286,11.564863292611983,75.02036067481093,2.4898196625945315,5.037812681791739,68.63292611983711,42.955206515415945,33.496218731820825,16.730657358929612,6.364165212332752,4.130308318789995,6.364165212332752,23.07155322862129,6.643397324025596,1.8848167539267016,164.51425247236764,7.132053519488074,0.4421175101803374,39.232111692844676,2.617801047120419,2.1058755090168706,0.33740546829552065,0.02326934264107039,15.648632926119836,1.1518324607329844,0.2210587550901687,0.2675974403723095,0.2210587550901687,1.2681791739383363,0.33740546829552065,2.1873182082606166,0.5584642233856894,0.9191390343222804,0.9191390343222804,0.5584642233856894,1.0238510762070971,6.4223385689354275,7.702152414194299,81.73356602675975,31.029668411867366,7.271669575334497,82.78068644560791,0.5256674881288796,3.868001052833078,0.9307737056428156,1.6870273414776031,0.6050029086678301,3.408958696916812,6.329261198371146,1.0936591041303083,8.586387434554975,8.1326352530541,4.176847004072135,14.275741710296684,6.00349040139616,23.304246655031996,3.00174520069808,0.477021524141943,22.52472367655614,1.361256544502618,1.2798138452588714,0.0,2.5363583478766727,6.143106457242583,13.577661431064573,4.735311227457824,16.114019778941245
DNov_DC_nonquotes.txt,96.09610834625113,11.850371216447744,11.878926327812678,3.8386228277718857,4.691196867096353,67.81838949171902,0.5343885126866281,53.55307171412254,13.19654075222322,2.104919637758016,3.3164722199559438,2.3374398303010526,19.107448804764626,10.08403361344538,2.806559517010688,187.42759239618178,6.869543934078486,0.7179570857469202,22.815533980582522,1.9621440809333441,2.276250305947622,0.3181855266378396,17520466.472219955,15.640042424736885,5.08280982295831,0.526229909439504,0.5751815289222485,0.6445296565228033,1.1095700416088765,0.42016806722689076,1.945826874439096,0.34266133637921187,1.852002937097169,2.0110957004160888,0.29370971689646735,0.8974463571836502,3.353185934568002,10.667373745614752,114.9506404503549,38.6717793913682,4.846210328791711,72.14244921269479,0.5345194679714096,4.1798956567427,1.7826548094966141,1.8764787468385413,0.4935954964510076,3.48780288814555,5.706942971363302,0.49767479807456966,6.351472627886106,5.005303092110631,2.0396508117810233,3.096189932283593,16.82303989556988,18.76478746838541,2.912621359223301,1.7133066818960594,1.419596964999592,1.325773027657665,1.0361426123847597,0.004079301623562046,3.434771967039243,5.523374398303011,14.1551766337603,2.3578363384188625,5.894590846047157
DNov_DC_quotes.txt,27.002484365630085,12.798766383962992,73.71712498929153,2.5014991861560865,4.840229589651332,75.33624603786517,36.06613552642851,34.51554870213313,17.84459864644907,4.163454124903623,4.429024243981838,5.36280304977298,20.945772295039834,8.583911590850681,1.8589908335475027,167.93454981581428,7.256060995459608,0.43690567977383704,44.144607213227104,2.869870641651675,2.4158314058082757,0.6425083526085839,0.6939090208172706,18.975413347040178,0.9680459179302665,0.27413689711299577,0.4540392358433993,0.2998372312173392,1.2079157029041379,0.35980467746080697,1.584853936434507,0.5225734601216483,0.7024757988520517,0.6596419086781462,0.796710357234644,0.6682086867129273,6.5878523087466805,7.855735457894286,82.22393557782918,29.349781547160113,8.79808104172021,86.027585025272,0.5057813688717314,3.9335249160356485,1.1565150346954511,1.8161569433735971,0.5654073502955538,3.966418230103658,7.453096890259574,1.4906193780519148,6.1252462948685,9.157885719181015,5.28570204745995,12.721665381649961,7.641566007024759,25.58039921185642,3.2982095433907306,0.5911076843998972,20.089094491561724,1.2850167052171677,1.37925126359976,0.0,3.3581769896341984,4.814529255546988,15.265998457979954,3.2553756532168254,17.270624518118737
DNov_DS_nonquotes.txt,81.69769706121963,10.189361575297553,12.307508891847318,4.009776064537922,4.995330538279651,3.1156238202157884,1.4465396308144733,76.47982196435314,12.692987859399526,1.9075247878872175,2.376457964909492,1.6372921096031952,17.54128002861287,13.126154946648917,2.9685854511494827,220.23565879150357,6.545194428438016,0.9140222941959584,18.399666183162118,2.058537166928289,1.6611361694517854,0.27023267828402253,17068240.721680213,13.344725495260993,6.100105311264331,0.8027500149025374,0.8186460548015976,0.8862042243726032,1.7962525085937966,0.26625866830925743,2.9169233214775367,0.2901027281578477,2.1896794960955352,1.4942277505116537,0.09935024936912591,0.9617104138931389,2.984481491048543,10.221153655095675,118.8109762155503,45.09706519363363,4.260138692948119,67.30383293262065,0.5470364080395426,4.435217622824473,1.9273948377610428,2.141991376398355,0.30599876805690784,3.0560136705943135,5.023148608103006,0.4172710473503288,6.50942833866513,4.180658493452819,1.1524628926818608,3.5289208575913524,14.509110417867149,13.006934647405965,2.801677032209351,1.8916287479881575,1.4067995310668229,0.751087885230592,0.8504381345997178,0.003974009974765037,3.238818129433505,9.17598903173247,11.675641305859678,2.8851312416794164,5.190057027043138
DNov_DS_quotes.txt,23.414563858720125,11.986455575367879,74.47632427369824,2.9178148808558926,5.439383296410368,73.69283694457953,39.44453450045929,29.700473694638063,16.444228310008825,4.6198735613551625,5.214243259307289,4.989103222204211,23.774787918085046,7.816862088218873,1.7650978908881323,173.77208623763983,7.591722051115794,0.45028007420615623,41.86704129968841,3.629257398101619,3.034887700149493,0.5583472920156337,0.8105041335710813,17.75004052520668,0.8555321409916968,0.2971848489760631,0.3061904504601862,0.22514003710307812,1.1166945840312674,0.41425766826966376,1.7560922894040094,0.6123809009203725,1.1797337944201294,0.6934313142774805,0.5673528934997568,0.9005601484123125,6.62812269231462,7.420615622917455,81.1224581689811,27.458078925091407,8.096035734226689,90.20010446497722,0.5045371662155973,3.9053708439897696,1.0446497721582826,2.278417175483151,0.41425766826966376,4.58385115541867,7.591722051115794,1.3328290196502224,6.682156301219359,9.635993588011743,4.385727922767962,13.265250986113362,7.357576412528593,25.692981034203275,3.9354478485618056,0.5493416905315106,20.13652491849931,1.1797337944201294,1.4679130419120692,0.009005601484123124,3.3500837520938025,5.73656814538643,14.120783127105058,4.0074926604347905,16.39920030258821
DNov_ED_nonquotes.txt,54.5166517962818,10.032957628507438,33.70418252335258,3.514266465157778,5.826763051038803,1.9119066261221072,0.9286403612593092,69.95757388153461,14.25736084051057,1.565942569966678,2.5310002002949803,1.2381871483457456,13.055590961233817,11.762777909284582,3.678144175968244,229.30133469291138,7.938964657040368,1.0378921684662865,17.13432509696098,1.5841512045011745,1.9665325297255958,0.41879859429341393,78205489.0292977,12.309036945319471,5.371547187676396,0.564467670569384,1.201769879276753,1.2381871483457456,1.0378921684662865,0.2731295180174439,1.547733935432182,0.2731295180174439,1.4748993972941968,1.0196835339317905,0.2549208834829476,1.2199785138112493,3.2775542162093263,10.178626704783408,122.34381543728036,50.05553633533021,3.8238132522442143,68.24596223529197,0.5595741765845638,4.520496757885482,2.2942879513465284,2.112201606001566,0.5280504015003915,2.749503814708935,4.606784537227553,0.45521586336240644,6.8100293159016,4.115151404796154,1.3656475900872194,3.313971485278319,13.856770880751654,10.834137548025273,3.040841967260875,1.693403011708152,0.5826763051038802,0.7283453813798504,0.9832662648627979,0.0,3.7691873486407252,8.102842367850835,9.304612247127588,2.3671224894845135,4.206194577468636
DNov_ED_quotes.txt,24.13734073512509,10.931500819251179,71.04252769558093,2.42107065124355,5.233425448142623,76.64278203027561,41.47611943948546,27.267613900369277,20.517962387811497,4.5731334523489275,3.252549460761537,4.719865006969749,20.200044019466386,8.36369861338681,2.42107065124355,164.73062532097526,7.581130322075762,0.489105182069404,36.29160450954978,2.1276075420019076,3.2036389425545964,0.733657773104106,0.9048445868283974,17.803428627326305,1.1249419187596292,0.1711868137242914,0.611381477586755,0.3179183683451126,1.0760314005526888,0.3179183683451126,1.1249419187596292,0.5869262184832849,0.978210364138808,0.7092025140006358,1.100486659656159,0.733657773104106,4.8421413024871,6.798562030764716,86.18033308062898,29.982147660854466,6.994204103592478,89.873077205253,0.5114333885916582,3.9400179051029545,1.687412878139444,1.8830549509672054,0.4646499229659338,3.399281015382358,7.092025140006358,1.0271208823457485,6.015993739453669,9.904379936905432,4.964417598004451,12.692279474701035,8.241422317869459,24.112885476021617,3.863930938348292,0.8803893277249273,12.056442738010809,1.442860287104742,1.2716734733804504,0.0,3.1547284243476557,5.526888557384265,17.289868186153434,3.9862072338656422,16.531755153945856
DNov_GE_nonquotes.txt,100.86261119597448,14.429268877107857,4.545182256566927,3.4594303171893253,5.451223530116512,65.68424836014017,0.4567646089795429,49.240722436876624,13.815257435528798,2.2314074340312096,2.9202983197052745,2.4111180998592268,17.53676580705065,9.996405786683441,2.7031479318297538,182.8481145355977,7.472968520681703,0.8311618294545782,21.130979123610988,1.9992811573366878,3.040105430257286,0.4717404977985444,32160475.911282837,15.245454817743433,4.47030281247192,0.3444454428370324,0.7263306077215682,0.7562823853595712,1.2280228831581155,0.6739149968550633,1.6548357144996555,0.3743972204750352,1.4826129930811394,1.183095216701111,0.32946955401803096,0.8985533291400845,3.6541168718363433,12.489891275047174,116.77449306616347,37.74672776829305,4.313055979872405,71.39006200017971,0.5292677137699562,4.166420675321546,1.819570491508671,1.6548357144996555,0.48671638661754574,2.7930032647437626,4.942043310270464,0.4567646089795429,6.222481804295085,4.6200617006619344,2.5084613771827358,3.5642615389223353,14.361877377422351,18.001018360439694,2.987689819390781,1.6323718812711534,0.9509689400065894,1.2280228831581155,1.4077335489861325,0.0,3.908706981759367,6.70919819091263,15.994249258693502,2.5084613771827358,5.885524305867553
DNov_GE_quotes.txt,32.3627529189934,11.476539270432953,71.45188193487563,2.103125679889767,6.87141924722605,63.22068315323809,48.71636811951555,35.35426789469867,20.28791065341939,5.475378925230256,3.5716875770541736,6.87141924722605,21.937776488505328,5.819856407281166,2.2300384364348393,159.78316049024585,8.285589963013996,0.5076510261802887,40.303865399956486,3.20907970121111,2.2662992240191455,0.4895206323881355,1.232866777866415,17.40517804046704,1.0334324461527304,0.19943433171368483,0.30821669446660377,0.3444774820509101,0.8702589020233519,0.3807382696352165,1.2872579592428748,0.7070853578939734,0.5257814199724418,0.8521285082311987,0.8339981144390457,0.543911813764595,5.584161287983175,7.632895786496483,78.70403945173689,25.89020233519472,6.817028065849589,88.05932264848792,0.4889175548943524,3.811255864376367,1.3416491406193343,1.6861266226702445,0.2900863006744507,2.9008630067445065,6.309377039669301,1.958082529552542,7.1615055479005,9.137718471245195,4.7864239611284365,12.800058017260136,8.049894843716006,25.690768003481033,2.52012473710929,0.4895206323881355,24.077162955979404,1.4504315033722532,1.2691275654507215,0.018130393792153168,3.20907970121111,5.130901443179346,17.822177097686563,3.4447748205091013,17.894698672855174
DNov_HT_nonquotes.txt,91.54372802664558,11.119148148771174,6.224031490234999,3.7175971874106346,4.7268995912325265,5.803488821975878,1.5644187259239322,78.87698285868085,13.541473917943714,1.6485272595757565,2.691473076858378,1.7831009134186755,16.24976870153246,11.640621057412485,2.405504062442175,218.90086968223795,8.225814591148419,0.7737985095967838,20.152404662977105,1.7494574999579457,1.4634884855417432,0.25232560095547296,72248679.09230071,13.726512691977728,5.181085672952378,0.9083721634397026,0.8410853365182431,0.7569768028664189,1.2952714182380944,0.21868218749474322,2.220465288408162,0.3532558413376621,1.7999226201490401,1.1606977643951755,0.26914730768583783,1.0429458172826216,2.943798677813851,9.537907716116878,118.86217975675812,46.242871801773006,3.9699227883661075,68.69985028681009,0.5518294857357237,4.419170606877151,1.6989923797668511,2.1363567547563376,0.40372096152875675,3.061550624926405,6.055814422931351,0.3868992547983919,6.964186586371053,3.953101081635743,1.21116288458627,3.583023533567716,14.920853869833634,13.558295624674079,3.1793025720389587,1.715814086497216,1.497131899002473,0.5551163221020405,0.8915504567093377,0.0,3.212945985499689,7.670698269046377,11.388295456457012,2.8092250239709324,5.517519807559675
DNov_HT_quotes.txt,26.79157728844723,13.943002232631441,71.00643523179967,2.2326314407039356,5.7566869500503435,71.26909775423543,41.71956398021276,32.41693297727969,16.78851289235214,4.552817055553123,4.2463774460447405,5.603467145296152,22.194983145821478,7.7047673247822095,1.9480803747318653,165.30228078623648,7.595324607100643,0.5253250448715142,36.37875935735236,2.1669658100949962,2.363962701921814,0.459659414262575,1.4446438733966642,20.115571509871735,0.8536531979162106,0.15321980475419167,0.6566563060893928,0.3721052401173226,1.3133126121787857,0.459659414262575,1.7073063958324213,0.43777087072626186,1.0068730026704023,0.6128792190167667,0.91931882852515,0.941207372061463,6.08501510309504,8.405200717944227,84.64299785492273,26.835354375519852,7.157553736374381,89.15203782340322,0.5099921772255255,3.9076200534819443,1.7073063958324213,2.320185614849188,0.43777087072626186,3.8742722059274177,7.2232193669833205,1.5103095040056036,7.420216258810139,9.521516438296196,4.268265989581054,12.629689620452655,7.332662084664887,26.66024602722935,3.480278422273782,0.8974302849888368,17.226283763078406,0.9630959155977762,1.4665324169329772,0.021888543536313095,3.764829488245852,4.2901545331173665,14.64343562579346,3.32705861751959,17.379503567832597
DNov_LD_nonquotes.txt,87.19980081033975,12.607800086013718,5.93041943004595,3.2232508657959666,4.576835147920958,6.672853618234908,2.345005545621223,76.74687068516715,14.481993707417551,1.9556803005953056,2.8293985830371895,2.254464790964033,17.04882410194889,12.93827384051246,2.8565608094343466,214.07456031146017,7.4198148441567255,0.9235156975033387,20.851535797550873,2.0779103193825117,2.263518866429752,0.4572308110188098,19443477.054709252,15.378347178523732,5.056701147604065,0.7107449240589421,0.9099345843047603,0.8012856787161321,1.312840942529256,0.2852033771701487,2.788655243441454,0.4074333959573553,2.050748092985355,1.2766246406663802,0.33500079223160323,0.9914212634962313,3.073858620611603,9.769347427510809,121.15258380678604,46.814097195500125,4.436496978202313,66.19434572987167,0.5423625744597566,4.424307405131007,2.0009506779239006,1.8108150931438014,0.3123656035673057,2.5713574322641977,5.337377487041354,0.38479820729305775,7.274949636705221,4.368591412209421,1.4712872631793386,3.988320242649223,13.956857330405848,13.110301274361122,2.91541229996152,1.5980443196994045,0.9687860748319338,0.6383123203331901,0.8601371692433056,0.0,3.730279091876231,7.370017429095272,10.566106068494081,2.485343715339867,5.794608298060164
DNov_LD_quotes.txt,25.457593736520415,12.932262291346209,72.26277966322402,2.409030609338249,5.062219726379699,73.53240390328068,38.91886612789023,29.689674536709234,21.233651553255037,4.687843347901457,4.980833557145299,5.40404163716418,21.559196230192644,8.12233968959315,1.8311888077740068,156.02542503926884,7.349171081866348,0.4557625477126417,39.46415346176071,2.124179017017848,2.881070390897771,0.6022576523345623,0.6103962692580023,20.134938268590638,0.9766340308128035,0.17091095539224063,0.3499605277079213,0.3743763784782414,1.058020200047204,0.6103962692580023,1.8230501908505667,0.6185348861814424,1.041742966200324,0.6266735031048823,0.8952478615784034,0.7813072246502429,5.6644773787142615,6.616695558756745,84.14516037144648,28.79442667513083,7.959567351124349,93.65920355494788,0.4991958877975437,3.926805168061645,1.6765550862286462,2.148594867788168,0.4476239307892017,4.248358034035696,7.91073564958371,1.3754262600613651,7.129428424933467,9.391963929649796,4.785506750982738,12.492776977480446,8.358359580372912,26.946960633509942,4.305328352499776,0.6755052046455226,15.691253428392379,1.3103173246738449,1.6114461508411262,0.0,3.694932083241774,5.192437597154739,14.844837268354617,3.8577044217105745,18.26305637619943
DNov_MC_nonquotes.txt,91.80428368903024,10.785853864132726,5.752136097168473,3.429250162841488,4.851718456645848,1.43204720487375,1.1015747729798078,73.12540710372045,13.209318364688302,2.1744128127514464,2.5432008889229474,1.796045825510556,15.752519253611249,13.348212575194452,2.868883865282195,222.10621096593738,7.461971723054523,0.8333652630368981,19.78045135828959,1.9062033028085368,1.8822560251350626,0.3975248093796697,20570552.44932756,13.788842484386375,6.705237748572742,0.51726119774704,0.9099965515920151,0.651365952718495,0.8621019962450669,0.20115713245718228,2.9503046093720067,0.39273535384497493,1.925361124947316,2.025939691175907,0.29694624315107854,1.1638376949308404,2.7730947545882985,10.809801141806199,118.46239319514159,48.756657343193226,4.0231426491436455,67.74205908272347,0.5536747286244899,4.453404050144648,1.6475727039350168,1.978045135828959,0.4502088202613127,3.750143683666041,5.555768420245986,0.3879458983102801,7.691865588719874,4.621824590980498,1.1351009617226713,3.1035671864822407,17.926932066362696,12.083796314035022,3.0796199088087666,1.6284148817962374,1.1255220506532817,1.0441013065634699,0.7279972412736121,0.0,3.673512395110924,7.284761868270816,9.90459404574888,2.643779455151538,5.244453810490823
DNov_MC_quotes.txt,24.917626138477743,11.356759139576063,75.05174049805366,2.047205265949896,5.080655404547186,71.65218430824635,39.95038889428501,32.37423509985729,18.738652580300506,6.231274422635814,3.6760036162312,5.147899373136782,21.973834624666583,8.114105543144477,2.204107859325618,163.13386779835776,6.866356348204213,0.43335001979961296,41.57918724456631,2.9512630658766748,2.443197525421956,0.49312243632369746,0.0971301768516374,17.162155094477775,1.0833750494990324,0.15690259337572193,0.31380518675144387,0.20173190576878536,0.7845129668786097,0.3735776032755284,1.8977742246396843,0.6948543420924829,0.8069276230751414,0.9488871123198421,0.5753095090443138,0.7172689982890146,6.291046839159899,7.673283971279354,82.65778050074341,30.947168655344775,8.03191847042386,90.65234121083974,0.5150232838976655,3.886449478826109,1.2925785073333282,2.166750098998065,0.6350819255683983,4.886395050843912,7.3520072324624,1.4195948924470079,6.627266682107874,9.20495214470902,4.482931239306341,13.426379061722493,7.643397763017312,25.343504606211848,3.1754096278419914,0.4557646759961447,23.214112267541335,1.4494811007090502,1.2851069552678178,0.0,3.0633363468593333,4.512817447568383,13.299362676608812,3.5415156790520093,19.366262953803393
DNov_NN_nonquotes.txt,91.80045637912066,10.98671610773807,5.3889409559512655,3.142699971476305,4.156309848824416,1.5331486084511634,0.5450063159610448,61.249541583472556,9.260013854366163,2.236053950531763,2.3022696711625446,1.4261847520475937,18.04633063037366,15.570881382176767,3.2955054806242616,231.97913695448432,8.13944012061448,0.9473941567173302,17.058188337883543,2.3532048408785298,2.3837659427081213,0.3514526710402999,21876484.408744548,14.771199217635793,7.675930076199014,0.8964589870013447,1.1307607676948779,0.6825312741942057,0.6366896214498187,0.21392771280713907,4.782812436331038,0.7079988590521984,2.5824131046004646,2.0577808565258136,0.17317957703435066,0.9830487755185201,2.373578908764924,10.650543987612567,113.40715537264171,51.724664846583266,3.4890591255450065,66.55698626787824,0.5618969785369916,4.646469098848831,1.9864716189234344,2.5722260706572673,0.24448881463673036,4.405892180432745,5.949227822827106,0.3208915692107086,6.631759097021312,4.028971924534453,1.3599690314168127,2.8319954362087936,21.02603805875881,11.124241065971232,3.54508781223259,1.7317957703435067,0.9575811906605273,1.5229615745079663,0.9728617415753229,0.0,3.8812599323580947,8.679352919603927,9.58599894054847,2.6180677234016545,4.752251334501446
DNov_NN_quotes.txt,27.562479021085718,10.81749107442556,69.9780293552226,2.4106679686308015,5.179884654114918,63.61569680510207,35.99218821519026,36.44228128528272,17.95795062707882,6.621708217631443,4.80607854505508,5.431631625522566,22.825058740959992,7.293033474718501,2.075005340087272,166.00805590308505,6.667480394251014,0.3280339324402673,39.142839705837474,2.6700436361417106,2.4564401452503737,0.34329132464679135,0.31277654023374324,16.127063562295934,1.0985322388697323,0.24411827530438499,0.40432089347288763,0.2212321869945989,1.3655366024839033,0.518751335021818,2.219950566049251,0.6331817765707485,0.8849287479783956,0.7857556986359892,0.8086417869457753,0.6865826492935827,6.553049952702084,7.865185682463154,78.22464984284885,33.18482804918983,6.736138659180373,88.92771047572549,0.5249331103021502,3.9269120436411518,0.9307009245979677,2.547984498489518,0.40432089347288763,5.4850324982454,6.964999542278234,1.3731652985871654,7.666839583778341,8.521253547343687,5.591834243691069,14.982759146806627,7.354063043544597,25.167068444661435,2.9904488724787157,0.6255530804674865,21.474779530682614,1.4723383479295717,1.3884226907936894,0.0,2.9751914802721915,5.950382960544383,15.326050471453419,3.3413688932287697,17.912178450459248
DNov_OCS_nonquotes.txt,87.01866379531354,10.703481515664256,6.646413372301698,3.8519714915654,4.544172691380813,2.8328975029482644,0.525560170230221,71.07239911808439,11.408501256216992,2.230426088294109,2.4227041993539458,1.3972209403681484,18.599702609854894,12.741629492898529,2.8841716658975542,208.42306311849458,7.33861457211711,0.9101163923498948,18.42665230990104,1.8074142439624672,2.3457929549300105,0.39737476285699636,27527603.08670461,15.45275085884223,6.909193457416808,0.8588422294006051,0.9549812849305236,0.9421627441932011,0.993436907142491,0.2050966517971594,4.159616469261139,0.5896528739168333,2.4034763882479617,1.999692355022304,0.22432446290314312,0.9742090960365072,2.4227041993539458,10.312516023175922,114.99512895451981,52.44065015638619,4.063477413731221,67.0537865969338,0.5597597153857217,4.453168390193615,2.0701943290775775,1.8843254883864022,0.4742860072809312,3.858380761934061,4.742860072809311,0.442239655437625,7.056606675896016,3.704558273086192,1.3074911552068913,3.287955699123212,13.517151207506538,11.812285289442649,2.7431677177870073,1.858688406911757,0.8588422294006051,0.8203866071886377,0.8203866071886377,0.0,3.7686509767728045,10.30610675280726,11.011126493359997,3.0700405065887297,4.653130287648054
DNov_OCS_quotes.txt,26.181042365132583,11.810423651325815,75.86101798232247,2.7430661383724475,7.010057909174032,64.3096616885096,40.825967692776594,36.40658335873209,18.698567509905516,6.1414202986894235,4.465102103017372,5.98902773544651,23.4989332520573,5.577567814690643,1.7982322462663822,155.04419384334045,6.156659555013715,0.30478512648582745,43.61475160012191,3.1545260591283144,2.971654983236818,0.4419384334044499,0.9905516610789393,16.6107893934776,1.0819871990246874,0.09143553794574824,0.30478512648582745,0.25906735751295334,1.7677537336177995,0.3505028954587016,1.7982322462663822,0.5638524839987809,0.7772020725388601,0.5790917403230723,0.5943309966473636,0.6400487656202377,7.375800060957025,7.208168241389821,73.80371837854314,29.57939652544956,8.396830234684547,94.30051813471503,0.5149624149767918,3.8345782732972222,0.9600731484303566,2.3163669612922893,0.41145992075586707,4.7698872295032,6.552880219445291,1.2496190185918927,7.116732703444072,8.137762877171594,4.876562023773239,16.016458396830235,6.446205425175251,26.05912831453825,2.6668698567509908,0.5790917403230723,29.41176470588235,1.2039012496190187,1.4477293508076807,0.0,3.093569033831149,6.659555013715331,15.833587320938737,3.3221578786955197,16.930813776287717
DNov_OMF_nonquotes.txt,81.3241388567306,9.04906517228458,14.138465238279,2.863486630537519,4.860097425658406,3.109567512849337,1.5995257350268173,71.03907652556165,13.131770719730653,1.7225661761827262,2.1476149729031393,1.795271891411218,13.920348092593525,11.336498828319437,3.9205158750132827,235.4211059098561,7.292942512150243,0.9843235292472722,16.68316527127621,1.7729009021101436,2.013389037096693,0.30760110288977255,24020665.34118555,13.193290940308609,7.136345587042723,0.6319804477553509,1.1632914436558672,0.9787307819220036,0.9619525399461978,0.28523011358869815,2.2259134354568997,0.3299720921908469,1.8400138700133666,0.9619525399461978,0.2684518716128924,0.9228033086693177,3.05923278692192,11.112788935308691,119.18703824879896,46.470137525656725,3.6520640034003904,64.26625951466139,0.5417522103409133,4.4974904377510265,1.9015340905913212,1.5771547457257427,0.40267780741933856,2.70129695810473,4.2784517038304735,0.40267780741933856,6.644183822419087,3.8310319178089856,1.258368148185433,3.2885354272579317,18.90348595940784,11.795104108991461,4.049149063494461,1.8120501333870238,1.0794002337768382,0.8948395720429746,0.9116178140187804,0.0,3.0927892708735314,6.660962064394893,10.44725200360173,2.1028729943009905,4.7090932478761545
DNov_OMF_quotes.txt,26.225769669327253,11.35715766559552,71.93946304550637,2.332331294703016,5.299574997408521,75.0038872188245,43.88022183062092,28.318389136519126,21.431533119104387,4.794236550222868,4.055664973566912,5.895615217165958,20.718876334611796,6.73136726443454,2.371203482948067,161.37788949932622,7.508811029335545,0.6349124080024878,36.96097232300197,2.4683839535606924,2.643308800663419,0.39520058049134443,1.3022183062091843,18.775266922359283,1.2179952316782419,0.19436094122525138,0.39520058049134443,0.3109775059604022,1.0884212708614078,0.5247745413081787,1.2439100238416088,0.5247745413081787,0.6608272001658547,0.6478698040841713,1.256867419923292,0.6478698040841713,5.8373069347983835,8.040064268684565,84.28138281330983,26.744065512594588,6.6795376801078055,87.47538094744479,0.49244639288268827,3.859365625374985,1.4317922670260184,1.7945993573131545,0.3757644863688193,3.3041360008292733,6.912770809578107,1.5224940395978024,6.277858401575619,9.679174873017518,4.761843060018658,13.099927438581942,8.564838809992745,26.102674406551262,3.5244117342178916,0.7580076707784804,22.69487923706852,1.444749663107702,1.2698248160049757,0.0,2.980201098787188,3.9390484088317614,16.6502539649632,3.4142738675235824,19.377785840157564
DNov_OT_nonquotes.txt,96.36433794810499,10.47499835298768,6.032770839411593,4.122236548615098,4.065767554798453,1.6940698144993553,0.6305704309525377,64.47817943963935,9.27032648489925,2.079941272246431,1.7034813134687963,1.1199683773634626,18.29595399659304,12.686700610806282,2.9175646805266675,224.91600237169774,8.112712111658023,1.025853387669054,16.404242703735424,2.230525255757484,1.8728882949187315,0.36704845980819367,40422076.20490716,13.392563033514348,8.291530592077399,0.9035039010663228,1.0164418886996132,0.6399819299219787,1.0823223814856993,0.13176098557217208,4.451639012545528,0.5646899381664519,2.6540427093823236,2.4940472269018286,0.18822997938881728,0.8282119093107959,2.315228746482452,10.879692808673639,113.60620406012066,49.47625008235062,3.6704845980819365,63.22645007670371,0.5582626103734522,4.50807688665846,1.5905433258355057,2.315228746482452,0.14117248454161296,3.632838602204173,5.025740449681421,0.3576369608387528,5.948067348686625,3.3222591362126246,1.0540878845773767,2.61639671350456,19.17122340075104,10.390294862262712,3.218732647548775,1.7411273093465596,0.8564464062191185,1.7693618062548822,0.9976188907607315,0.0,3.745776589837463,8.319765088985724,9.731489934401852,2.597573715565678,3.839891579531872
DNov_OT_quotes.txt,28.001032296121515,12.184781005751363,69.42191417195104,3.0600206459224304,5.843533402153074,59.74413803273853,38.250258074030384,39.74340067836602,19.39241999705058,6.636189352602861,5.198348326205574,6.414983040849433,24.18522341837487,5.308951482082289,1.419407167084501,160.68795162955317,6.894263382981861,0.5714496386963575,38.54519982303495,2.562306444477216,1.9355552278425012,0.42397876419407166,0.20277245244064296,16.055891461436367,0.7557882318242147,0.18433859312785725,0.4424126235068574,0.18433859312785725,1.7512166347146438,0.5898834980091432,2.1198938209703586,0.7189205131986433,0.7004866538858575,0.7926559504497861,0.5898834980091432,0.4608464828196431,7.004866538858575,8.350538268691933,75.70786019761097,29.346704025954875,6.2490783070343605,90.63928624096741,0.5202587817278396,3.789526994744386,0.5530157793835717,2.80194661554343,0.2949417490045716,3.3733962542397875,5.677628668338004,1.474708745022858,7.060168116796933,8.940421766701077,4.313523079191859,16.406134788379294,5.95413655802979,24.093054121810944,2.3779678513493585,0.4608464828196431,28.351275623064446,1.5115764636484295,1.419407167084501,0.03686771862557145,2.746645037605073,5.050877451703289,13.843828343902079,2.8572481934817873,19.53989087155287
DNov_PP_nonquotes.txt,89.25446628413299,8.993610873723192,10.718064542383917,3.5608187848451553,3.6676433483905098,4.776584055670858,2.2026207626256458,50.3194563138404,8.077971757620151,1.7804093924225777,2.0805355471452405,1.5718471493102186,15.652342001383632,14.634965205713588,2.9402189394864284,257.3861555365645,8.551051967606723,1.0885931713669474,15.82529605664754,1.9330159117730843,1.6837585968339235,0.2085622431123591,21847996.34253042,12.320432995564238,4.791844707605908,0.7426850608391324,1.1140275912586985,0.6562080332071786,0.7528588287958329,0.10173767956700444,4.186505514182232,0.5137752818133724,2.416269889716355,1.9228421438163839,0.15769340332885687,0.3611687624628657,2.0296667073617383,8.795222398567534,111.38749847393481,53.01550482236601,2.9910877792699306,60.610222602042896,0.5453873785257887,4.5660101965298905,1.4802832376999147,1.856712652097831,0.27469173483091197,4.176331746225532,4.944451226956415,0.4222113702030684,5.95674113864811,3.118259878728686,1.215765270825703,2.7520042322874696,25.754893582387176,9.278476376510804,2.487486265413258,1.1343751271720994,2.7163960444390183,1.444675049851463,0.8088145525576853,0.0,3.860944939567818,6.969031050339804,9.344605868229356,1.927929027794734,4.033898994831726
DNov_PP_quotes.txt,33.672940770160594,9.370256932263311,61.365639967644896,3.0628288905652146,5.2077179652637025,54.94006125657781,30.137509202119443,35.50882040189405,16.92281125884994,5.0623017568095685,3.9353261412900236,4.5169909751065624,18.34970780430614,8.30690090794245,1.9631188141308198,208.50866589717256,6.26198547655618,0.47260267747593815,34.763562333566604,2.4175444655499914,1.8177026056766852,0.2544783647947359,39034865.35367948,15.01422352288942,1.4632505975697316,0.44533713839078787,0.5089567295894718,0.3726290341637205,0.9633823810086432,0.2635668778231193,2.163066100755256,0.8452317116396587,0.9906479200937933,0.7997891464977416,0.38171754719210393,0.38171754719210393,4.56243354024848,6.416490198038699,80.74234974415836,36.09957374873897,5.7530287469667085,82.11471521144425,0.538496011616322,4.021454671839334,1.0633560243208608,2.1085350225849546,0.3635405211353371,5.8348253642221595,5.580346999427424,1.535958701796799,8.315989420970835,6.661880049805052,3.835352497977806,12.160430431977023,8.097865108289634,21.494333312126805,3.1991565859909663,0.7179925292422907,23.975497368875477,1.2723918239736798,1.2178607458033792,0.0,2.7174653954866446,4.526079488134946,11.151605485826463,3.081005916621981,15.277790400712538
DNov_TTC_nonquotes.txt,89.44576342424827,12.188888005361747,3.941793231929661,3.8963546932330653,4.328020810850723,1.1700423714373345,0.24991196283127534,70.72508548125091,14.165464438663653,1.806181913189672,2.3173654735263716,1.4085946995944612,15.994365621201622,11.359634674148879,3.180697708761686,222.5238836319024,9.042269200622508,0.749735888493826,19.220501868659905,2.1583305880882873,1.045086390021697,0.2385523281571265,48789257.159409754,11.75722188774409,4.736967659120083,0.7610955231679749,1.3631561608978655,0.9882882166509526,2.1015324147175427,0.3180697708761686,2.9762242846270066,0.2044734241346798,1.6812259317740341,1.2722790835046744,0.2044734241346798,0.851972600561166,2.2037691267848825,9.576172030307506,126.7508036941532,47.86950051686338,3.7259601731208325,62.250798014335864,0.5416921511294491,4.4161672887488725,1.7380241051447787,1.806181913189672,0.2953505015278709,2.2151287614590314,4.498415330962956,0.4430257522918063,6.4749917642648604,3.3624518635480682,0.9314900432802081,2.362804012222967,10.291829014778886,9.882882166509527,2.8853472072338153,1.0678056593699945,0.056798173370744394,0.5452624643591462,1.045086390021697,0.0,3.0216628233236023,9.894241801183675,10.63261805500335,2.703593052447433,4.577932773681998
DNov_TTC_quotes.txt,29.675016519493003,12.174365751586873,68.76113814300875,2.5029534851124327,5.386355899961956,70.08269758314812,35.86231753469094,33.839931118720095,21.765683506537716,4.485292645321479,3.4841112512765062,4.745599807773172,20.484171322160147,7.8492621293125895,1.86219739292365,169.94052982519372,8.650207244548568,0.5606615806651849,38.825814461064056,3.143709577301215,3.0636150657776176,0.6007088364269838,0.24028353457079354,16.499469373861157,1.4216775795438619,0.4805670691415871,0.4605434412606876,0.3604253018561903,1.3616066959011632,0.6607797200696823,1.7821028814000521,0.3604253018561903,0.9210868825213752,0.6808033479505816,0.4605434412606876,0.7208506037123806,5.446426783604653,7.148435153481108,93.20998778558699,29.574898380088506,7.889309385074388,77.59155803848542,0.4943770304231529,3.93774066718009,1.3616066959011632,1.5418193468292585,0.24028353457079354,2.3227408341843376,5.96704110850804,1.261488556496666,8.830419895476663,8.810396267595763,3.5041348791574056,11.833964077611581,7.008269758314811,25.9706453615266,3.6843475300855006,0.520614324903386,7.889309385074388,1.1213231613303698,1.2014176728539676,0.0,3.123685949420316,5.18611962115296,12.454696541919466,4.405198133797882,14.316893934843115
