doc_id	f_01_past_tense	f_02_perfect_aspect	f_03_present_tense	f_04_place_adverbials	f_05_time_adverbials	f_06_first_person_pronouns	f_07_second_person_pronouns	f_08_third_person_pronouns	f_09_pronoun_it	f_10_demonstrative_pronoun	f_11_indefinite_pronouns	f_12_proverb_do	f_13_wh_question	f_14_nominalizations	f_15_gerunds	f_16_other_nouns	f_17_agentless_passives	f_18_by_passives	f_19_be_main_verb	f_20_existential_there	f_21_that_verb_comp	f_22_that_adj_comp	f_23_wh_clause	f_24_infinitives	f_25_present_participle	f_26_past_participle	f_27_past_participle_whiz	f_28_present_participle_whiz	f_29_that_subj	f_30_that_obj	f_31_wh_subj	f_32_wh_obj	f_33_pied_piping	f_34_sentence_relatives	f_35_because	f_36_though	f_37_if	f_38_other_adv_sub	f_39_prepositions	f_40_adj_attr	f_41_adj_pred	f_42_adverbs	f_43_type_token	f_44_mean_word_length	f_45_conjuncts	f_46_downtoners	f_47_hedges	f_48_amplifiers	f_49_emphatics	f_50_discourse_particles	f_51_demonstratives	f_52_modal_possibility	f_53_modal_necessity	f_54_modal_predictive	f_55_verb_public	f_56_verb_private	f_57_verb_suasive	f_58_verb_seem	f_59_contractions	f_60_that_deletion	f_61_stranded_preposition	f_62_split_infinitive	f_63_split_auxiliary	f_64_phrasal_coordination	f_65_clausal_coordination	f_66_neg_synthetic	f_67_neg_analytic
19C_AgnesG_nonquotes	76.40328151986184	9.887737478411053	7.29706390328152	3.1088082901554404	4.317789291882556	60.85924006908463	1.16580310880829	57.44818652849741	11.139896373056995	2.957685664939551	2.569084628670121	3.4326424870466323	1.0362694300518134	17.01208981001727	2.8929188255613125	163.3419689119171	8.829879101899827	0.9930915371329878	5.051813471502591	1.6407599309153713	2.158894645941278	0.2374784110535406	0.0	23.74784110535406	2.763385146804836	0.2158894645941278	0.4749568221070812	0.4749568221070812	1.4248704663212435	0.19430051813471502	1.468048359240069	0.3022452504317789	1.1010362694300517	1.575993091537133	0.7556131260794474	1.3385146804835926	3.238341968911917	10.751295336787564	103.67012089810017	51.31692573402418	4.81433506044905	81.56303972366148	0.5719949627395713	4.359092681658651	3.346286701208981	3.454231433506045	0.19430051813471502	3.562176165803109	6.714162348877375	0.5181347150259067	4.080310880829016	7.059585492227979	3.5837651122625216	6.36873920552677	9.585492227979275	17.702936096718478	3.324697754749568	1.5112262521588948	0.4533678756476684	0.8203799654576857	0.7987910189982729	0.0	4.7495682210708114	10.01727115716753	16.99050086355786	3.562176165803109	8.678756476683938
19C_AgnesG_quotes	31.146251965752228	7.819325528568932	60.54516861785777	1.9220688450113577	5.329372706622401	63.559322033898304	39.09662764284466	48.27013803948978	17.167569456578715	4.805172112528394	3.9751878385462165	7.120391403110257	1.965752227852525	8.256159356980604	1.616285165123187	134.50113576795385	5.373056089463568	0.17473353136466888	6.90197448890442	2.2278525248995282	1.4852350165996855	0.30578367988817057	2.4462694391053645	22.715359077406955	0.39315044557050494	0.17473353136466888	0.30578367988817057	0.13105014852350166	1.0047178053468462	0.2184169142058361	0.7863008911410099	0.17473353136466888	0.39315044557050494	0.8736676568233444	0.6552507426175083	0.9173510396645116	8.125109208457102	8.911410099598113	71.64074785951425	31.10256858291106	7.731958762886598	102.74331644242531	0.5245129840546697	3.898429459931093	2.0094356106936924	3.8878210728638827	0.4805172112528394	4.1062379870697185	9.91612790494496	0.9610344225056788	4.848855495369562	12.318713961209156	6.7272409575397525	17.560719902149224	7.469858465839595	28.132098549711692	3.0578367988817057	0.8299842739821772	20.88065699807793	1.616285165123187	1.4415516337585181	0.0	3.407303861611043	6.552507426175083	25.074261750829987	4.543071815481391	20.26908963830159
19C_Antoni_nonquotes	76.15934595893872	12.668983572423718	6.101015049680788	3.949967083607637	7.731524717914173	2.771100938499931	0.3444738735704334	73.34231517062939	11.061438829095028	1.0104566958066046	0.8037723716643446	0.06889477471408668	0.7578425218549536	23.8146271261693	3.100264862133901	202.1525789610668	8.795566238498399	1.2171410199488648	3.7356277844971446	0.8956320712831269	0.9492168960607499	0.22199427407872377	0.0	12.240304974202735	3.3758439609902475	1.2401059448535605	2.1127730912319915	1.0028017208383728	3.0313700874198144	1.2477609198217923	3.712662859592449	1.2477609198217923	1.7223693678521672	1.7223693678521672	0.007654974968231853	0.8420472465055039	1.263070869758256	9.920847558828484	141.43331751305175	65.6567203025246	2.8476506881822496	60.497267173936336	0.5708640121660435	4.7353855625673384	1.6534745931380803	2.2964924904695563	0.07654974968231855	1.2707258447264878	4.064791708131114	0.7654974968231855	4.478160356415634	2.503176814611816	0.6200529724267803	1.615199718296921	2.7481360135952357	8.826186138371328	2.778755913468163	2.1357380161366875	0.260269148919883	0.3061989987292742	0.17606442426933264	0.0	4.7231195553990535	12.84504799669305	7.899934167215274	3.0772999372292054	2.3730422401518747
19C_Antoni_quotes	35.00013420296857	16.050675040931903	53.06385377244545	2.5498564028236306	5.985452398207048	78.77714255039321	32.235553050433474	37.89891832407333	10.09206323643879	2.0935663096867705	1.7714791851195748	1.0199425611294521	1.1809861234130499	13.339775075824678	1.9862039348310383	179.37568779021393	9.850497893013394	0.9662613737015864	8.159540489035617	1.4762326542663124	3.2477118393858873	0.4831306868507932	0.0	15.487022572939313	0.9662613737015864	0.563652467992592	0.8857395925597874	0.29524653085326247	2.684059371393295	2.254609871970368	3.0866682771022895	1.2346673108409159	0.9394207799876533	0.5368118742786591	0.40260890570899427	0.8052178114179885	3.1403494645301553	7.703250395898757	117.88388759159353	28.343666961913197	6.9248731781947015	56.39208739297313	0.5194463488954172	4.1767191495088145	0.9394207799876533	1.127304935985184	0.0	0.7515366239901227	4.884988055935797	0.563652467992592	5.770727648495584	5.3949593365005235	4.589741525082535	14.628123574093458	3.3550742142416192	17.553748288912153	3.2477118393858873	0.5368118742786591	0.13420296856966477	0.4831306868507932	0.5904930617065249	0.0	3.757683119950613	6.951713771908635	11.058324610140376	3.6503207450948816	6.790670209625038
19C_Deronda_nonquotes	79.11142037384782	15.394294102507887	8.779037070222765	2.8882174074674243	4.446710959021628	3.3362247280976844	0.9722712064741824	79.83109170805173	9.918119513101832	1.534663374924935	2.7452363476918094	1.2868295379805355	1.3201917852615124	21.280347729937375	4.775567396505543	193.60112097150864	7.768637581141751	1.1724446901600434	6.491340113812924	2.1828441792410564	2.9835381139845008	0.8531203233278365	0.0	17.75824762413139	4.017767779694783	0.3240904021580608	1.100954160272236	0.7292034048556367	1.8015613531727497	0.3622186847648915	6.129121429048032	1.015165524406867	1.8444556711054343	1.620452010790304	0.40034696737172215	0.548094062473191	2.8119608422537627	8.955380377279356	124.42211821674022	53.779942616934676	6.233974206216817	66.17640049948051	0.5678848410099676	4.571608884281655	1.9540744836000723	2.7643004889952243	1.0056334537551592	1.911180165667388	5.82886120351924	0.22400366031513025	7.1633510947583146	6.396019407295847	2.31152713303911	4.913782420955304	13.32106873576147	16.909893336129407	3.1551153857152388	2.4688062987922867	0.07149052988780752	0.5099657798663603	0.753033581484906	0.004766035325853835	3.784232048727945	7.0203700349827	12.120027833646303	2.65944771182644	8.002173312108589
19C_Deronda_quotes	34.376807745924566	13.513641665639314	67.17939477851853	2.475130157706569	4.959743572722359	76.71955163159443	35.11650181604377	33.418998757693295	18.255270320249597	4.921810543485477	6.733112689546606	4.618346309590418	1.8018188887519087	8.11766825669281	3.3286233155364204	145.36885129304213	7.671955163159442	0.398296806987264	11.702339519578185	3.338106572845641	2.958776280476818	0.7302108128099839	0.0	21.138180542252652	0.4551963508425874	0.08534931578298514	0.47416286546102854	0.31294749120427884	1.6311202571859382	0.3034642338950582	2.560479473489554	0.5500289239347931	0.2939809765858377	0.597445210480896	1.2233401928894536	0.6069284677901164	5.509772496657152	7.065026695369326	86.57265597587458	27.672144828305626	9.805688057734072	78.52137052034632	0.5180545411624167	3.92599560388931	1.2897229940539976	2.560479473489554	0.862976415139072	2.7501446196739656	6.277916338704018	0.5120958946979108	4.969226830031579	11.066961279860406	7.14089275384309	16.53880074728068	6.865878291875694	26.998833559350963	3.2243074851349944	1.194890420961792	8.82891255488435	1.2138569355802329	1.280239736744777	0.0	3.6131210348130374	5.414939923564947	17.875940027880777	3.1294749120427885	17.572475793985717
19C_Jekyll_nonquotes	94.63414634146342	12.195121951219512	6.612466124661246	3.089430894308943	6.829268292682927	36.043360433604335	0.975609756097561	41.19241192411924	11.653116531165312	2.926829268292683	1.5176151761517616	0.975609756097561	0.9214092140921409	14.471544715447154	2.2764227642276422	203.2520325203252	10.02710027100271	0.7046070460704607	6.8834688346883475	1.5176151761517616	1.1382113821138211	0.27100271002710025	0.0	13.821138211382113	2.926829268292683	0.4878048780487805	1.1382113821138211	0.7588075880758808	2.2764227642276422	0.7046070460704607	1.5176151761517616	0.6504065040650406	2.005420054200542	1.4092140921409213	0.3252032520325203	1.029810298102981	1.4092140921409213	8.238482384823849	121.73441734417344	44.33604336043361	5.149051490514905	75.17615176151762	0.5505114395457635	4.2955399444535205	2.5474254742547426	2.5474254742547426	0.21680216802168023	2.330623306233062	5.636856368563685	0.7046070460704607	8.238482384823849	3.848238482384824	1.4634146341463414	3.089430894308943	11.27371273712737	11.21951219512195	2.330623306233062	2.113821138211382	0.05420054200542006	0.8130081300813008	0.3252032520325203	0.0	5.799457994579946	10.78590785907859	15.067750677506776	2.113821138211382	3.848238482384824
19C_Jekyll_quotes	32.14142225793491	12.186955939466987	73.25565822954333	2.1427614838623277	5.089058524173028	69.23798044730147	37.49832596759074	25.17744743538235	23.704298915227	7.767510379000938	4.821213338690237	4.017677782241864	1.7409937056381413	4.955135931431633	1.6070711128967456	170.61738315253783	7.499665193518147	0.4017677782241864	12.856568903173965	4.285522967724655	2.2766840766037233	0.4017677782241864	0.4017677782241864	17.94562742734699	0.6696129637069774	0.5356903709655819	0.5356903709655819	0.6696129637069774	1.4731485201553502	1.0713807419311638	1.3392259274139549	0.4017677782241864	0.5356903709655819	0.4017677782241864	0.5356903709655819	0.6696129637069774	7.365742600776751	6.294361858845588	83.1659300924066	24.775679657158165	7.901432971742333	75.66626489888844	0.5129242032730409	3.791717583163612	1.0713807419311638	2.4106066693451185	0.9374581491897683	4.821213338690237	6.562207044328378	1.7409937056381413	9.77634927012187	10.98165260479443	5.758671487880005	11.24949779027722	5.490826302397215	30.132583366813982	4.285522967724655	1.4731485201553502	8.704968528190705	2.1427614838623277	0.6696129637069774	0.0	3.4819874112762825	3.4819874112762825	18.347395205571182	2.9462970403107005	11.51734297576001
19C_Jude_nonquotes	98.7791467492538	15.428981799412016	3.478534078412891	4.903610942794947	5.632980991494423	2.3227630781660267	1.335308243003658	93.63989317534056	9.964316973002088	2.165667990753832	2.064678291703135	2.0310150586862363	0.8752440584393726	12.388069750218811	4.465988913575259	193.8553378666487	7.091721088893378	1.0435602235238672	5.924729010974214	1.716824883861846	2.86137480643641	0.6396014273210799	0.0	14.901591148813932	3.893713952287978	0.3478534078412891	0.9425705244731704	1.2567606992975606	1.0435602235238672	0.3590744855135887	3.5907448551358874	0.6508225049933796	1.8963621266186403	2.0310150586862363	0.2132004757736933	1.7056038061895464	1.9636885926524383	9.852106196279092	117.00217688906842	46.16351354384075	5.184137884602437	73.87957539442087	0.5683955486248791	4.429008512656084	2.3227630781660267	3.377544379362194	0.31419017482439016	1.4475190197266545	5.150474651585538	0.24686370879059225	4.780179088399651	4.566978612625956	1.3801925536928568	3.377544379362194	12.275858973495813	15.126012702259924	3.916156107632577	2.423752777216724	0.48250633990888486	0.6732646603379788	0.5386117282703831	0.011221077672299648	3.8376085639264796	7.585448506474561	13.858030925290066	1.7056038061895464	7.0692789335487785
19C_Jude_quotes	31.768904676530223	13.588914394866038	74.91496456158576	2.5803857173974967	6.936881084432231	80.89676781555269	37.96853269884888	32.23806571605704	21.53114056399859	6.8866138301972155	4.775389152326537	8.260585445954325	2.4966069603391365	6.099093513848628	2.4295839546924483	124.21038521472495	6.249895276553676	0.40213803388012936	13.588914394866038	2.1950034349290393	1.6923308925788776	0.43564953670347345	1.2734371072870763	20.324726462358203	0.5529397965851778	0.1172902598817044	0.41889378529180143	0.35187077964511315	1.0556123389353396	0.2345805197634088	1.3069486101104204	0.43564953670347345	0.2848477739984249	0.5361840451735058	0.904810576230291	1.3404601129337645	5.445619208793418	9.115128767949598	76.42298218863624	27.730768586317254	8.05951642901426	106.80115949799769	0.5295262574029159	3.7936849410131854	1.4242388699921247	3.7532883162145407	0.41889378529180143	2.8652334913959217	9.86913758147484	1.8766441581072704	5.311573197500041	9.45024379618304	7.724401400780818	13.94078517451115	7.305507615489017	26.13897220220841	2.7982104857492334	1.1058795931703556	31.19920912853337	1.3739716157571087	1.1393910959936997	0.033511502823344114	3.0327910055126424	4.255960858564703	18.263769038722543	2.6976759772792014	25.820612925386637
19C_LadyAud_nonquotes	88.19851988690765	14.451941381213603	5.496919247102291	4.145217792896808	2.804780517476374	5.226578956261194	0.6420581907476035	76.08952769298355	7.727226646541333	1.5093999571961205	1.430550705700801	1.036304448224202	1.1038895209344763	11.23038624869054	2.444326796354912	233.22482174437073	5.3279565653266046	1.036304448224202	5.384277459251833	1.8923820358876737	1.903646214672719	0.382982078691553	0.0	11.90623697579328	4.100161077756626	0.5744731180373295	1.2503238451400702	0.9687193755139282	1.9599671085979478	0.1802268605607308	4.8098043412145035	0.9461910179438369	3.0413282719623327	1.5769850299063946	0.2252835757009135	0.3604537211214616	1.982495466168039	9.664665397569191	118.92719961251224	65.3772936684051	3.75097153542021	56.36595064036856	0.5614133897376222	4.495493345154068	1.284116381495207	2.7146670871960077	0.1464343242055938	3.2102909537380175	3.615801389999662	0.23654775448595922	8.448134088784258	3.717178999065073	1.2503238451400702	2.185250684298861	10.700969845793393	11.005102672989626	2.647082014485734	1.3517014542054813	0.2590761120560505	0.8786059452335627	0.30413282719623325	0.011264178785045676	2.9850073780371043	7.952510222242247	9.48443853700846	2.0838730752334502	3.5031596021492053
19C_LadyAud_quotes	34.62655217149564	13.8228207821091	57.99406931488231	2.6410082164700066	2.9962315438314695	74.33434237350961	32.75776857972447	40.55723728918268	11.923148205349973	3.799345153518255	3.2742324087230497	4.139123988385742	2.1158954716748006	7.490578859578674	2.0077840242169644	173.19453882745415	6.007907580156917	0.5868907147711125	7.87669117192809	2.270340396614567	3.552233273614629	0.24711187990362635	0.0	19.290171124976833	0.8340025946747389	0.12355593995181317	0.571446222277136	0.26255637239760304	1.2818928770000617	0.308889849879533	3.1970099462531665	1.0502254895904122	1.0811144745783654	0.4787792673132761	0.8031136096867857	0.5096682523012294	6.146908012602705	8.47902637919318	89.2228331377031	36.588002718230676	7.691357262000371	73.40767282387101	0.5130387209394676	3.9365124420474973	0.9884475196145054	2.7027861864459135	0.37066781985543956	4.324457898313462	5.590906282819547	0.2316673874096497	8.448137394205228	10.162476061036633	4.494347315747205	13.8228207821091	5.699017730277384	24.062519305615616	3.119787483783283	0.7567801322048557	14.61048989930191	1.0811144745783654	0.6023352072650893	0.015444492493976647	3.629455736084512	5.1584604929882	16.803607833446595	2.6410082164700066	12.417371965157225
19C_NorthS_nonquotes	91.17966863861706	14.080094358747536	6.984758850739942	3.8056799542949817	4.091336318903079	6.312084185695066	1.1334107369934208	93.7966495272848	11.324892648495236	1.6955087447706456	1.6955087447706456	2.183888981036103	1.2532021157000424	12.37537089253792	2.9026372532758336	193.55522382558374	6.828108586277437	0.8938279795801773	7.445494922688487	1.8798031735500635	2.0733123237684525	0.5252391220213413	0.0	17.987136248871195	3.6674591327104182	0.3778035789978069	0.7648218794345847	0.5713127292161958	1.4559259873574022	0.25801220029118516	2.4695453456442014	0.9859751939698862	1.9166620593059474	1.7876559591603547	0.39623302187574866	1.2255579513831298	4.2295571404876435	11.278819041300382	109.37874348058459	44.626895928936065	6.201507528427416	75.92930465712021	0.5597938585416631	4.32336389385808	1.9258767807449182	3.510808868247913	0.4699507933875159	2.6999133816184737	6.708317207570815	0.5805274506551666	4.994379019922228	6.1738633641105025	2.054882880890511	5.418256206114889	12.135788135124676	18.088498184699876	3.860968282928807	1.6125762518199074	3.58452663975968	0.8385396509463519	0.6358157792889921	0.0092147214389709	3.7411769042221854	8.689482316949558	14.347321280477692	2.589336724350823	7.7772248944914395
19C_NorthS_quotes	30.983288189298307	11.60116522716819	68.29100015331936	2.172024326672459	4.689017222875249	68.98093729238003	28.683497725762766	41.23013236571779	17.440077681811214	3.6413349005979456	2.9769509889098993	5.302294679818061	1.8142791434558185	6.005008432565034	2.1209178719272246	156.23243215618132	5.698369704093627	0.6260540706291204	11.575611999795575	2.4786630551438646	1.737619461337967	0.2938621147850974	0.5749476158838861	19.02437777891348	0.7665968211785149	0.08943629580416006	0.5749476158838861	0.37052179690294884	1.0732355496499206	0.2810855010987888	2.0953646445546075	0.47273470639341747	0.7410435938058977	0.7665968211785149	0.7793734348648234	0.9837992538457606	6.694945571625697	8.125926304492259	82.28139213982726	30.612766392395358	9.378034445750497	89.52573209996423	0.5349759960487371	3.8513442691682824	1.2010016865130064	3.564675218480094	0.6516072980017377	3.820207492206266	8.279245668727961	0.9837992538457606	6.2988705473501305	10.579036132263505	5.3534011345632955	16.034650176317268	6.2733173199775125	28.223539633055655	3.564675218480094	0.9454694127868349	19.854857668523536	1.6609597792201156	1.1626718454540808	0.0	3.449685695303317	5.902795523074564	18.00224868400879	3.2963663310676137	18.47498339040221
19C_Pomp_nonquotes	86.7108713728333	8.645502419887853	10.617657719122445	4.434684348549133	5.010340489947338	4.978359593202994	2.8889410059058056	62.66123702108607	11.502462529049314	1.6416860328763618	1.0553695925633755	0.30914866852866557	0.8848048099268704	12.834999893397011	2.1213994840415324	216.30812527983284	7.813999104534892	1.140651983881628	4.722512419248236	1.1832931795407544	0.9594269023303413	0.24518687503997613	0.0	10.489734132145065	4.125535680020468	1.1726328806259727	1.513762445898983	0.6715988316312389	2.1000788862119695	0.3411295652730103	3.773745815832676	0.9381063045007781	2.5478114406327954	2.4945099460588875	0.149244184806942	0.6502782338016758	1.3645182610920412	8.176449267637464	125.47171822697908	53.19489158476004	3.1980896744344713	64.46282753768416	0.5687848553175107	4.566339512904398	1.663006630705925	2.1853612775302222	0.19188538046606826	1.1726328806259727	6.193633669488092	0.5756561413982048	7.7606976099609835	3.070166087457092	0.7568812229494915	1.5564036415581093	10.606997420207662	10.681619512611134	1.8975332068311195	1.7482890220241776	0.3624501631025734	0.8101827175233993	0.24518687503997613	0.0	3.315352962497068	14.561968317591624	11.502462529049314	2.1213994840415324	4.829115408396052
19C_Pomp_quotes	18.67702947923443	9.82641147670079	74.62252199815113	2.2939706234806723	4.314034306844249	62.108398671551335	38.518163453966515	33.142739754168524	13.678227822097442	4.125723285513747	1.8317526620330742	1.5236073544013422	1.7119183757318452	8.713664532475091	1.1641044954976547	189.21833806964082	6.64224329783956	0.47933714520491666	9.843530660458109	1.8488718457903928	2.002944499606259	0.3595028589036875	0.0	12.188858835210738	0.6334097990207828	0.3081453076317321	0.3937412264183244	0.2739069401170952	1.8659910295477111	0.4450987776902797	2.6363542986270416	0.838840004108604	1.43801143561475	0.8046016365939671	0.342383675146369	0.3937412264183244	4.074365734241791	5.426781251069949	90.37217105488409	33.26257404046975	6.5737665628102855	68.61368849933234	0.5580593958455734	4.116330558654424	1.4722498031293867	1.9858253158489405	0.0684767350292738	1.2325812305269284	5.238470229739446	0.9757934741671517	9.141644126408053	7.6865135070359845	3.2526449138905056	10.802204950867942	5.152874310952853	18.33464580408806	2.6363542986270416	0.7361249015646933	0.4450987776902797	0.7018865340500565	0.3595028589036875	0.0	2.6363542986270416	6.4710514602663745	13.643989454582806	3.1328106275892766	12.411408224055878
19C_Prof_nonquotes	86.4514182257091	11.632468316234158	12.88473144236572	2.896801448400724	5.401327700663851	59.03741701870851	2.2178636089318045	50.93542546771273	11.994568497284249	1.5540132770066384	1.6445383222691612	1.327700663850332	0.3771876885938443	16.777308388654195	3.0024140012070006	190.0875075437538	6.563065781532891	0.7091128545564273	4.315027157513579	1.3578756789378394	1.9613759806879905	0.25648762824381416	0.0	14.861194930597465	3.1532890766445383	0.8750754375377188	1.1466505733252867	0.724200362100181	0.5431502715751358	0.07543753771876886	1.6294508147254074	0.4224502112251056	1.7652383826191913	0.995775497887749	0.7091128545564273	1.071213035606518	1.71997585998793	8.992154496077248	109.95775497887749	51.4031382015691	6.080265540132769	74.30597465298733	0.5914393558319403	4.412314591760981	2.595051297525649	3.3494266747133374	0.4978877489438745	3.032589016294508	5.537115268557634	0.7091128545564273	5.778515389257694	4.269764634882318	1.7501508750754375	3.968014484007242	7.67954133977067	16.747133373566687	3.8624019312009654	1.6143633071816534	0.40736270368135186	1.071213035606518	0.5884127942063971	0.0	3.575739287869644	10.983705491852746	14.046469523234762	3.7417018708509353	7.3928786964393485
19C_Prof_quotes	21.168501270110077	11.09675119212086	66.80333348188422	1.4706537724497528	4.411961317349258	53.96853692232274	46.03591960426044	32.800035652212664	13.013057622888722	2.7630464815722626	3.3423949373858015	3.6543517982084763	2.5847854182450196	12.656535496234234	2.139132759926913	168.36757431258079	5.347831899817282	0.579348455813539	6.239137216453496	1.871741164936049	1.4260885066179418	0.3119568608226748	0.13369579749543206	17.246757876910735	0.7576095191407817	0.17826106332724273	0.49021792414991755	0.2673915949908641	0.6239137216453496	0.08913053166362137	1.4260885066179418	0.3119568608226748	0.9358705824680245	0.8467400508044031	0.9358705824680245	0.7576095191407817	4.3673960515174475	7.531529925576006	85.34248406791745	33.7804715005125	7.888052052230492	78.03378047150052	0.5706508739650383	4.191201047924477	2.272828557422345	2.4956548865813986	0.49021792414991755	2.005436962431481	5.927180355630822	1.0250011141316457	5.615223494808147	8.155443647221356	4.857613975667364	15.731538838629174	5.169570836490039	21.926110789250856	2.406524354917777	0.4456526583181069	7.353268862248763	0.9358705824680245	0.6239137216453496	0.0	3.832612861535719	7.085877267257899	15.731538838629174	5.080440304826418	13.458710281206827
19C_Tess_nonquotes	89.03846668868674	15.66698506503361	3.927905087529794	5.481213008507485	4.659923762933074	1.7318490613199546	1.3479856095840883	86.78884832037423	11.09633187227167	2.0889313420044813	2.026441942884689	1.535453806943465	1.1337362411733722	14.470759424740447	3.8118533463073225	201.17122988064526	7.221989126844553	1.0444656710022406	6.9541774163311585	1.9460984297306705	2.5352841928601397	0.6784563333006008	0.0	13.720886635302941	4.079665056820718	0.4284987368214321	1.3122773815156357	0.9641221578482222	1.0980280131049198	0.3392281666503004	3.820780403324436	0.6784563333006008	2.3656701095349892	1.6068702630803702	0.18746819735937653	1.5265267499263517	2.428159508654782	9.516242780242637	121.87218239762896	48.911345396763046	5.008078986600487	73.0768887420884	0.5766887282767469	4.449719037986064	2.4817218507574608	3.4726251796570224	0.28566582454762135	1.2676420964300699	5.391942438336353	0.26781171051339503	5.900784688311805	5.311598925182335	1.0712468420535801	3.5886769208794935	7.936153688213607	14.11367714405592	3.401208723520117	1.8300466885081996	0.08927057017113169	0.5891857631294691	0.41957167980431886	0.017854114034226334	3.8475615743757756	7.4273114382381555	11.935475231880305	2.4817218507574608	6.998812701416724
19C_Tess_quotes	30.003685956505713	12.802555596510627	71.85157881803661	2.997911291313429	7.12618257771225	76.79076053569236	43.076545030101975	30.93746160461973	18.57722078879469	6.2906991030839166	4.1774173731416635	6.855879100626613	3.1944956382848018	4.300282589998771	2.7276078142277917	136.0363681041897	6.241553016341074	0.46688782405700946	9.976655608797149	2.6047425973706844	2.5310234672564196	0.6388991276569602	1.1795060818282344	18.356063398451898	0.8600565179997544	0.07371913011426465	0.36859565057132326	0.2948765204570586	0.6388991276569602	0.3931686939427448	1.695539992628087	0.41774173731416636	0.27030347708563707	0.34402260719990174	1.3023712986853422	1.154933038456813	5.676373018798378	8.256542572797642	77.50337879346357	26.858336404963755	7.150755621083672	105.95896301756973	0.5226094937194579	3.750050648298217	1.0320678215997052	2.997911291313429	0.41774173731416636	3.292787811770488	9.239464307654504	2.5064504238849983	6.954171274112299	10.738419953311217	6.044968669369702	15.505590367366997	7.224474751197937	27.177785968792232	3.047057378056272	1.1795060818282344	24.302739894335915	1.1303599950853913	1.0074947782282835	0.02457304337142155	3.317360855141909	4.76717041405578	18.896670352623172	2.5310234672564196	24.54847032805013
19C_VivianG_nonquotes	79.20308509447594	9.462855747412977	14.306209871895318	1.6076679656895165	4.8433541244823415	5.189307990516794	2.5132530856032314	59.0563599548225	7.549934370516591	1.3634652367240205	1.465216373792977	0.75295841431028	0.9869860295688804	16.83981318491234	2.5234281993101275	236.84612175541062	9.605307339309517	1.719594216465369	8.109565624395852	1.4550412600860814	2.1978245606894657	0.6715575046551145	0.0	11.121399281636974	2.615004222672188	0.936110461034402	0.7326081868964885	0.468055230517201	0.3561289797413486	0.13227647818964378	4.8433541244823415	1.190488303706794	2.4420272896549617	2.0451978550860304	0.1526267056034351	1.0582118255171502	1.0989122803447329	7.031003571464911	117.65483979283468	58.99530927258112	4.8840545793099235	58.92408347663285	0.5608536604161364	4.65447587081986	2.1164236510343004	3.62234047965486	0.17297693301722647	2.655704677499771	5.7794645855167435	0.26455295637928755	5.5963125387926205	3.2051608176721373	1.536442169741247	2.0655480824998222	9.71723359008537	10.114063024654302	3.99881968681	1.7602946712929517	0.061050682241374055	0.31542852491376594	0.4578801168103054	0.0	4.538100713275471	5.982966859654657	11.85400746853346	2.462377517068753	6.3390958393960055
19C_VivianG_quotes	25.584597092137926	12.161288303886188	62.71511712801685	1.1472913494232253	4.797763824860761	59.5444210350654	30.194622332547613	28.431965622979202	11.222595381630823	3.765201610379858	3.0455370366507437	2.2945826988464506	1.8043763950019818	12.286447360186903	2.0442645862450197	196.44756878533138	7.3948142431006065	0.9282630008969732	11.337324516573144	2.5031811260143098	3.6400425540791423	1.0221322931225099	0.0	14.487160766807818	0.750954337804293	0.3024677193933958	0.40676693297732536	0.2190283485262521	0.5527858319948268	0.3754771689021465	3.128976407517887	1.470618911533407	1.8252362377187676	1.1472913494232253	0.40676693297732536	1.011702371764117	3.3897244414777115	5.183670915121301	96.30989382340057	43.76395001981685	6.758589040238637	75.91939756774234	0.5390992987702495	4.246301441677589	2.1068441143953773	3.212415778385031	0.18773858445107325	3.900790588038966	8.406516614864724	1.1264315067064394	8.260497715847222	8.1457685809049	4.870773274369512	9.80412607688938	5.788606353908091	22.5182002127704	4.057239408414861	0.8656834727466155	1.5853480464757297	0.7926740232378648	0.5840755960700056	0.0	4.651744925843259	3.744341767663072	12.495045787354762	3.556603183211999	12.328167045620475
19C_alli_nonquotes	86.33259559963548	21.380469387996637	9.43865172262791	2.680695442225983	4.7577905862024075	6.834885730178831	2.6156012924147563	96.32158877066739	11.361887967050524	3.5979311895659998	2.6866130922088223	2.8996484915910195	1.159859396636408	9.030333873812031	2.8582249417111476	192.58991869148923	10.628099369178512	1.1006828968080196	7.876392127158462	2.4794953428094635	6.503497331139858	1.2072005964991182	0.0	15.841549004059509	4.059507888227427	0.2307883493307138	0.5917649982838815	0.3609766489531677	0.6982826979749802	0.3728119489188454	3.6630253393772265	1.4971654456582202	2.236871693513072	0.6509414981122696	0.46749434864426637	1.852224444628549	2.4144011929982363	11.53941746653569	109.4173481826897	33.51165185281621	6.787544530316121	76.53296722805439	0.5109638088356561	4.230636792031312	2.6747777922431446	3.603848839548838	0.21895304936503615	4.799214136082279	5.503414484040098	0.39056489886736184	7.219532979063355	7.29054477885742	4.177860887884203	8.426733575562473	18.013326547761352	17.48073804930586	4.024001988330395	0.9172357473400163	0.7870474477175624	0.38464724888452295	0.1538588995538092	0.0	4.840637685962151	3.3730604902181245	16.806125951262235	3.840554838862391	10.870723018474903
19C_alli_quotes	22.379947566979986	14.05673849564124	81.46300914380716	2.163394931474732	5.616301127523073	77.43461858175075	40.08142038067225	42.681757145597544	21.729863375748664	6.564784619647463	5.573672655966921	7.982181298889529	1.7051388622460941	3.1864782488223886	1.7264530980241704	132.37206129974211	5.531044184410768	0.37299912611633307	11.850715092610354	2.9946501268197028	5.126073704627321	0.9484834921243899	1.8863098663597415	19.832896391499883	0.3943133618944093	0.05328558944519044	0.1918281220026856	0.11722829677941897	1.0443975531257326	0.5541701302299806	1.0124261994586183	0.5967986017861329	0.362342008227295	0.13854253255749516	1.1829400856832277	0.9378263742353518	7.662467762218386	8.035466888334717	72.13803099089883	17.776072638915533	8.632265490120853	105.21772491847305	0.48052936510577543	3.694477578970621	0.9058550205682375	2.9946501268197028	0.8951979026791994	5.999957371528444	9.175778502461794	0.7779696058997805	5.573672655966921	10.017690815695804	8.664236843787965	22.657032632094978	8.451094486007204	32.71735191934693	3.250420956156617	0.6927126627874758	32.03529637444849	1.555939211799561	0.5648272481190186	0.0	3.9218193831660164	2.163394931474732	19.150840846601444	2.3978515250335697	27.005136730822517
19C_arma_nonquotes	83.18022180589274	15.843278052541852	14.819187836217855	3.3313052331010056	6.560201444569611	22.584201299992166	3.2770886922367937	71.30077529653437	10.283070583912144	1.0060180360359274	2.5060089999457835	1.2891488605490329	1.036138336516045	13.011969807410798	2.590345841290113	211.11318606514416	6.21683001909627	0.6686706706586105	7.09031873301968	1.8554105095752436	1.30119698074108	0.2951789447051524	0.0	15.2408720429395	3.6445563580942286	0.6686706706586105	1.337341341317221	0.6024060096023518	1.9096270504394552	0.5722857091222342	3.144559370124276	1.4036060023734795	1.409630062469503	1.150595478340492	0.10843308172842332	0.25301052403298774	2.7168511033066065	8.7348871392341	123.57756880982645	45.53587026584177	3.5481713965578523	64.294793404859	0.5295851806101832	4.3908118198233375	1.1385473581484449	1.6204721658303263	0.15060150240058795	1.42167818266155	4.909608978259167	0.39758796633755217	5.228884163348414	4.759007475858579	1.1325232980524214	3.4096180143493116	11.566195384365153	15.331232944379853	3.981903723471545	1.036138336516045	1.4939669038138323	0.8554165336353396	0.45782856729778737	0.0	3.47588267540557	5.813217992662695	8.397539773856783	2.4758886994656657	3.915639062415287
19C_arma_quotes	39.42509593802042	15.299399029758888	54.42038954456593	2.3966403591340235	5.966258779233944	73.8831366302223	31.692129462023022	35.81203388603287	14.032293099703136	2.961407573673159	4.242994714358121	3.7216711317066107	1.5350083266961119	9.861704438491058	2.309753095358772	174.00622692057055	6.0821084642676135	0.5140829773369053	10.274418941423503	2.519730649482297	2.2011440156397075	0.38375208167402797	0.0	20.787777858228946	0.9340380855839548	0.1737745275505032	0.745782347404243	0.3547896604156108	1.2960683513141698	0.43443631887625805	2.3676779378756065	1.2381435087973354	0.8688726377525161	0.8254290058648903	0.23169937006733762	0.3765114763594236	6.234161175874303	8.225327637390485	102.59213670262835	34.38563463905583	5.459416407211643	71.5589023242343	0.5176813278469791	4.028570583756533	1.0933314025052496	2.881760915212512	0.3258272391571936	2.309753095358772	5.770762435739628	0.5213235826515097	6.8568532329302725	9.036275432626168	3.077257258706828	9.955832307580913	9.811020201288828	21.931793497936425	4.735355875751213	0.8616320324379119	13.170661067265224	0.9340380855839548	0.9267974802693505	0.0	3.5768590254145245	3.8230396061110707	11.85287090000724	2.548693070740714	11.244660053580478
19C_basker_nonquotes	90.95122233808365	15.71853396670915	13.671648708145058	6.06341482253891	4.364113853164948	48.4686981037346	2.896535743251072	47.194222376704126	14.637160622562083	2.124126211717453	2.587571930637624	1.1972347738771096	0.7337890549569381	9.925462480207006	1.7379214459506431	196.3078824392693	6.179276252268953	1.1199938207237479	9.23029390182675	3.3599814621712434	3.553083845054648	1.2358552504537905	0.0	10.273046769397133	2.703433360367667	0.2703433360367667	0.9655119144170239	0.5793071486502144	0.19310238288340478	0.11586142973004288	6.179276252268953	1.7379214459506431	2.2013671648708146	1.1586142973004288	0.19310238288340478	0.23172285946008575	2.3172285946008575	9.770980573900282	119.02830880933071	55.11142007492372	5.484107673888696	62.48793110106979	0.5564750422845444	4.242274029896987	1.776541922527324	2.00826478198741	0.07724095315336191	2.742053836944348	5.599969103618738	0.4248252423434905	6.526860541459081	6.102035299115591	2.510330977484262	3.1282586027111576	10.582010582010582	14.444058239678677	2.664812883790986	1.6220600162206003	0.0	0.849650484686981	0.19310238288340478	0.0	3.2441200324412005	7.415131502722744	17.070250646892983	2.0468852585640906	3.977909087398138
19C_basker_quotes	41.04983780595695	16.101445001474488	58.891182542023	2.506635210852256	3.981126511353583	57.09230315541138	28.251253317605425	38.86759068121498	20.495429076968446	5.45561781185491	4.276024771453849	4.541433205544087	2.742553818932468	8.109702152757299	1.3270421704511943	178.3249778826305	5.485107637864936	0.5308168681804777	13.506340312592156	4.60041285756414	7.254497198466529	1.150103214391035	0.0	15.895016219404305	0.5897965202005309	0.11795930404010616	0.6782659982306104	0.29489826010026543	0.6487761722205839	0.4718372161604246	4.335004423473902	1.6219404305514598	1.150103214391035	0.5603066941905043	0.707755824240637	0.707755824240637	4.659392509584193	7.873783544677087	90.23886759068121	32.52727808905927	7.0185785903863165	75.14007667354763	0.5253153533222874	4.019652215340638	1.8873488646416985	2.565614862872309	0.11795930404010616	4.68888233559422	6.2223532881156	1.091123562370982	8.964907107048068	11.058684753759954	4.865821291654378	10.439398407549396	7.107048068416396	25.302270716602774	3.2733706871129464	1.415511648481274	5.780005897965202	0.5013270421704512	0.383367738130345	0.0	3.2438808611029195	3.3028605131229725	16.27838395753465	3.5092892951931582	11.058684753759954
19C_cran_nonquotes	91.22650620310527	15.173464081420398	6.723126067899859	2.302949260827576	3.844439491865389	35.99286828616002	0.6128816581234678	60.76814501151474	10.623282074140109	1.8572171458286904	2.284377089369289	2.1915162320778543	1.3186241735383701	10.38184384518238	2.711537032909888	203.60671569719932	8.357477156229105	0.8728920585394845	6.277393952900973	1.355768516454944	2.9529752618676173	0.5943094866651809	0.0	18.330733229329173	2.0243666889532728	0.39001560062402496	1.2257633162469357	0.2785825718743035	1.0214694302057798	0.39001560062402496	3.3058465195750686	0.8357477156229106	2.1172275462447065	2.0986553747864196	0.5385929722903201	1.2814798306217963	4.531609835822004	12.35049401976079	105.73137211202733	41.36022583760493	5.775945323527227	76.09018646460144	0.556249740717691	4.265861875350926	2.3958101181190106	3.472996062699651	0.4457321149988857	4.215882921031127	6.29596612435926	0.39001560062402496	4.475893321447144	6.425971324567269	2.5629596612435925	4.234455092489413	9.76896218705891	18.869326201619494	4.271599435405987	1.3000520020800832	0.9100364014560582	0.947180744372632	0.8543198870811975	0.018572171458286903	4.14159423519798	7.707451155189064	16.324938711834186	1.6529232597875343	7.763167669563925
19C_cran_quotes	55.82102519548219	13.629452649869679	49.14205039096438	2.0091225021720245	4.398349261511729	72.00260642919201	17.267593397046046	46.26411815812337	16.99609035621199	1.954821894005213	2.8779322328410077	3.855343179843614	1.3032145960034753	4.452649869678541	2.172024326672459	175.6624674196351	5.973066898349261	0.3801042571676803	8.14509122502172	2.0091225021720245	1.954821894005213	0.10860121633362294	1.0860121633362294	18.679409209383145	1.0860121633362294	0.05430060816681147	0.7059079061685491	0.6516072980017377	1.0317115551694178	0.27150304083405735	1.5204170286707213	0.5430060816681147	0.3801042571676803	0.8688097306689835	0.43440486533449174	0.8688097306689835	5.7558644656820155	9.23110338835795	76.99826238053866	29.430929626411817	6.678974804517811	91.93092962641182	0.5313606483055621	3.885508451094486	0.5430060816681147	3.4209383145091223	0.5973066898349262	5.973066898349261	8.85099913119027	1.1403127715030408	5.538662033014769	8.742397914856646	4.887054735013033	12.109035621198958	6.407471763683753	29.105125977410946	3.366637706342311	1.0860121633362294	12.652041702867074	1.6833188531711556	1.2489139878366637	0.0	3.258036490008688	5.430060816681147	24.489574283231974	3.2037358818418764	16.181581233709817
19C_dorian_nonquotes	109.06536527654539	15.77442571231391	5.866114561766736	4.362614611061816	3.0316474415853296	2.53869663807552	0.3450655624568668	87.0551118998324	15.527950310559007	2.04574583456571	2.7605244996549345	1.2816720891255053	1.4542048703539385	8.503401360544219	1.8978605935127675	214.58148476782017	6.186532584048112	0.862663906142167	11.535048802129548	3.5492457852706303	1.4788524105294292	0.5915409642117716	0.0	12.200532386867792	5.545696539485359	0.41900818298333825	1.257024548950015	0.4929508035098097	5.175983436853002	1.7992704328108053	2.53869663807552	0.1478852410529429	1.6267376515823722	0.2957704821058858	0.1478852410529429	0.5915409642117716	1.6513851917578626	8.035098097209898	115.8187912846298	55.82667849748595	5.841467021591245	54.59430148871142	0.5561870112673899	4.336293474496611	0.4929508035098097	2.316868776496106	0.1725327812284334	1.7746228926353151	4.2393769101843635	0.12323770087745242	3.006999901409839	3.499950704919649	0.7394262052647146	4.06684412895593	8.355516119491275	11.830819284235433	2.2675736961451247	2.9823523612343488	0.024647540175490486	0.5915409642117716	0.6161885043872621	0.0	2.834467120181406	7.443557132998127	11.362516020901113	1.873213053337277	3.647835945972592
19C_dorian_quotes	32.23023043345853	13.374276723175312	86.666328291544	2.639325956755659	5.0502487057151555	71.89625418739213	42.53375291848543	34.08283423002741	21.749061009034616	5.151761242513451	7.055121307481474	4.618820424322403	1.8526037965688762	6.775961831286164	1.3957973809765507	153.53771190742057	4.87260176631814	0.22840320779616283	20.886204446249113	3.0453761039488376	2.8931072987513957	0.48218454979189934	0.431428281392752	16.749568571718605	0.2537813419957365	0.05075626839914729	0.35529387879403107	0.12689067099786824	2.15714140696376	1.3196629783778295	2.030250735965892	0.40605014719317833	0.6090752207897675	0.2791594761953101	0.8374784285859304	0.3806720129936047	4.03512333773221	5.329408181910466	81.23540757283524	32.661658714851285	10.963353974215815	91.51355192366258	0.5167426311818835	3.934909109634894	1.091259770581667	3.375291848543295	0.5836970865901939	4.415795350725815	8.298649883260582	0.7867221601867831	4.187392142929651	6.674449294487869	6.319155415693838	11.750076134402597	6.649071160288296	24.667546441985586	3.1468886407471324	1.3450411125774033	10.963353974215815	1.3957973809765507	1.218150441579535	0.025378134199573646	3.7052075931377524	2.766216627753528	13.78032687036849	2.5378134199573648	19.591919602070853
19C_dracula_nonquotes	85.54613025337791	11.310362613172705	26.102253783168926	4.338095106518195	6.3091192101166955	59.526770007276205	1.7960266364565776	54.221583634973705	13.585329686017703	2.1460215707404235	2.7631179022408885	2.210494321792711	0.7276210475901007	7.359104012968233	5.342027944332385	178.6539931658884	5.986755454855258	0.6907794755602221	9.818278945962623	3.674946809980382	3.3525830547189446	1.0591951958590073	0.0	15.758982435780535	2.090759212695606	0.25789100420914957	0.5986755454855259	0.571044366463117	0.9763016587917807	0.3039429692464978	2.5236476840466784	0.9118289077394932	0.8657769427021451	1.409190130142853	0.12894550210457478	1.593397990292246	3.2236375526143703	13.990586978346366	100.54065006953847	36.74946809980382	7.110423401766553	77.16467261658056	0.5392924067019963	4.049095295536791	1.6578707413445333	2.993377727427629	0.74604183360504	2.2473358938225894	6.2354360660569395	0.3868365063137244	3.380214233741354	8.234091348677847	3.1591648015620826	5.277555193280097	8.795925322133495	20.723384266806665	3.4907389498309893	3.278899910659188	0.6263067245079348	1.1881406979635822	0.5157820084182991	0.07368314405975704	2.8644322253230547	7.349893619960764	17.84974164847614	2.155231963747893	7.874886021386533
19C_dracula_quotes	28.019504876219056	10.277569392348086	67.66691672918229	2.5881470367591897	6.189047261815453	68.37959489872468	28.75093773443361	42.929482370592645	15.71642910727682	4.069767441860465	3.1132783195798948	5.176294073518379	1.6316579144786196	4.426106526631657	1.800450112528132	156.65791447861966	5.307576894223556	0.468867216804201	12.94073518379595	4.519879969992498	3.019504876219055	0.8627156789197299	0.0	17.029257314328582	0.5626406601650412	0.07501875468867217	0.43135783945986494	0.3938484621155289	2.156789197299325	0.7126781695423856	2.363090772693173	0.8439609902475619	0.43135783945986494	0.6939234808702176	0.7689422355588897	1.0877719429857464	5.7201800450112525	9.939984996249063	84.77119279819955	29.38859714928732	8.495873968492123	85.89647411852962	0.5119875257692547	3.7749824767461684	1.2753188297074267	2.4381095273818456	0.3938484621155289	1.9692423105776442	8.739684921230308	1.1065266316579143	7.201800450112528	12.171792948237059	5.701425356339085	14.534883720930232	5.007501875468867	23.030757689422355	2.644411102775694	0.937734433608402	6.5266316579144785	0.9752438109527383	0.937734433608402	0.056264066016504126	2.794448612153038	5.7201800450112525	20.461365341335334	3.4321080270067514	16.504126031507877
19C_emma_nonquotes	83.05019353072223	15.382892133069484	2.202889892842475	2.1282156591867976	5.525893290520106	1.443701850676424	0.7094052197289326	83.39867328778206	14.648595502121994	1.3814733226300264	2.638489589167258	2.090878542358959	1.468593261894983	19.726443390708035	3.3230033976776316	184.00975743319768	11.823420328815542	1.2445705609279518	8.936016627462694	2.4393582994187857	2.58870676673014	0.5476110468082989	0.0	22.016453222815464	1.6552788460341759	0.27380552340414943	0.5600567524175782	0.23646840657631085	0.7094052197289326	0.4107082851062241	2.58870676673014	0.9458736263052434	0.6098395748546964	1.9166386638290458	0.16179417292063375	1.468593261894983	1.705061668471294	8.724439632104941	104.48169858990155	41.30729691719872	6.795355262666617	87.56798466689068	0.543909594909607	4.469773331327416	2.7753923508693323	4.057300028625123	0.4729368131526217	7.940360178720333	9.79477031450298	0.27380552340414943	3.4972432762075445	9.944118781814336	4.779150953963335	4.866270893228291	10.877546702510298	18.743232647574953	4.144419967890079	2.4891411218559036	0.062228528046397585	0.721850925338212	1.4188104394578651	0.0	6.4593212112160705	7.679000360925462	15.109086609665335	3.945288678141607	9.956564487423615
19C_emma_quotes	28.434219069670576	12.667377215872198	62.932608083109756	1.8621289524299558	4.25104438482365	62.52833008685851	29.022259791490562	44.433827042522694	18.22926237641957	3.35673245372242	3.4057358472074193	5.04734952895488	2.131647616597449	11.025763534124739	2.1806510100824483	151.19997059796393	7.105492055324831	0.4900339348499884	12.838889093069696	2.95245445747118	2.229654403567447	0.7718034473887316	0.6247932669337352	19.24608279123329	0.6860475087899838	0.1225084837124971	0.2695186641674936	0.1347593320837468	0.7350509022749825	0.5145356315924878	1.519105198034964	0.5145356315924878	0.2572678157962439	0.9555661729574773	0.46553223810748895	0.6982983571612335	4.373552868536146	8.734854888701042	80.79434500839183	31.766449826650494	8.747105737072292	105.34504514437624	0.5146889808594057	4.015082120607717	2.254156100309946	3.111715486297426	0.6860475087899838	11.185024562950984	11.528048317345977	0.967817021328727	4.018278265769904	12.336604309848457	7.999803986426061	14.75002143898465	7.718034473887317	29.4510394844843	3.5649968760336654	1.396596714322467	0.551288176706237	1.2373356854962205	1.433349259436216	0.0	5.280115648008624	4.373552868536146	17.028679236037092	3.4669900890636676	18.51103188895831
19C_frank_nonquotes	86.0971742577268	13.661736278534349	14.70428531091853	3.4534436697725943	4.039877500488695	81.405703611998	3.1059273256445343	35.05571121391803	9.2960622054256	2.693251666992463	1.151147889924198	0.4995547446840859	1.4986642340522578	20.460024760539522	4.018157728980691	181.01257574770312	9.64357854955366	2.1719771508003736	6.841728025021177	0.738472231272127	2.953888925088508	0.39095588714406726	0.0	16.029191372906755	1.8244608066723138	0.8687908603201495	1.1294281184161943	0.5647140592080971	2.693251666992463	0.6950326882561195	3.2579657262005606	2.128537607784366	2.1936969223083773	1.8244608066723138	0.10859885754001869	0.6950326882561195	2.2588562368323886	8.296952716057426	114.0070806455116	44.54725136291566	5.907777850177016	61.96650811233466	0.5607958336991796	4.454183440322054	2.606372580960448	3.5620425273126126	0.28235702960404857	1.6072630915922763	5.51682196303295	0.3040768011120523	7.5802002562933035	6.646250081449143	2.975608696596512	4.452553159140766	5.5819812775569595	16.659064746638865	3.996437957472687	1.80274103516431	0.04343954301600747	0.6298733737321084	0.28235702960404857	0.0	4.973827675332855	11.989313872418062	19.00480006950327	2.3891748658804106	6.233574422797072
19C_frank_quotes	65.19280205655527	11.9280205655527	34.8586118251928	2.433590402742074	4.764353041988003	76.81233933161953	25.878320479862897	33.00771208226221	9.048843187660669	3.8046272493573268	1.6452442159383034	0.9254498714652956	1.6795201371036845	17.343616109682948	3.1191088260497004	172.0994001713796	9.014567266495288	1.6795201371036845	7.6092544987146535	0.5826906598114824	3.873179091688089	0.5141388174807198	0.0	15.458440445586975	1.3024850042844902	0.7883461868037703	0.5484147386461011	0.3427592116538132	2.159383033419023	1.0968294772922023	3.2562125107112254	2.056555269922879	2.2279348757497854	1.3367609254498714	0.41131105398457585	0.7197943444730077	3.2562125107112254	7.4035989717223645	100.94258783204799	41.67952013710369	9.014567266495288	65.2956298200514	0.543775135680488	4.356552173763854	2.879177377892031	3.016281062553556	0.1713796058269066	2.707797772065124	5.689802913453299	0.27420736932305056	8.123393316195374	7.986289631533847	3.1876606683804627	9.357326478149101	4.387317909168809	20.25706940874036	4.215938303341902	1.6452442159383034	0.03427592116538132	0.44558697514995715	0.13710368466152528	0.0	5.038560411311054	12.476435304198802	20.188517566409597	2.5364181662382177	9.220222793487574
19C_jane_nonquotes	103.18983976962268	11.149671416968175	8.546850771616333	3.8396219449161926	7.070073100494721	63.43683083511777	1.5783061360112236	52.91478992837628	13.549435132540797	1.550616554677693	1.9567304142361366	1.4213985084545522	0.7199291146717862	13.134091412537844	2.778187993797534	189.94129808757293	7.374658495163554	0.6645499520047257	5.2702503138152546	1.4675478106771025	1.17219227645278	0.2122867902237318	0.0	15.192350291663589	3.248910876467548	0.8214575795613971	1.3475596248984716	0.812227719116887	0.7845381377833568	0.03691944177804032	1.8275123680129957	0.20305692977922174	1.1998818577863104	1.3014103226759213	0.5907110684486451	0.7568485564498265	1.864431809791036	8.814516724507126	100.44857121760319	44.570996086539175	6.027098870265081	74.19884811341652	0.5818976729699686	4.297672307592556	1.993649856014177	3.2304511555785274	0.3599645573358931	2.2705456693494797	4.956435058701913	0.6276305102266854	5.824041940485859	4.71645868714465	1.9105811120135863	3.7750129218046222	8.860666026729675	17.27829875212287	3.8857712471387433	2.6581998080189027	0.18459720889020156	1.4490880897880825	0.5168721848925644	0.0	3.6827143173595216	11.537325555637599	15.13697112899653	3.4519678062467696	6.839326589381968
19C_jane_quotes	33.33585400282315	9.66676749344626	65.17190965920548	2.5458761847146603	6.011796733212341	66.78513813268803	45.08217382536802	33.2980439604759	15.817201048598507	3.1256301673724542	3.1634402097197016	4.033071183706392	2.2055858035894333	10.032264569469652	1.8148820326678765	168.77142569066345	6.831014317402702	0.49153055051421657	8.99879007864489	1.8905021173623715	1.3611615245009074	0.34029038112522686	0.05041338979632991	17.430429522081063	0.6553740673522888	0.22686025408348456	0.6805807622504537	0.3781004234724743	0.794010889292196	0.13863682193990723	1.4745916515426498	0.5419439403105465	0.8318209316394435	0.6427707199032062	1.083887880621093	0.5797539826577939	4.310344827586206	7.398164952611414	82.96783625730994	33.19721718088324	8.746723129663238	81.94696511393425	0.5463723355342902	4.003049632773386	1.3107481347045775	2.6593063117564024	0.4411171607178867	2.961786650534382	6.100020165355918	0.8444242790885259	6.049606775559589	8.305605968945352	5.331215970961887	14.859346642468239	6.137830207703166	21.602137527727365	3.1508368622706193	0.8444242790885259	4.890098810244001	1.134301270417423	0.7183908045977011	0.0	3.327283726557774	7.952712240371043	17.70770316596088	4.108691268400888	14.317402702157693
19C_mary_nonquotes	88.32304776714126	13.217357500364448	6.560085524077944	4.227610671072452	5.529909130667185	2.92531221147772	1.5549832353369941	88.26473589581613	9.922736770494193	1.8756985276252491	1.603576461441275	1.7687934301958306	1.5744205257787063	11.847028524223722	4.3733903493852955	195.35448758443073	7.21123475387531	1.1176442003984643	6.453180426648525	1.8368239467418244	1.3411730404781572	0.3693085183925361	0.0	18.134991982117693	3.41124447252053	0.5345254871470917	1.0010204577481898	0.6900238106807911	1.0398950386316148	0.17493561397541182	3.7028038291462173	0.592837358472229	1.865979882404393	1.7590747849749746	0.21381019485883668	1.4383594926867196	3.3820885368579616	10.476699548082996	108.62529763350989	48.35997861898052	5.442441323679479	74.96962923368481	0.5694329914647422	4.348724227435232	1.9826036250546673	3.2363088585451187	0.5150881967053792	1.9437290441712425	6.686427911949075	0.5442441323679479	5.180037902716361	6.385149910102532	2.0700714320423734	4.41226493026872	8.13450604985665	17.542154623645462	3.5958987317167987	1.739637494533262	0.6900238106807911	0.6803051654599349	0.5150881967053792	0.0	3.654210603041936	9.738082511297925	15.384615384615385	2.5365664026434716	6.82248894504106
19C_mary_quotes	41.50245706222936	9.04977375565611	62.74834168572309	3.1463371121815142	5.660163155419323	66.49475340177428	27.70074117322694	51.07121425907005	17.029144163869024	3.9896852041064563	2.1732431599604274	5.741254318104413	2.0272790671272647	2.108370229812355	2.546262508311844	153.39204333511734	6.844094130621645	0.3243646507403623	9.698503057136833	2.4002984154786815	0.6325110689437066	0.11352762775912681	2.5949172059228984	18.910459138163123	1.0055304172951232	0.12974586029614493	0.3243646507403623	0.38923758088843474	0.7460386967028333	0.14596409283316303	0.843348091924942	0.27570995312930796	0.19461879044421737	0.37301934835141665	0.29192818566632606	1.1839309752023224	6.1791465966039025	11.936619147245333	75.43099952967125	24.70036815387859	6.730566502862518	91.74654146191148	0.5295457450071521	3.6899277287883145	0.6000746038696704	2.3192072527935905	1.0055304172951232	2.3354254853306085	8.368607989101347	1.7191326489239203	4.654632738124199	11.028398125172318	4.249176924698746	17.450818209831493	7.6550057574725505	28.787362753207155	2.4651713456267537	0.7946933943138877	36.5234596733648	1.5731685560907571	1.2488039053503948	0.0	3.795066413662239	5.287143807067906	23.727274201657504	3.8112846461992573	16.850743605961824
19C_mill_nonquotes	82.62147054607998	13.960154794324207	8.986670488748745	3.2750465816253405	4.887487458793177	3.1532177153504373	1.662605704457503	71.77153504371508	10.935932349147198	1.6411064927619319	2.938225598394726	1.361616740719507	1.490612010892934	16.475562562706035	4.1493478572452345	208.4348573885624	7.424394438870574	0.9961301418947971	6.693421241221156	2.5870718073670633	2.235918016339401	0.7166403898523721	0.0	16.561559409488318	4.944818689981368	0.4013186183173284	0.9101332951125126	0.5661459079833739	2.4580765371936364	0.2794897520424251	4.37150637809947	0.5589795040848502	1.7199369356456928	1.7557689551383115	0.6019779274759925	0.6951411781568009	2.9955568295829154	9.868138168267164	117.69385122545508	57.6752185753189	6.055611294252544	71.85036548659883	0.556136867903206	4.4263445952296605	1.5981080693707896	2.8880607711050597	0.4228178300128995	3.13888490755339	5.654292675935216	0.28665615594094884	8.03353877024509	4.887487458793177	2.6300702307582053	4.930485882184319	14.296975777554822	15.615594094883187	2.5225741722803496	1.7844345707324065	0.7524724093449906	0.4156514261143758	0.5948115235774688	0.0	3.8770245091013327	7.560556112942526	12.863694997850079	2.6515694424537766	7.582055324638096
19C_mill_quotes	24.183042014982085	10.61231136684399	74.2047551840191	2.9448485506459665	5.401150797958962	72.91553577244599	42.652806427098035	31.809792639235695	18.795461947671264	5.102594723699924	6.079687330365867	6.215394636847248	1.6284876777765716	4.736184996200195	2.958419281294105	150.21441754424058	7.504614048420367	0.3121268049071762	9.75735533601129	4.193355770274671	0.8142438388882858	0.24427315166648572	2.0356095972207147	20.166105743133212	0.5021170339811095	0.040712191944414285	0.24427315166648572	0.18999022907393334	1.0178047986103573	0.23070242101834762	0.8820974921289763	0.2714146129627619	0.12213657583324286	0.18999022907393334	1.411355987406362	0.6785365324069048	7.4096189338834	12.227228313972423	74.81543806318531	27.372163717294537	8.41385300184562	83.69069590706764	0.5107831117251024	3.730065387532014	0.8685267614808381	2.388448594072305	0.3664097274997286	3.229833894256867	6.541092172402562	1.1806535663880144	4.966887417218543	10.313755292584954	7.1382043209206385	18.008359570079254	6.391814135273043	25.173705352296167	2.0356095972207147	0.6242536098143524	47.23971338616871	1.0992291824991858	1.411355987406362	0.0	3.4876777765714904	5.333297144718272	19.39257409618934	4.13907284768212	19.867549668874172
19C_native_nonquotes	96.98900821804762	14.201061354545143	4.974383073343496	6.051784015496235	5.490160120118743	1.6619482618313524	0.8710901234426398	71.78470319896387	11.20955448324871	2.8425046133391407	2.0401847627998673	1.3066351851639597	0.9169369720448841	13.731131156372138	4.057446101298612	210.21926255344022	8.412896718511812	1.2951734730133988	8.034660217543296	1.5473311403257417	2.280880717961649	0.5043153346246863	0.0	13.891595126479993	4.000137540545807	0.41262163742019786	1.134709502905544	1.0086306692493725	0.7679347140875904	0.3896982131190757	4.871227663988447	0.8252432748403957	1.6963333982830353	1.971414489896501	0.21777253086065995	1.4097905945190092	1.822412231939207	8.229509324102834	124.74927504670647	46.431395921922814	5.295311013559205	71.29184957648974	0.5714497288277053	4.5028549676437	1.9141059291436955	3.5072839180716815	0.3323896523662705	1.375405458067326	4.699301981730031	0.19484910655953785	5.9486286061411855	4.882689376139008	1.0315540935504948	2.9800451591458734	13.364356367554185	13.696746019920456	2.968583446995312	2.07456989925155	0.10315540935504947	0.664779304732541	0.45846848602244206	0.0	3.770903297534586	6.922874138938875	11.587790984217222	2.200648732907722	5.707932650979403
19C_native_quotes	33.73700906079672	16.31644438213078	71.41730489493331	3.172155137664523	7.168019067982264	74.57193431360521	38.99472475858322	34.75350076236878	18.85767363606092	7.308224819923237	5.117509945845528	6.2216302423806935	3.049475104716171	3.3999894845686045	1.9628805271736274	131.02227518883964	6.046373052454477	0.4206172558229201	11.672128849086034	3.435040922553848	2.839166476804711	0.5082458507860285	1.5773147093359505	20.084473965544436	0.6484516027270019	0.05257715697786501	0.3680400988450551	0.2979372228745684	1.3494803624318688	0.3154629418671901	1.6298918663138156	0.3855658178376768	0.12268003294835171	0.3329886608598118	1.2618517674687604	0.9989659825794353	6.169053085402829	8.237087926532187	75.46574598222892	24.343223680751503	8.289665083510052	101.43886152929424	0.5208844060256425	3.744200660729675	1.016491701572057	4.013389649310363	0.4556686938081635	2.786589319826846	6.852556126115074	1.857726213217897	6.309258837343802	11.479345940167196	6.747401812159344	17.122627455791374	6.519567465255262	27.56795597539389	3.0319493857235496	1.0865945775425436	19.17313657792811	1.4896861143728422	1.1566974535130305	0.05257715697786501	4.048441087295607	3.0319493857235496	17.963861967437214	3.329886608598118	21.45148004696893
19C_persuasion_nonquotes	78.66049292693597	17.445675951582324	1.9870205629283944	2.533906956394925	5.487093481114189	0.5468863934665306	0.21875455738661223	80.70220212921103	12.195566574303632	1.5495114481551697	3.882893393612367	2.2604637596616595	1.3307568907685576	20.10718973311944	3.682368382674639	188.9674784891352	11.357007437654952	1.458363715910748	7.583491322735891	2.3516114919060813	2.8255796995770748	0.4739682076709932	0.0	22.404112585678867	2.0052501093772785	0.32813183607991836	0.6380341257109523	0.43750911477322446	0.5104273005687618	0.09114773224442176	3.153711535656993	1.2578387049730204	1.0026250546886393	1.9323319235817413	0.21875455738661223	1.6224296339507074	1.348986437217442	9.461134606970978	111.12731515239902	42.98527052646931	6.307423071313986	83.2907977249526	0.5491095827093296	4.530301361817715	3.0807933498614553	4.739682076709931	0.29167274318214964	6.198045792620679	9.041855038646638	0.2734431967332653	3.354236546594721	9.096543677993292	4.283943415487823	3.627679743327986	8.221525448446842	19.65145107189733	3.263088814350299	2.2604637596616595	0.0	0.5104273005687618	1.6771182732973604	0.0	5.669388945603034	8.148607262651305	14.310193962374216	3.9740411258567887	9.114773224442176
19C_persuasion_quotes	33.2089424492451	13.968297442569071	58.612071621760414	2.122633434900202	4.690335170666575	62.00143791297203	25.848197473381493	44.267177924612284	15.543154507172446	3.6974904995035778	5.683179841829573	4.895751309527886	1.8829812728953403	8.216645554452395	2.4649936663357184	159.26597966380226	8.524769762744361	0.7531925091581362	10.681639220788114	2.6704098051970284	2.3280495737615117	0.6162484165839296	0.0	20.19925365469547	0.5135403471532747	0.1369440925742066	0.3081242082919648	0.20541613886130985	0.7874285323016879	0.4450683008661714	2.4992296894792703	0.6504844397274812	0.2738881851484132	1.3694409257420659	0.479304324009723	0.9243726248758944	4.519155054948817	7.668869184155568	89.15060426580848	32.798110171522474	8.93560204046698	95.5185045705091	0.5248909325701581	4.0255412894564735	2.2595775274744083	3.5263103837858196	0.5820123934403779	8.661713855318565	9.654558526481564	0.5820123934403779	4.416446985518162	12.119552192817281	7.9769933924475325	12.598856516827006	7.155328837002294	28.96367557944469	3.5263103837858196	1.3009688794549623	0.5135403471532747	1.3694409257420659	1.5748570646033757	0.0	4.758807216953678	5.238111540963402	16.91259543291451	3.8001985689342326	16.50176315519189
19C_pride_nonquotes	92.68577262451689	13.476263399693721	1.8960110843724933	2.610661416174433	5.381754539488077	3.033617734995989	1.1230219499744767	97.0320134179246	10.996864289360461	1.0646831473784002	3.0919565375920657	1.5168088674979945	1.0209290454313427	23.145919929993436	3.0627871362940278	190.096988259316	11.638591117917304	2.027273390213666	8.196601764748777	1.6918252752862246	3.4711587544665647	0.8313279369940931	0.0	20.199810398891564	1.5897323707430904	0.2771093123313644	0.33544811492744114	0.33544811492744114	0.7584044337489972	0.1896011084372493	3.6315904616057755	1.1959454532195726	1.6772405746372057	1.2834536571136879	0.20418580908626852	2.318967403194049	1.2396995551666303	10.150951651717348	116.1963100707358	33.42813388755196	7.175672719317435	78.84489170859769	0.5462291340443758	4.609372475878578	3.7920221687449867	3.8066068693940056	0.24793991103332605	4.3316560927586965	8.036170057609567	0.17501640778823013	4.025377379129293	7.948661853715452	2.756508422664625	3.9816232771822357	12.994968278276088	18.580908626850434	3.8503609713410634	1.6334864726901481	0.0	0.8750820389411508	0.6854809305039014	0.0	6.169328374535113	5.396339240137096	15.182673375628964	3.9816232771822357	8.18201706409976
19C_pride_quotes	27.101718960148865	13.062623210568011	63.34174696464433	1.8424010170053613	4.053282237411795	65.93953239862188	32.97897820439597	46.317961567514786	16.489489102197986	3.5558339628203472	5.471931020505924	4.145402288262063	2.2661532509165947	13.338983363118817	2.5056653831272913	141.1094938924406	9.359397166387236	1.0317445695230023	12.988927169887797	2.8557215763583104	3.2242017797593823	1.0685925898631097	0.0	21.500819868452567	0.33163218306096504	0.09212005085026807	0.1289680711903753	0.09212005085026807	0.9764725390128416	0.2579361423807506	1.9897930983657905	1.0133205593529488	0.5895683254417157	0.9580485288427879	0.8843524881625734	1.1607126407133777	5.2508428984652795	8.290804576524126	87.51404830775466	31.21027322807082	9.598909298597931	98.07100613519539	0.5290782705926165	4.093471947316821	2.5977854339775597	2.9846896475486853	0.7001123864620373	6.927427823940159	10.483261786760506	0.5342962949315548	4.606002542513403	12.841535088527369	7.572268179892036	14.112791790261069	7.535420159551928	27.893951397461173	4.237522339112331	1.1791366508834313	0.38690421357112587	0.8843524881625734	1.0317445695230023	0.018424010170053615	6.245739447648175	4.38491442047276	16.802697275088896	3.7953460950310443	18.239770068353078
19C_sybil_nonquotes	92.01469807169103	13.386518096187823	10.76341090648948	1.7017678875315694	3.6420000650357154	4.0972500731651795	1.279035737125638	58.087733180138095	9.202553735759887	1.8643571761492352	1.8210000325178577	0.6503571544706634	1.1489643062315054	17.017678875315692	2.3196071842786994	237.96568282081577	8.888214444432402	1.2140000216785718	7.414071560965564	2.438839329264988	1.495821455282526	0.552803581300064	0.0	10.991035910554213	2.254571468831633	0.7695892994569518	1.2681964512177937	0.747910727641263	2.471357186988521	0.4552500081294644	5.7665001029732155	1.1272857344158165	2.7206607628689423	1.3765893102962377	0.18426786043335464	1.5500178848217478	1.3982678821119263	5.864053676143816	116.54400208114289	55.64889385087311	4.790964371267221	53.773697388816025	0.5503765938168733	4.6642718172233515	2.135339323845345	3.165071485090562	0.2709821476961098	2.579750046066965	4.574178653110333	0.2601428617882654	6.536089402430168	3.8045893536533812	1.4307857398354595	2.558071474251276	22.599911117855555	8.595553724920602	3.0350000541964293	1.5716964566374367	0.4769285799451532	0.42273215040593126	0.2818214336039541	0.0	4.0972500731651795	9.885428747954084	11.793143067734697	2.2003750392924113	5.7014643875261495
19C_sybil_quotes	25.327718132748085	12.589714692449137	75.24171065899519	1.0083634853787293	4.419004685924432	61.86606560294205	28.456610712379145	35.29272198825553	14.962334658046148	5.19010617474346	4.40417581113945	4.255887063289637	1.9425825968325523	9.757399608517705	1.8684382229076457	182.81036834924967	6.910255649801293	0.6969571148941219	11.981730826264902	3.38098345097574	2.0315558455424405	0.43003736876445814	0.0	14.665757162346521	0.23726199655970107	0.07414437392490658	0.6376416157541965	0.25209087134468233	1.9870692211874965	0.4893528679043834	2.9361172074263004	0.5783261166142712	1.0083634853787293	0.6376416157541965	0.4448662435494395	0.9342191114538229	4.982501927753722	5.2197639243134235	84.46527077525357	32.26763153211934	6.8361112758763865	76.7394270122783	0.5310435068170418	4.046840762419331	1.3345987306483182	3.1437214544160392	0.43003736876445814	3.8258496945251794	6.4802182810368345	1.0528501097336735	9.015955869268641	9.119757992763509	6.406073907111928	15.006821282401091	6.569191529746722	22.050536805267217	3.069577080491132	0.43003736876445814	8.778693872708939	1.4680586037131502	0.607983866184234	0.0	3.5885876979654783	4.40417581113945	18.980959724776085	4.5228068094193015	15.392372026810605
19C_vanity_nonquotes	77.99740457048807	10.543932392226372	13.527093751978223	2.6389504336266376	2.931727543204406	6.662657466607584	2.0969171361650947	71.0696651262898	7.08599734126733	1.372887257074128	1.839748053427866	1.111761726910173	1.4401468633284802	12.17398873203773	2.35804266632905	237.22067481167312	7.829809457491928	0.9099829081471166	6.389662594163449	1.479711337595746	2.065265556751282	0.46686079635373806	0.0	14.092865734000126	2.8011647781224283	0.3560802684053934	0.8268975121858582	0.6488573779831613	0.47081724378046463	0.1305627650819776	4.775432044058999	1.5271887067164651	3.074159650566563	1.5944483129708173	0.15034500221561056	0.8704184338798506	1.6102741026777236	7.920807748306641	112.46993099955688	51.160821675001586	3.881274925618788	61.447584984490724	0.5701859913931093	4.439285985750119	1.4401468633284802	2.1879154269798065	0.25321263531050203	3.699278343989365	5.266031524973096	0.2848642147243147	7.568683927327974	3.7546686079635374	1.8872254225485852	3.98414255871368	10.235329492941698	12.003861492688484	3.165157941381275	0.6092929037158954	0.8348104070393113	0.4272963220864721	0.3679496106855732	0.0	2.4371716148635816	10.8011014749636	12.85845413686143	1.7724884471735138	5.804108375007913
19C_vanity_quotes	27.954345917471464	10.043898156277436	69.0956979806848	1.9490781387181737	3.2133450395083405	64.51273046532046	37.682177348551356	41.29938542581212	13.028972783143107	2.791922739244952	3.582089552238806	3.98595258999122	2.2827041264266903	4.95171202809482	1.7032484635645304	204.75856014047412	5.5311676909569805	0.43898156277436345	11.676909569798068	2.6865671641791042	1.7208077260755048	0.28094820017559263	0.0	14.100087796312554	0.2633889376646181	0.10535557506584724	0.33362598770851626	0.21071115013169447	0.5618964003511853	0.28094820017559263	2.2124670763827923	0.8955223880597015	0.8077260755048288	0.5267778753292361	0.5618964003511853	0.5970149253731344	3.9508340649692717	5.654082528533801	77.89288849868306	31.95785776997366	6.812993854258122	73.08165057067603	0.5454006997362381	3.925587823462021	0.4916593503072871	2.4231782265144863	0.42142230026338895	3.125548726953468	5.91747146619842	0.5618964003511853	7.129060579455663	7.410008779631255	4.793678665496049	14.960491659350309	5.759438103599649	18.823529411764703	3.2133450395083405	0.5443371378402106	25.320456540825287	1.1413520632133451	0.7550482879719052	0.0	2.4582967515364356	5.601404741000878	14.451273046532046	2.7216856892010535	16.24231782265145
19C_wh_nonquotes	105.0117207204534	8.219340672383609	9.154031037654669	3.2639981009465595	3.3975252959852824	50.28040710958132	2.4925076407228275	82.57915195394796	11.602029613364587	1.6171626954689773	1.7951989555206078	1.3946173704044391	0.6676359751936144	13.426901278893801	2.759562030800273	179.8017862971425	6.0087237767425306	0.4599270051333788	4.821815376398327	1.1869084003442034	1.5429809204474645	0.31156345509035344	0.0	18.91635263048574	6.928577787009288	0.4599270051333788	0.7566541052194297	0.8159995252366399	1.0533812053054805	0.32639981009465596	1.3501083053915313	0.3857452301118661	0.6379632651850093	0.8011631702323374	0.41541794012047123	0.9643630752796652	2.4925076407228275	9.094685617637458	97.489688733272	38.44099581614789	5.608142191626362	69.33028693510579	0.6079767678289031	4.423600922238524	1.8248716655292128	2.56668941574434	0.20770897006023561	1.9435625055636332	3.931634076140174	0.41541794012047123	3.738761461084241	5.2520696715231	2.2847986706625916	5.296578736536008	12.566392688644253	16.8986083499006	5.207560606510193	1.5133082104388593	3.723925106079938	2.4034895106970118	0.44509065012907634	0.0	2.2551259606539866	7.714904602237322	19.06471618052877	3.1007981958992312	8.011631702323372
19C_wh_quotes	35.13336416897934	9.80958988590811	62.480727721245756	2.293401171754548	5.723866790009251	70.69071847055196	42.51464693185322	51.99660807893925	15.013105149552883	3.758094357076781	3.700277520814061	4.451896392229417	2.2548566142460684	6.533302497687327	2.1006783842121495	148.35800185013875	6.359851988899167	0.26981190255935866	9.82886216466235	1.561054579093432	1.792321924144311	0.5396238051187173	1.4261486278137527	19.387912426765343	1.4454209065679926	0.1734505087881591	0.23126734505087881	0.4047178538390379	0.6359851988899168	0.26981190255935866	0.8094357076780758	0.23126734505087881	0.19272278754239902	0.2505396238051187	1.3105149552883133	0.8672525439407955	6.1285846438482885	8.075084798026518	75.81714461917977	24.417977181621954	9.597594819611471	86.20490286771508	0.5617293289695594	3.950939186901181	1.5417823003391922	3.0450200431699046	0.13490595127967933	1.9465001541782299	5.916589577551649	1.3297872340425532	5.993678692568609	8.730342275670676	6.167129201356769	21.25732346592661	5.878045020043169	19.69626888683318	2.9486586493987046	0.6938020351526364	29.02405180388529	1.0214307739747148	0.6552574776441566	0.0	2.8137526981190257	4.972247918593895	22.086031452358927	3.0064754856614244	19.59990749306198
19C_wwhite_nonquotes	82.5545259832857	15.5155467937756	12.413573688905048	3.6644187777316963	6.078958282438628	58.77841344870098	0.9317281853457337	55.01173182135816	10.561479857059261	1.2157916564877256	2.0452569922223423	1.488492588784038	1.0737599209167297	14.680400188618146	2.681559167580404	192.4700455069681	7.522000715839948	0.8692342216944954	7.857195611787498	1.4714487805155183	2.2156950749075373	0.42609520671298795	0.0	18.572069743263434	2.244101422021737	0.3806450513302692	1.0510348432253704	0.4431390149815075	1.232835464756245	0.744246294392019	3.1474232602532712	1.5680303607037955	1.9600379508797448	1.2896481589846436	0.24997585460495292	0.3124698182561912	2.6645153593118844	9.368413278262894	123.09038331524796	46.097820096922455	4.295039683666919	68.75472255520774	0.5367756124434024	4.329039276308256	1.698699557429112	2.6304277427748457	0.13635046614815613	1.8975439872285065	5.2154053301669725	0.3067885488333513	6.868654732213366	5.868751313793553	1.8634563706914673	2.5224836237408885	10.913718561275331	16.362055937778738	4.158689217518763	1.380548469750081	0.22156950749075374	1.0055846878426518	0.4374577455586676	0.0	4.522290460580512	7.147036933932518	9.777464676707364	2.846315980842759	4.9483856672935005
19C_wwhite_quotes	29.971796013656668	12.334183501342727	63.91104273781088	2.725935522178589	5.451871044357178	70.80684992510425	40.41671727190532	36.07141411278896	14.965655911366612	2.483030376637923	4.0619138226522535	3.9134717892662914	2.078188467403479	9.44631121547036	2.0377042764800346	175.2560625075908	6.221070671902622	0.4858102910813327	10.782289515944024	2.3885672644832194	2.3750725341754046	0.4453261001578883	0.0	20.296074382953456	0.4993050213891475	0.0539789212312592	0.5397892123125919	0.26989460615629596	0.9851153124704802	0.5532839426204068	2.2131357704816272	0.998610042778295	0.41833663954225875	0.7152207063141843	0.796189088161073	0.1754314940015924	6.396502165904214	7.233175444988732	96.2039323644117	31.145837550436553	6.747365153907399	75.88086852084261	0.5089859363180034	4.016880061282556	0.9176416609314062	2.4965251069457377	0.20242095461722198	2.4560409160222934	6.180586480979177	0.5937681335438512	7.516564781452843	8.893027272849952	3.6435771831099957	10.498900179479914	9.554269057932878	24.911272148226118	4.291324237885106	0.5532839426204068	7.516564781452843	1.1605468064720728	0.5397892123125919	0.0	3.1172827011052187	5.208965898816512	12.4016571528818	3.68406137403344	11.888857401184838
DNov_BH_nonquotes	60.26304095871146	10.30724759841131	40.83960548437192	3.701447137562817	4.874182864315393	35.910450632865	0.8383228046707866	61.641921637432254	13.46813686192411	1.8736285634445446	3.0509452891297477	2.0248015282212437	0.8245798078729047	11.241771380667268	2.5058064161471054	203.77199452112527	6.935632383997655	0.792512815344514	6.216415551575176	2.061449519682262	2.1072595090085344	0.7421218270856142	0.0	15.323441429638146	4.901668857911156	0.46726189112797933	0.8154178100076502	0.7787698185466323	1.0719537502347762	0.24279294342924418	2.3592144503030332	0.3710609135428071	1.841561570916154	1.3147466936640204	0.27944093489026217	1.085696747032658	2.8173143435657577	9.885795696609602	112.34899882268327	48.801381629278076	4.571836934761994	74.9634665335123	0.542002343082675	4.308658303916237	1.694969605072082	2.2355274791220974	0.4214519018017069	3.59608416211239	6.317197528092976	0.48558588685848836	5.721667666851434	4.869601865382766	1.6720646104089458	3.000554300870848	16.587797135043267	16.015172268464863	2.9272583179488123	2.079773515412771	0.810836811075023	0.9345237822559587	0.47642388899323385	0.0	3.376196213346282	8.818422945307454	12.900092994278332	2.2767564695157425	6.0377565932027135
DNov_BH_quotes	23.859831387716994	11.624560393662648	74.47861459949317	2.260331187656626	4.8225078444723675	73.3414293435914	36.74091129253038	31.23047656485817	20.55357055111367	5.356002162055918	4.5627803477540585	5.868437493419067	2.1620559186280772	7.749706929108433	1.9163677460567048	165.5727693268846	7.81990354984311	0.5685926279508904	12.909158553107254	2.267350849730094	1.9444463943505759	0.7300448556406495	0.5475336417304871	18.131787135767283	0.6247499245386327	0.13337357939588787	0.43521904855500254	0.28078648293871133	1.1442049179752487	0.36502242782032474	1.48816835957517	0.4703173589223415	0.8774577591834729	0.7581235039345207	0.9125560695508118	0.6809072211263749	5.517454389745677	7.068799707982058	83.26021185340137	31.09710298546228	7.925198480945127	87.71067760797995	0.5014478700480749	3.9302016412998175	1.48816835957517	1.8040531528812205	0.5405139796570193	4.21179724408067	7.433822135802383	1.7057778838526714	7.833942873990045	9.048344412699972	4.625957306415269	11.821110931719748	8.009434425826742	24.912780698737166	3.6432046161297795	0.6387892486855683	18.258141053089705	1.2705588352976687	1.0599689730936352	0.0	3.0956709743992925	5.454277431084467	16.489186210575824	3.10269063647276	16.80507100388187
DNov_BR_nonquotes	92.35676177221062	10.670378102528415	3.868012062166551	3.9202041289723963	4.656692182788216	1.5657620041753655	0.5915100904662491	74.46648109487359	11.279285548596613	2.563210392020413	2.116678264903735	1.571561122709348	1.1656228253305498	11.163303177916957	2.5864068661563446	206.27464625376942	8.002783576896311	0.9626536766411505	4.5117142194386455	1.7861285084667131	1.4903734632335885	0.33054975643702156	0.0	13.87149153328694	6.89515193690559	0.6379030387381118	0.7364880538158199	0.6900951055439573	0.806077476223614	0.08698677800974253	4.662491301322199	0.3653444676409186	2.2500579911853396	2.1282765019717003	0.14497796334957086	1.5657620041753655	2.1398747390396657	11.053119925771282	118.16283924843424	50.49872419392253	4.169566225933658	68.82973787984227	0.5680461873192598	4.449721451714412	1.675945256321039	1.8383205752725587	0.48712595685455806	3.0735328230109022	5.352586406866156	0.4059382973787984	7.747622361401067	3.607051728137323	1.0554395731848758	3.0329389932730226	11.963581535606588	10.960334029227559	2.5168174437485504	1.8151241011366273	0.7364880538158199	0.6726977499420088	0.5857109719322663	0.0	3.241707260496405	12.096961261888193	11.070517281373231	2.8183716075156577	4.065182092321967
DNov_BR_quotes	24.84002326934264	11.64630599185573	75.22978475858056	2.559627690517743	4.781849912739965	68.77254217568354	43.07155322862129	33.44968004653869	16.78883071553229	6.631762652705061	4.130308318789995	6.527050610820244	2.6643397324025595	6.771378708551484	1.908086096567772	159.24374636416522	6.980802792321117	0.4304828388598022	12.402559627690518	2.6643397324025595	1.8382780686445608	0.32577079697498545	0.2559627690517743	15.497382198952879	0.9773123909249564	0.2094240837696335	0.29086678301337987	0.2094240837696335	1.2449098312972657	0.2675974403723095	1.9546247818499127	0.535194880744619	0.89586969168121	0.9191390343222804	0.5584642233856894	1.012216404886562	6.433973240255963	7.643979057591623	80.25596276905178	32.87958115183246	7.376381617219313	84.61896451425248	0.5255876059385646	3.868001052833078	0.9191390343222804	1.6870273414776031	0.6050029086678301	3.397324025596277	6.468877254217569	1.0005817335660268	8.656195462478184	8.144269924374637	4.176847004072135	14.252472367655614	6.038394415357766	23.38568935427574	3.1064572425828967	0.477021524141943	23.327515997673064	1.372891215823153	1.3496218731820826	0.0	2.454915648632926	6.9342641070389766	13.79872018615474	4.700407213496219	16.16055846422339
DNov_DC_nonquotes	96.56930733458432	11.907481439177612	11.540344293057029	3.8549400342661335	4.6544831524842945	67.87142041282533	0.5384678143101901	53.56530961899323	13.19654075222322	2.1253161458758263	3.3205515215795054	2.2803296075711836	0.8648119441951537	10.104430121563187	2.3415191319246147	184.93513910418534	6.706371869136004	0.701639879252672	6.208697071061435	1.9213510646977237	2.2436158929591254	0.3304234315085257	0.0	15.562535693889206	5.062413314840499	0.3997715591090805	0.48135759158032143	0.5139920045688178	1.1136493432324386	0.27739251040221913	1.95398547768622	0.30186832014359144	1.843844333850045	2.0110957004160888	0.29370971689646735	0.9056049604307742	3.353185934568002	10.520518887166517	114.11438361752468	41.41714938402546	4.870686138533084	74.01484865790977	0.5347029643943956	4.1798956567427	1.7826548094966141	1.8764787468385413	0.4935954964510076	3.48780288814555	5.874194337929346	0.48951619482744557	6.351472627886106	4.997144488863507	2.0355715101574607	3.083952027412907	16.847515705311253	18.78110467487966	2.904462755976177	1.7133066818960594	1.4563106796116505	1.3951211552582197	0.9504772782899568	0.0	3.2226482826140166	6.433058660357347	14.87313371950722	2.3415191319246147	5.894590846047157
DNov_DC_quotes	26.48847768354322	12.961535166623833	73.4515548702133	2.5443330763299925	4.420457465947057	75.41334704017818	36.15180330677632	34.60978326051572	17.904566092692537	4.420457465947057	4.454724578086181	5.457037608155573	2.14169450869528	8.686712927268054	1.653388160712756	162.3918444273109	7.153259659042234	0.43690567977383704	13.227105285702049	2.8613038636168935	2.2273622890430906	0.6339415745738027	0.7367429109911763	18.84691167651846	0.7538764670607385	0.20560267283474687	0.37693823353036926	0.2227362289043091	1.1565150346954511	0.2998372312173392	1.362117707530198	0.6082412404694595	0.7367429109911763	0.6596419086781462	0.796710357234644	0.6939090208172706	6.5878523087466805	8.04420457465947	81.23875610382935	30.08652445815129	8.995116936520175	86.26745481024587	0.5046376789157813	3.9335249160356485	1.1565150346954511	1.8161569433735971	0.5654073502955538	3.966418230103658	7.573031782746509	1.2850167052171677	6.168080185042405	9.19215283132014	5.27713526942517	12.71309860361518	7.641566007024759	25.623233102030326	3.3581769896341984	0.5996744624346784	21.005739741283303	1.2678831491476055	1.4392187098432279	0.008566778034781118	3.246808875182044	5.6883406150946625	15.497301464919044	3.246808875182044	17.322025186327423
DNov_DS_nonquotes	81.7692292407654	10.25691974486856	12.414807161165974	4.045542154310807	4.967512468456296	3.111649810241024	1.4465396308144733	76.48776998430266	12.692987859399526	1.9234208277862779	2.3804319748842566	1.63331809962843	1.1604109126313908	13.261271285790928	2.5592624237486836	216.48816738530013	6.56506447831184	0.8981262542968983	4.943668408607706	2.0346931070796987	1.5657599300574245	0.2940767381326127	0.0	13.249349255866631	6.008703081844736	0.6159715460885807	0.8226200647763626	0.7749319450791822	1.8121485484928568	0.24241460846066723	2.905001291553242	0.2821547082083176	2.1499393963478846	1.4942277505116537	0.09935024936912591	0.9696584338426689	2.984481491048543	10.078089296004134	117.54326703360026	48.725336300594115	4.260138692948119	70.01013372543565	0.5481312056880085	4.435217622824473	1.9234208277862779	2.141991376398355	0.30599876805690784	3.059987680569078	5.1582649472450175	0.4172710473503288	6.5292983885389555	4.168736463528524	1.1524628926818608	3.5011027877679974	14.381942098674667	12.979116577582609	2.753988912512171	1.8956027579629224	1.4624356707135335	0.7987760049277723	0.6239195660381107	0.003974009974765037	3.139467880064379	10.419854153833926	12.478391320762215	2.8891052516541817	5.190057027043138
DNov_DS_quotes	22.784171754831505	12.04949478575674	73.74687055348427	2.953837286792385	5.18722645485492	73.7198537490319	39.51657931233227	29.727490499090436	16.498261918913563	4.854019199942364	5.214243259307289	5.088164838529566	2.287422776967274	7.852884494155365	1.6390194701104088	167.9184452729598	7.501666036274563	0.4592856756902794	11.50015309522523	3.5482069847445112	2.809747663046415	0.585364096468003	0.9275769528646819	17.659984510365447	0.7024369157616037	0.1801120296824625	0.38724086381729433	0.19812323265070872	1.1076889825471443	0.360224059364925	1.5759802597215469	0.5763584949838799	1.1347057869995136	0.6934313142774805	0.5673528934997568	0.9185713513805588	6.62812269231462	7.4476324273698244	79.37537148106122	29.034059184812953	8.339186974298014	91.55094468759569	0.5035624598900752	3.9053708439897696	1.0446497721582826	2.278417175483151	0.41425766826966376	4.574845553934548	7.672772464472902	1.1257001855153905	6.799229120512959	9.681021595432359	4.385727922767962	13.274256587597487	7.429621224401578	25.701986635687398	4.070531870823652	0.5493416905315106	20.81194502980854	1.1076889825471443	1.5489634552691773	0.0	3.2420165342843252	6.466021865600403	14.318906359755768	3.9714702544982976	16.46223951297707
DNov_ED_nonquotes	54.20710500919536	10.342504415593874	36.45368633806151	3.514266465157778	5.753928512900817	1.8572807225186183	0.9650576303283017	69.97578251606912	14.25736084051057	1.6751943771736557	2.5310002002949803	1.2199785138112493	1.1835612447422568	11.835612447422568	3.2775542162093263	225.89632003496058	7.88433875343688	1.0378921684662865	5.954223492780277	1.5295253008976857	1.8754893570531146	0.45521586336240644	0.0	11.999490158233034	4.9527485933829825	0.5462590360348878	0.9104317267248129	1.0014748993972944	1.074309437535279	0.20029497987945882	1.5295253008976857	0.2549208834829476	1.4566907627597008	1.0196835339317905	0.2549208834829476	1.2199785138112493	3.2775542162093263	10.579216664542326	120.37728290755476	52.968917860849615	3.8966477903821994	71.35963874069083	0.55882530676262	4.520496757885482	2.2942879513465284	2.112201606001566	0.5280504015003915	2.749503814708935	4.697827709900034	0.45521586336240644	6.7554034122981115	4.115151404796154	1.3656475900872194	3.295762850743823	13.72931043901018	10.925180720697755	3.077259236329868	1.7116116462426483	0.564467670569384	0.6373022087073691	0.6919281123108578	0.0	3.750978714106229	9.231777708989604	10.032957628507438	2.312496585881025	4.206194577468636
DNov_ED_quotes	23.330317184710573	11.10268763297547	70.96916191827052	2.44552591034702	4.89105182069404	76.86287936220684	41.50057469858893	27.389890195886625	20.54241764691497	4.524222934141988	3.252549460761537	4.768775525176689	2.1031522828984373	8.412609131593749	2.176518060208848	158.00542906752096	7.483309285661882	0.4646499229659338	11.004866596561591	2.2987943557261987	2.812354796899073	0.7825682913110464	1.0515761414492186	17.656697072705487	0.8314788095179868	0.122276295517351	0.5624709593798146	0.1711868137242914	1.0760314005526888	0.244552591034702	0.978210364138808	0.489105182069404	0.978210364138808	0.7092025140006358	1.100486659656159	0.7581130322075763	4.8421413024871	6.798562030764716	84.85974908904159	31.22936587513145	7.16539091731677	91.14475067863344	0.5107807751237015	3.9400179051029545	1.687412878139444	1.8830549509672054	0.4646499229659338	3.399281015382358	7.238756694627179	0.7581130322075763	6.187180553177961	9.977745714215843	4.964417598004451	12.692279474701035	8.216967058765988	24.259617030642442	4.084028270279523	0.8803893277249273	12.374361106355922	1.320583991587391	1.1983076960700398	0.0	3.0079968697268344	6.2605463304883715	17.46105499987772	3.766109901934411	16.556210413049325
DNov_GE_nonquotes	100.90753886243148	14.511636265612363	3.8562913708928623	3.466918261598826	5.361368197202505	65.71420013777818	0.46425255338904364	49.240722436876624	13.822745379938299	2.1864797675742054	2.927786264114775	2.396142211040225	0.7712582741785725	10.026357564321442	2.3287507113547186	181.13337526582202	7.330697576901189	0.8386497738640788	5.383832030431005	1.969329379698685	2.897834486476772	0.4942043310270464	0.0	15.028304429867912	4.395423368376913	0.2695659987420253	0.5765717195315543	0.6364752748075598	1.235510827567616	0.38937310929403657	1.7072513253661605	0.33695749842753164	1.4826129930811394	1.183095216701111	0.32946955401803096	0.9135292179590858	3.639140983017342	12.45993949740917	115.32183185072034	40.08296642405727	4.268128313415401	74.28789648665648	0.530355408355188	4.166420675321546	1.819570491508671	1.6548357144996555	0.48671638661754574	2.7930032647437626	5.039386587593973	0.4567646089795429	6.282385359571091	4.6200617006619344	2.5084613771827358	3.5492856501033336	14.384341210650852	17.978554527211188	2.9727139305717794	1.6473477700901549	0.9285051067780873	1.2205349387486149	0.7712582741785725	0.0	3.661604816245844	7.622727408871716	17.057537364842606	2.485997543954234	5.893012250277054
DNov_GE_quotes	31.202407716295596	11.694103995938793	70.74479657698166	2.1212560736819204	6.363768221045762	63.311335122198855	48.82515048226847	35.48118065124375	20.34230183479585	5.892377982449778	3.5535571832620203	6.980201609978969	2.2662992240191455	5.856117194865472	2.1212560736819204	154.48908550293714	8.339981144390457	0.4713902385959823	11.712234389730945	3.1546885198346506	2.066864892305461	0.5076510261802887	1.3779099282036404	17.1876133149612	0.8339981144390457	0.19943433171368483	0.39886866342736965	0.2900863006744507	0.7977373268547393	0.32634708825875697	1.105954021321343	0.5801726013489014	0.4713902385959823	0.8521285082311987	0.8339981144390457	0.5620422075567482	5.566030894191022	7.687286967872942	78.43208354485459	26.50663572412793	6.817028065849589	90.1261875407934	0.48904480998832456	3.811255864376367	1.3235187468271812	1.6861266226702445	0.2900863006744507	2.9008630067445065	6.309377039669301	1.5954746537094786	7.288418304445573	9.155848865037349	4.7864239611284365	12.618754079338602	8.213068387845384	25.83581115381826	2.52012473710929	0.4895206323881355	25.001813039379215	1.3779099282036404	1.3235187468271812	0.0	3.190949307418957	5.674813256943941	18.22104576111393	3.335992457756183	17.91282906664733
DNov_HT_nonquotes	91.47644119972412	11.16961326896227	6.610930745033391	3.66713206721954	4.693256177771797	5.803488821975878	1.7662792066883104	79.01155651252375	13.541473917943714	1.6485272595757565	2.691473076858378	1.715814086497216	1.0093024038218918	11.707907884333945	2.1531784614867027	212.9459854996888	8.091240937305498	0.7569768028664189	6.543643918111932	1.7831009134186755	1.2616280047773647	0.3196124278769324	0.0	13.507830504482985	5.113798846030918	0.723333389405689	0.6896899759449594	0.5887597355627702	1.2279845913166352	0.06728682692145946	2.1531784614867027	0.33643413460729726	1.83356603360977	1.1606977643951755	0.26914730768583783	1.1270543509344457	2.943798677813851	9.941628677645634	117.9201641798577	49.32124413342977	3.9699227883661075	70.97078069540935	0.5509199682637062	4.419170606877151	1.6989923797668511	2.1363567547563376	0.40372096152875675	3.061550624926405	6.207209783504634	0.3868992547983919	6.896899759449594	3.919457668175013	1.21116288458627	3.549380120106986	14.836745336181808	13.659225865056268	3.1120157451174997	1.715814086497216	2.8092250239709324	0.4710077884502161	0.5214729086413108	0.0	3.196124278769324	8.68000067286827	11.960233485289416	2.8260467307012966	5.53434151429004
DNov_HT_quotes	26.156809525894147	14.030556406776693	73.12962395482205	2.2326314407039356	5.034365013352011	71.31287484130806	42.31055465569321	32.41693297727969	16.810401435888455	4.706036860307315	4.268265989581054	5.45024734054196	2.363962701921814	7.770432955391148	1.7291949393687343	153.6356870813816	7.901764216609026	0.5691021319441404	9.455850807687256	2.320185614849188	2.2107428971676226	0.4815479577988881	1.5103095040056036	20.115571509871735	0.8317646543798976	0.08755417414525238	0.5909906754804535	0.3502166965810095	1.2695355251061595	0.30643960950838334	1.5540865910782296	0.459659414262575	0.9849844591340892	0.6128792190167667	0.91931882852515	1.0068730026704023	6.08501510309504	8.886748675743116	84.22711552773278	27.185571072100863	7.376439171737513	89.74302849888369	0.5092010566414203	3.9076200534819443	1.7073063958324213	2.320185614849188	0.43777087072626186	3.8961607494637307	7.288884997592261	1.2914240686424725	7.442104802346452	9.587182068905134	4.2463774460447405	12.585912533380029	7.485881889419078	26.87913146259248	3.742940944709539	0.91931882852515	20.02801733572648	1.0068730026704023	1.4446438733966642	0.021888543536313095	3.8086065753184783	5.012476469815699	15.365757562491792	3.3051700739832772	17.423280654905223
DNov_LD_nonquotes	87.24507118766834	12.788881595328098	5.432445279431405	3.245886054460264	4.504402544195206	6.663799542769189	2.3585866588198012	76.76045179836574	14.477466669684691	1.9918966024581815	2.8339256207700494	2.2454107154983136	1.1815568482763303	13.028814595169651	2.7750741302428756	211.25874284162157	7.356436315896693	0.9235156975033387	5.898730165915932	2.0598021684510743	2.09601847031395	0.4708119242173883	0.0	15.346657914393717	4.753389619502478	0.5387174902102808	0.746961225921818	0.674528622196066	1.2811516783992394	0.25804115077299167	2.7569659793114374	0.40290635822449583	1.9918966024581815	1.2766246406663802	0.33500079223160323	1.0412186785576858	3.073858620611603	9.973064125489485	119.7808913737296	50.290862174336226	4.400280676339437	68.62536499241722	0.542996337447459	4.424307405131007	2.0009506779239006	1.8108150931438014	0.3123656035673057	2.5713574322641977	5.468661581294279	0.3802711695601983	7.351909278163833	4.368591412209421	1.466760225446479	3.983793204916363	13.911586953077254	13.110301274361122	2.8384526585029084	1.5980443196994045	0.9823671880305123	0.6337852826003305	0.7831775277846941	0.0	3.6442653749519	8.284479051132891	10.837728332465652	2.4536544512098506	5.808189411258743
DNov_LD_quotes	24.49723693955449	12.99737122673373	71.57099722473163	2.400891992414809	4.565764094049857	73.62192868943852	39.02466814789494	29.75478347209675	21.274344637872243	5.005249407915619	4.972694940221858	5.420318871011061	2.0265156139365677	8.333943729602591	1.603307533917686	151.63057190061122	7.422418634177308	0.4476239307892017	11.662638051289564	2.116040400094408	2.5962187985773695	0.6185348861814424	0.8057230754205631	20.110522417820317	0.8871092446549633	0.1871881892391207	0.32554467693760125	0.31740606001416116	1.041742966200324	0.4313466969423216	1.635862001611446	0.5778418015642423	0.9847726477362436	0.6266735031048823	0.8952478615784034	0.8545547769612033	5.648200144867381	6.689943111067705	82.50115975291159	29.80361517363739	7.959567351124349	95.02649119808581	0.4982300492364793	3.926805168061645	1.6846937031520863	2.148594867788168	0.4476239307892017	4.248358034035696	8.040953520358752	1.1556836031284845	7.235230444938187	9.416379780420115	4.793645367906178	12.452083892863246	8.423468515760431	27.2643666935241	4.443684840198256	0.6755052046455226	15.878441617631498	1.2614856231332046	1.5137827477598458	0.0	3.637961764777694	5.786556632565862	14.893668969895257	3.735625167858974	18.29561084389319
DNov_MC_nonquotes	91.89049388865473	10.934326985708264	5.4504003984827	3.434039618376183	4.822981723437679	1.4368366604084448	1.202153339208399	73.18288057013679	13.209318364688302	2.164833901682057	2.5432008889229474	1.7864669144411662	0.9004176405226254	13.3961071305414	2.437832867159661	218.63385570328364	7.308709145944289	0.8189968964328135	5.6419786198704935	1.9109927583432316	1.7098356258860492	0.41668263151844903	0.0	13.683474462623089	6.393923138817579	0.4118931759837542	0.7232077857389172	0.622629219510326	0.8381547185715927	0.13410475497145483	2.9263573316985325	0.37836698724089046	1.9349400360167057	2.025939691175907	0.29694624315107854	1.1829955170696196	2.7730947545882985	10.527223265259206	117.3320816889536	51.96559255143875	4.0231426491436455	69.83026169585041	0.5546169221404591	4.453404050144648	1.6475727039350168	1.978045135828959	0.4502088202613127	3.750143683666041	5.646768075405188	0.39273535384497493	7.835549254760719	4.617035135445803	1.1351009617226713	3.089198819878156	17.749722211578987	12.045480669757461	3.0269358979271237	1.6284148817962374	1.2069427947430935	1.0441013065634699	0.5555768420245986	0.0	3.568144373347638	8.448599563201654	10.843327330549064	2.567148166596421	5.244453810490823
DNov_MC_quotes	24.230243348450774	11.55101949327934	74.67816289477813	2.062148370080917	4.707077801271658	71.80161534955657	40.002689758743585	32.56102390149506	18.753595684431527	6.634738234173385	3.6760036162312	5.245029549988419	1.9799612973603007	8.15146330347203	2.009847505622343	156.51407266831538	6.761754619287064	0.41840691566859184	13.112573874971048	2.9363199617456535	2.166750098998065	0.5080655404547186	0.31380518675144387	17.08743957382267	0.8816431437302471	0.10460172891714796	0.29886208262042274	0.21667500989980648	0.7994560710096308	0.1867888016377642	1.800644047788047	0.5977241652408455	0.7994560710096308	0.9488871123198421	0.5753095090443138	0.7396836544855463	6.283575287094388	7.725584835737928	81.73877959668562	32.37423509985729	8.457796938157962	91.60869987522507	0.5156814060619375	3.886449478826109	1.2925785073333282	2.166750098998065	0.6350819255683983	4.878923498778401	7.419251201051995	1.2552207470057755	6.754283067221554	9.20495214470902	4.460516583109809	13.41143595759147	7.665812419213843	25.48546409545655	3.3024260129556713	0.4557646759961447	23.826779536913204	1.3971802362504762	1.2552207470057755	0.0	3.0558647947938224	4.946167467367997	14.053989435225379	3.5041579187244567	19.381206057934417
DNov_NN_nonquotes	92.22321828776333	11.114054032028035	4.854121673933417	3.137606454504706	4.07481357727884	1.5331486084511634	0.6265025875066216	61.28010268530215	9.249826820422966	2.2768020863045515	2.3022696711625446	1.4312782690191923	1.3345014465588199	15.642190619779145	2.7759667495212095	228.5308259647121	8.134346603642882	0.9524876736889287	3.9169145511592847	2.3328307729921356	2.251334501446559	0.3922008068130883	0.0	14.694796463061815	7.726865245915	0.7029053420805998	0.8404303003137606	0.5399127989894462	0.611222036591826	0.14771199217635794	4.777718919359439	0.723279409966994	2.5722260706572673	2.0577808565258136	0.17317957703435066	1.01870339431971	2.368485391793325	10.655637504584165	112.37826494437878	55.02017032720753	3.4483109897722177	68.71154394686444	0.5621388291124451	4.646469098848831	1.9864716189234344	2.567132553685669	0.24448881463673036	4.405892180432745	6.010350026486289	0.3208915692107086	6.713255368566888	4.0238784075628535	1.3599690314168127	2.8065278513508005	20.75608165926409	11.022370726539261	3.4279369218858236	1.7317957703435067	1.0594515300924983	1.6808606006275213	0.5959414856770303	0.0	3.809950694755715	9.871235890957989	10.28381076565747	2.607880689458457	4.752251334501446
DNov_NN_quotes	26.799609410759512	10.77934759390925	69.91699978639652	2.4182966647340636	4.836593329468127	63.71486985444448	36.25919257880443	36.41939519697293	18.018980195904913	6.98788563058802	4.80607854505508	5.6757499008269505	2.273351438772085	7.346434347441335	1.9682035946416037	158.70739373226328	6.690366482560801	0.34329132464679135	9.657929266729731	2.753959293277593	2.1741783894296787	0.34329132464679135	0.48823655060876997	15.982118336333954	0.9001861401849196	0.1296878337554545	0.35092002075005335	0.19071740258155076	1.3731652985871654	0.4195782856794117	1.9453175063318178	0.6484391687772726	0.8544139635653475	0.7857556986359892	0.8086417869457753	0.6942113453968447	6.553049952702084	7.727869152604437	77.08797412346281	34.88602728021726	6.720881266973849	89.19471483933967	0.5247604708028412	3.9269120436411518	0.9230722284947057	2.547984498489518	0.40432089347288763	5.4850324982454	6.980256934484758	1.2129626804186628	7.766012633120747	8.498367459033902	5.584205547587806	14.95224436239358	7.3693204357511215	25.258612797900582	3.0285923529950263	0.6255530804674865	22.230020444905556	1.4418235635165237	1.4875957401360957	0.0	2.9523053919624056	6.598822129321657	15.989747032437215	3.226938451679839	17.935064538769034
DNov_OCS_nonquotes	87.42244782853919	10.799620571194176	6.172127365020765	3.8519714915654	4.4544429062195565	2.8328975029482644	0.525560170230221	71.06598984771574	11.408501256216992	2.2945187919807206	2.4227041993539458	1.326718966312875	1.0383017997231194	12.940316874327026	2.480387632671897	205.03896836384146	7.1206993795826286	0.9101163923498948	4.595446854330103	1.7625493513818387	2.2688817105060757	0.4101933035943188	0.0	15.279700558888377	6.582320668615085	0.6537455776034456	0.7242475516587191	0.9037071219812336	0.9870276367738298	0.16023175921653077	4.140388658155155	0.6024714146541558	2.384248577141978	1.999692355022304	0.22432446290314312	0.9870276367738298	2.4227041993539458	10.632979541608984	112.97620878839153	55.58760190739886	4.108342306311849	70.00846023688663	0.5613005471364276	4.453168390193615	2.0701943290775775	1.8843254883864022	0.4742860072809312	3.858380761934061	4.749269343177972	0.42942111470030253	7.056606675896016	3.704558273086192	1.3074911552068913	3.262318617648567	13.363328718658668	11.812285289442649	2.6983028252063788	1.858688406911757	0.8716607701379275	0.8716607701379275	0.5191508998615597	0.0	3.8199251397220944	11.799466748705326	11.703327693175408	3.0251756140081016	4.653130287648054
DNov_OCS_quotes	25.464797317890888	11.947576958244438	74.99238037183785	2.804023163669613	6.476683937823834	64.41633648277964	41.267906126181046	36.34562633343493	18.71380676622981	6.491923194148126	4.480341359341664	6.110941786040841	2.9868942395611096	5.729960377933557	1.6610789393477599	149.86284669308137	6.248095092959463	0.30478512648582745	12.176165803108807	3.1850045717768976	2.682109113075282	0.4266991770801585	1.0057909174032307	16.458396830234683	0.8076805851874429	0.0609570252971655	0.30478512648582745	0.25906735751295334	1.6763181956720512	0.33526363913441026	1.6610789393477599	0.5486132276744895	0.7314843035659859	0.5790917403230723	0.5943309966473636	0.6400487656202377	7.375800060957025	7.208168241389821	72.00548613227674	30.737580006095705	8.473026516306005	96.32733922584579	0.5147162052634817	3.8345782732972222	0.9448338921060652	2.3163669612922893	0.41145992075586707	4.7698872295032	6.491923194148126	1.0210301737275223	7.162450472416945	8.183480646144467	4.891801280097531	15.925022858884486	6.461444681499543	26.16580310880829	2.7278268820481557	0.5790917403230723	30.26516306004267	1.1734227369704358	1.3105760438890581	0.0	3.047851264858275	7.116732703444072	16.245047241694603	3.2612008533983543	16.961292288936303
DNov_OMF_nonquotes	81.15635643697254	9.194476602741565	14.462844583144578	2.8970431144891307	4.792984457755183	3.109567512849337	1.6051184823520859	71.0111127889353	13.131770719730653	1.7337516708332634	2.1476149729031393	1.7896791440859492	0.8892468247177061	11.420390038198464	3.741547960604688	231.46703355089122	7.22582954424702	0.973138034596735	4.5636818174191705	1.7337516708332634	1.8288283753628296	0.3803068181182642	0.0	13.014323025900012	6.778409758225533	0.46979077532256175	0.8333193514650202	1.0011017712230779	0.9507670452956606	0.1845606617338635	2.2035424461558253	0.3187865975403097	1.8400138700133666	0.9619525399461978	0.2684518716128924	0.973138034596735	3.05923278692192	11.017712230779125	117.6825892183017	49.825785920817886	3.6017292774729732	66.97874196741665	0.542437768882469	4.4974904377510265	1.9015340905913212	1.5771547457257427	0.40267780741933856	2.70129695810473	4.440641376263262	0.40267780741933856	6.75044602159919	3.8142536758331795	1.258368148185433	3.2493861959810517	18.841965738829884	11.739176635738774	3.9261086223385515	1.8120501333870238	1.1017712230779126	0.9060250666935119	0.5424964905510534	0.0	3.0200835556450394	7.572579878413673	11.263793113090944	2.0916874996504533	4.7090932478761545
DNov_OMF_quotes	25.137348398465843	11.38955115579973	71.60904944542344	2.312895200580491	4.684098683528558	75.08811029335546	43.93205141494765	28.48683528558101	21.470405307349434	4.943246605162227	4.068622369648596	5.8373069347983835	2.1962786358453408	6.873898621333057	2.1574064476002905	156.08479319995854	7.56711931170312	0.6219550119208044	10.92956359489997	2.4359904633564837	2.429511765315642	0.4211153726547113	1.4317922670260184	18.665129055664977	0.9264538198403649	0.18140354514356793	0.4146366746138696	0.291541411837877	1.146729553228983	0.39520058049134443	1.107857364983933	0.5247745413081787	0.6413911060433296	0.6478698040841713	1.256867419923292	0.6413911060433296	5.8373069347983835	8.085415154970457	82.68762309526277	28.130506893334715	6.899813413496424	88.66098268891884	0.4921659915645715	3.859365625374985	1.4317922670260184	1.7945993573131545	0.3757644863688193	3.3041360008292733	7.107131750803359	1.3475691924950761	6.413911060433295	9.711568363221728	4.748885663936975	13.080491344459418	8.610189696278637	26.212812273245568	3.589198714626309	0.7515289727376386	23.206696382295014	1.3605265885767595	1.3670052866176012	0.006478698040841713	2.947807608582979	4.457344252099098	17.084326733699594	3.3235720949517984	19.442572820565978
DNov_OT_nonquotes	97.9548812739405	10.58793634062097	5.7504258703283675	4.14105954655398	3.9622410661346033	1.7034813134687963	0.6305704309525377	64.45935644170046	9.27032648489925	2.1646447629713985	1.7034813134687963	1.1482028742717854	1.4587823402633338	12.771404101531251	2.5034587258712695	223.81485699227315	8.244473097230197	1.035264886638495	4.630457492964904	2.061118274307549	1.8258308000715273	0.3858714577470754	0.0	13.383151534544908	8.95033551993826	0.6964509237386238	0.7717429154941507	0.5552784391970109	1.025853387669054	0.11293798763329035	4.385758519759442	0.6399819299219787	2.597573715565678	2.4940472269018286	0.18822997938881728	0.8564464062191185	2.315228746482452	10.813812315887551	112.49564718172664	52.65733673402163	3.6798960970513774	65.78637779639163	0.5580128266055954	4.50807688665846	1.5905433258355057	2.315228746482452	0.14117248454161296	3.632838602204173	5.0822094434980665	0.3482254618693119	5.882186855900539	3.303436138273743	1.0540878845773767	2.5787507176267965	19.058285413117748	10.390294862262712	3.143440655793248	1.7505388083160005	0.8564464062191185	2.061118274307549	0.6399819299219787	0.0	3.849303078501313	9.750312932340735	10.371471864323832	2.597573715565678	3.839891579531872
DNov_OT_quotes	27.33741336086123	12.516590473381507	68.20527945730718	3.115322223860787	5.364253060020646	59.87317504792804	38.39772894853267	39.81713611561717	19.466155434301726	7.189205131986433	5.198348326205574	6.304379884972718	2.562306444477216	5.382686919333431	1.2166347146438579	153.97802683969917	6.838961805043504	0.5898834980091432	10.765373838666862	2.636041881728359	1.6590473381507151	0.4055449048812859	0.31337560831735733	15.834685149682937	0.6636189352602861	0.11060315587671435	0.5161480607580003	0.1474708745022858	1.6959150567762866	0.42397876419407166	1.8249520719657868	0.8295236690753576	0.737354372511429	0.7926559504497861	0.5898834980091432	0.4424126235068574	7.004866538858575	7.852824067246718	74.69399793540776	30.91358206754166	6.359681462911075	91.91122253354962	0.5195182567499849	3.789526994744386	0.5530157793835717	2.80194661554343	0.2949417490045716	3.3733962542397875	5.60389323108686	1.0507299808287862	7.281374428550361	8.885120188762718	4.313523079191859	16.369267069753725	5.99100427665536	24.332694292877157	2.41483556997493	0.4608464828196431	29.27296858870373	1.3272378705205723	1.5853119008995722	0.0	2.838814334169002	5.659194809025218	14.599616575726294	2.8941159121073587	19.61362630880401
DNov_PP_nonquotes	90.99418060472875	9.120782973181948	10.723151426362266	3.5964269726936067	3.5455581329101045	4.761323403735807	2.207707646603996	50.3092825458837	8.077971757620151	1.8160175802710292	2.0805355471452405	1.5260651935050666	1.3581980222195091	14.716355349367191	2.6960485085256174	252.5027469173483	8.70874537093558	1.0885931713669474	4.939364342978065	1.902494607902983	1.5209783095267164	0.19330159117730844	0.0	12.254303503845685	5.605746144141944	0.5544703536401742	0.8393358564277866	0.4679933260082204	0.6918162210556301	0.09665079558865422	4.1356366743987305	0.5086883978350222	2.365401049932853	1.9228421438163839	0.15769340332885687	0.38151629837626666	2.0296667073617383	9.17165181296545	110.87881007609978	57.14096772880804	2.904610751637976	62.121027143612906	0.5439061526339489	4.5660101965298905	1.4751963537215644	1.856712652097831	0.27469173483091197	4.176331746225532	5.036015138566719	0.4171244862247182	6.002523094453262	3.1080861107719855	1.2208521548040532	2.706222276482318	25.65315590282017	9.19199934887885	2.456964961543157	1.1343751271720994	3.230171326252391	1.490457005656615	0.6511211492288284	0.0	3.860944939567818	7.859235746551093	9.990640133479834	1.8974077239246327	4.033898994831726
DNov_PP_quotes	32.900417162748006	9.579292731916132	61.58376428032609	3.0991829426787483	4.580610566305247	55.05821192594679	30.24657135846004	35.4815548628089	16.95916531096347	5.480373356115206	3.9535031673467906	4.553345027220097	2.008561379272737	8.315989420970835	2.035826918357887	194.62141798980267	6.298339528669714	0.47260267747593815	9.670177862199965	2.426632978578375	1.6541093711657837	0.2635668778231193	0.0	14.941515418662352	1.3269229021439803	0.2635668778231193	0.4635141644475547	0.3090094429650365	0.8724972507248089	0.11815066936898454	1.8722336838469857	0.8361431986112753	1.0088249461505603	0.7997891464977416	0.38171754719210393	0.42716011233402107	4.56243354024848	6.570994919521217	81.49669632551418	39.2623762826164	5.743940233938326	83.11445164456643	0.53824360255713	4.021454671839334	1.0360904852357105	2.1085350225849546	0.3635405211353371	5.816648338165393	5.662143616682875	1.1996837197466124	8.48867116851012	6.652791536776668	3.844441011006189	12.17860745803379	8.125130647374784	21.657926546637704	3.4081923856437846	0.7089040162139073	26.138563469630732	1.2633033109452962	1.045178998264094	0.009088513028383427	2.790173499713712	5.189540939206936	11.706004780557853	2.9446782211962303	15.314144452826074
DNov_TTC_nonquotes	89.65023684838296	12.404721064170575	3.578284922356897	3.941793231929661	4.3393804455248715	1.1586827367631858	0.24991196283127534	70.74780475059922	14.165464438663653	1.499471776987652	2.3173654735263716	1.3063579875271212	1.033726755347548	11.541388828935261	2.908066476582113	219.39998409651145	8.951392123229317	0.7270166191455283	6.350035782849224	2.090172780043394	1.0110074859992504	0.24991196283127534	0.0	11.598187002306005	4.907362179232316	0.658858811100635	1.2495598141563768	0.749735888493826	2.090172780043394	0.283990866853722	2.8739875725596664	0.19311378946053095	1.692585566448183	1.2722790835046744	0.2044734241346798	0.8633322352353148	2.2037691267848825	10.098715225318355	124.16080698844725	50.92524224420943	3.680521634424237	64.78399654667106	0.5423717750257929	4.4161672887488725	1.7493837398189274	1.806181913189672	0.2953505015278709	2.2151287614590314	4.509774965637106	0.4430257522918063	6.4522724949165635	3.3510922288739193	0.9314900432802081	2.362804012222967	10.269109745430587	9.74656655041974	2.8399086685372197	1.0678056593699945	0.04543853869659552	0.5339028296849972	0.5907010030557418	0.0	3.0216628233236023	10.95068782587952	10.916608921857073	2.7149526871215826	4.577932773681998
DNov_TTC_quotes	28.393504335115434	12.154342123705973	67.49964958651208	2.4829298572315333	4.9658597144630665	70.24288660619531	36.04253018561903	33.859954746600984	21.805730762299515	4.7055525520113735	3.464087623395607	4.525339901083278	2.0424100438517447	8.069522036002484	1.9222682765663484	163.0724254620452	8.490018221501371	0.5406379527842855	12.094271240063275	2.98352055425402	2.783284275445025	0.6607797200696823	0.4204961854988887	16.159067699885863	1.3415830680202638	0.3604253018561903	0.3203780460943914	0.3203780460943914	1.3816303237820629	0.520614324903386	1.6219138583528565	0.3203780460943914	0.9210868825213752	0.6808033479505816	0.4605434412606876	0.74087423159328	5.446426783604653	7.1284115256002085	92.6493262049218	30.716245169299775	8.009451152359786	79.53384994293266	0.49433826083403065	3.93774066718009	1.3616066959011632	1.5418193468292585	0.24028353457079354	2.3227408341843376	6.0471356200316375	1.1413467892112694	9.190845197332854	8.870467151238461	3.5041348791574056	11.793916821849782	7.108387897719308	26.090787128811996	3.8445365531326967	0.520614324903386	8.14961654752608	1.041228649806772	1.1413467892112694	0.0	3.003544182134919	5.846899341222643	12.67495644860936	4.44524538955968	14.336917562724015
